id,name,slug,price,regular_price,sale_price,on_sale,currency,currency_symbol,in_stock,main_category,categories,primary_image,images,sku,average_rating,review_count,permalink,short_description,description
12714,Kashmiri Basaar Mix 1 Kg,kashmiri-basaar-mix-1-kg,90.0,90.0,,False,DKK,kr.,True,Herbs and Spices,Herbs and Spices,https://www.sabziwala.dk/wp-content/uploads/2024/04/42856.jpg,https://www.sabziwala.dk/wp-content/uploads/2024/04/42856.jpg,,0.0,0,https://www.sabziwala.dk/product/kashmiri-basaar-mix-1-kg/,,Curry Spice Mix
12712,Gari Yellow 1Kg,gari-yellow-1kg,35.0,35.0,,False,DKK,kr.,True,Other Flour,Other Flour,https://www.sabziwala.dk/wp-content/uploads/2024/04/42835.jpg,https://www.sabziwala.dk/wp-content/uploads/2024/04/42835.jpg,,0.0,0,https://www.sabziwala.dk/product/gari-yellow-1kg/,,
12707,Bourn Vita 500g,bourn-vita-500g,90.0,90.0,,False,DKK,kr.,True,Beauty & Health,Beauty & Health,https://www.sabziwala.dk/wp-content/uploads/2024/04/42831.jpg,https://www.sabziwala.dk/wp-content/uploads/2024/04/42831.jpg,,0.0,0,https://www.sabziwala.dk/product/bourn-vita-500g/,,
12705,Horlicks 270g,horlicks-270g,48.0,48.0,,False,DKK,kr.,True,Beauty & Health,Beauty & Health,https://www.sabziwala.dk/wp-content/uploads/2024/04/42830.jpg,https://www.sabziwala.dk/wp-content/uploads/2024/04/42830.jpg,,0.0,0,https://www.sabziwala.dk/product/horlicks-270g/,,
12703,Cashew Nuts Roasted 200g,cashew-nuts-roasted-200g,38.0,38.0,,False,DKK,kr.,True,Dry fruits and Nuts,Dry fruits and Nuts,https://www.sabziwala.dk/wp-content/uploads/2024/04/42827.jpg,https://www.sabziwala.dk/wp-content/uploads/2024/04/42827.jpg,,0.0,0,https://www.sabziwala.dk/product/cashew-nuts-roasted-200g/,,Cashewnødder Ristede
12701,Pistachios 250g,pistachios-250g,50.0,50.0,,False,DKK,kr.,True,Dry fruits and Nuts,Dry fruits and Nuts,https://www.sabziwala.dk/wp-content/uploads/2024/04/42826.jpg,https://www.sabziwala.dk/wp-content/uploads/2024/04/42826.jpg,,0.0,0,https://www.sabziwala.dk/product/pistachios-250g/,,Pistacienødder
12699,Almond Natural 1 Kg,almond-natural-1-kg,78.0,78.0,,False,DKK,kr.,True,Dry fruits and Nuts,Dry fruits and Nuts,https://www.sabziwala.dk/wp-content/uploads/2024/04/42825.jpg,https://www.sabziwala.dk/wp-content/uploads/2024/04/42825.jpg,,0.0,0,https://www.sabziwala.dk/product/almond-natural-1-kg/,,Mandler Natural
12696,Pistachio Kernels 250g,pistachio-kernels-250g,75.0,75.0,,False,DKK,kr.,True,Dry fruits and Nuts,Dry fruits and Nuts,https://www.sabziwala.dk/wp-content/uploads/2024/04/42824.jpg,https://www.sabziwala.dk/wp-content/uploads/2024/04/42824.jpg,,0.0,0,https://www.sabziwala.dk/product/pistachio-kernels-250g/,,Pistaciekerner
12694,Pink Peanut 375g,pink-peanut-375g,35.0,35.0,,False,DKK,kr.,True,Dry fruits and Nuts,Dry fruits and Nuts,https://www.sabziwala.dk/wp-content/uploads/2024/04/42820.jpg,https://www.sabziwala.dk/wp-content/uploads/2024/04/42820.jpg,,0.0,0,https://www.sabziwala.dk/product/pink-peanut-375g/,,
12691,Pink Peanut 1 Kg,pink-peanut-1-kg,55.0,55.0,,False,DKK,kr.,True,Dry fruits and Nuts,Dry fruits and Nuts,https://www.sabziwala.dk/wp-content/uploads/2024/04/42816.jpg,https://www.sabziwala.dk/wp-content/uploads/2024/04/42816.jpg,,0.0,0,https://www.sabziwala.dk/product/pink-peanut-1-kg/,,
12682,Kashmiri Chilli Pwd 400g,kashmiri-chilli-pwd-400g,75.0,75.0,,False,DKK,kr.,True,Herbs and Spices,Herbs and Spices,https://www.sabziwala.dk/wp-content/uploads/2024/04/42685.jpg,https://www.sabziwala.dk/wp-content/uploads/2024/04/42685.jpg,,0.0,0,https://www.sabziwala.dk/product/kashmiri-chilli-pwd-400g/,,
12680,Alu Bukhara 100g,alu-bukhara-100g,25.0,25.0,,False,DKK,kr.,True,Dry fruits and Nuts,Dry fruits and Nuts,https://www.sabziwala.dk/wp-content/uploads/2024/04/42687-1.jpg,https://www.sabziwala.dk/wp-content/uploads/2024/04/42687-1.jpg,,0.0,0,https://www.sabziwala.dk/product/alu-bukhara-100g/,,
12676,Whole Long Chilli 200g,whole-long-chilli-200g,52.0,52.0,,False,DKK,kr.,True,Herbs and Spices,Herbs and Spices,https://www.sabziwala.dk/wp-content/uploads/2024/04/42686-1.jpg,https://www.sabziwala.dk/wp-content/uploads/2024/04/42686-1.jpg,,0.0,0,https://www.sabziwala.dk/product/whole-long-chilli-200g/,,
12668,Dry Dates 250g,dry-dates-250g,25.0,25.0,,False,DKK,kr.,True,Dry fruits and Nuts,Dry fruits and Nuts,https://www.sabziwala.dk/wp-content/uploads/2024/02/42366.jpg,https://www.sabziwala.dk/wp-content/uploads/2024/02/42366.jpg,,0.0,0,https://www.sabziwala.dk/product/dry-dates-250g/,,Tørret Dadler
12664,Kamarkas,kamarkas,20.0,20.0,,False,DKK,kr.,True,Herbs and Spices,Herbs and Spices,https://www.sabziwala.dk/wp-content/uploads/2024/01/42276.jpg,https://www.sabziwala.dk/wp-content/uploads/2024/01/42276.jpg,,0.0,0,https://www.sabziwala.dk/product/kamarkas/,,Butea Frondosa
12657,Typhoo Tea 440 bags,typhoo-tea-440-bags,128.0,128.0,,False,DKK,kr.,True,Tea & Coffe,Tea & Coffe,https://www.sabziwala.dk/wp-content/uploads/2024/01/Typhoo-Tea-Bags-–-440-bags.jpg,https://www.sabziwala.dk/wp-content/uploads/2024/01/Typhoo-Tea-Bags-–-440-bags.jpg,,0.0,0,https://www.sabziwala.dk/product/typhoo-tea-440-bags/,,
12655,Typhoo Tea 240 bags,typhoo-tea-240-bags,85.0,85.0,,False,DKK,kr.,True,Tea & Coffe,Tea & Coffe,https://www.sabziwala.dk/wp-content/uploads/2024/01/Typhoo-Tea-Bags-–-240-bags.jpg,https://www.sabziwala.dk/wp-content/uploads/2024/01/Typhoo-Tea-Bags-–-240-bags.jpg,,0.0,0,https://www.sabziwala.dk/product/typhoo-tea-240-bags/,,
12653,Tiger Balm(White)- 50 Gr,tiger-balmwhite-50-gr,30.0,30.0,,False,DKK,kr.,True,Beauty & Health,Beauty & Health,https://www.sabziwala.dk/wp-content/uploads/2024/01/Tiger-balm-White-30g-tiger-balm.jpg,https://www.sabziwala.dk/wp-content/uploads/2024/01/Tiger-balm-White-30g-tiger-balm.jpg,,0.0,0,https://www.sabziwala.dk/product/tiger-balmwhite-50-gr/,,White Ointment
12651,Tiger Balm(Red)- 50 Gr,tiger-balmred-50-gr,30.0,30.0,,False,DKK,kr.,True,Beauty & Health,Beauty & Health,https://www.sabziwala.dk/wp-content/uploads/2024/01/Tiger-balm-rod-30g-tiger-balm.jpg,https://www.sabziwala.dk/wp-content/uploads/2024/01/Tiger-balm-rod-30g-tiger-balm.jpg,,0.0,0,https://www.sabziwala.dk/product/tiger-balmred-50-gr/,,Red Ointment
12649,Suji Rusk 235g,suji-rusk-235g,48.0,48.0,,False,DKK,kr.,True,Bakery & Dairy,Bakery & Dairy,https://www.sabziwala.dk/wp-content/uploads/2024/01/Suji-Rusk.jpg,https://www.sabziwala.dk/wp-content/uploads/2024/01/Suji-Rusk.jpg,,0.0,0,https://www.sabziwala.dk/product/suji-rusk-235g/,,
12647,Sweetened Condensed Milk 397gr.,sweetened-condensed-milk-nestle-397gr,30.0,30.0,,False,DKK,kr.,True,Nestle,Nestle; Desserts & Sweets,https://www.sabziwala.dk/wp-content/uploads/2024/01/Nestle-sweetened-condensed-milk-397g.jpg,https://www.sabziwala.dk/wp-content/uploads/2024/01/Nestle-sweetened-condensed-milk-397g.jpg,,0.0,0,https://www.sabziwala.dk/product/sweetened-condensed-milk-nestle-397gr/,,
12645,Carnation Condensed Milk 410g/385ml,carnation-condensed-milk-410g-385ml,28.0,28.0,,False,DKK,kr.,True,Nestle,Nestle; Desserts & Sweets,https://www.sabziwala.dk/wp-content/uploads/2024/01/Nestle-carnation-condensed-milk-385ml.jpg,https://www.sabziwala.dk/wp-content/uploads/2024/01/Nestle-carnation-condensed-milk-385ml.jpg,,0.0,0,https://www.sabziwala.dk/product/carnation-condensed-milk-410g-385ml/,,
12638,Meat Curry Masala,product-34,22.0,22.0,,False,DKK,kr.,True,Ready Masala,Ready Masala,https://www.sabziwala.dk/wp-content/uploads/2023/12/42174.jpg,https://www.sabziwala.dk/wp-content/uploads/2023/12/42174.jpg,,0.0,0,https://www.sabziwala.dk/product/product-34/,,
12634,Whole Long Chilli 150g,whole-long-chilli-150g,40.0,40.0,,False,DKK,kr.,True,Herbs and Spices,Herbs and Spices,https://www.sabziwala.dk/wp-content/uploads/2023/12/Whole-Red-Chilli-150g.jpg,https://www.sabziwala.dk/wp-content/uploads/2023/12/Whole-Red-Chilli-150g.jpg,,0.0,0,https://www.sabziwala.dk/product/whole-long-chilli-150g/,,
12631,Whole Round Chilli 200g,product-33,60.0,60.0,,False,DKK,kr.,True,Herbs and Spices,Herbs and Spices,https://www.sabziwala.dk/wp-content/uploads/2023/12/42173.jpg,https://www.sabziwala.dk/wp-content/uploads/2023/12/42173.jpg,,0.0,0,https://www.sabziwala.dk/product/product-33/,,
12628,Biryani Masala Whole 200g,product-32,42.0,42.0,,False,DKK,kr.,True,Herbs and Spices,Herbs and Spices,https://www.sabziwala.dk/wp-content/uploads/2023/12/42172.jpg,https://www.sabziwala.dk/wp-content/uploads/2023/12/42172.jpg,,0.0,0,https://www.sabziwala.dk/product/product-32/,,
12626,Cardamom Seeds 50g,product-31,35.0,35.0,,False,DKK,kr.,True,Herbs and Spices,Herbs and Spices,https://www.sabziwala.dk/wp-content/uploads/2023/12/42171.jpg,https://www.sabziwala.dk/wp-content/uploads/2023/12/42171.jpg,,0.0,0,https://www.sabziwala.dk/product/product-31/,,
12612,Mokhtar Green Tea 500g,mokhtar-green-tea-500g,70.0,70.0,,False,DKK,kr.,True,Tea & Coffe,Tea & Coffe,https://www.sabziwala.dk/wp-content/uploads/2023/09/41715.jpg,https://www.sabziwala.dk/wp-content/uploads/2023/09/41715.jpg,,0.0,0,https://www.sabziwala.dk/product/mokhtar-green-tea-500g/,,"Mokhtar Green Tea is a blend of carefully-sourced quality Chinese teas, it offers the perfect balance between cleansing dried grass notes and soothing toasted flavours. With a slightly nuttier taste than many green teas, it brings a lovely rounded character to this blend. Infuse a bag of Green Tea Pure in hot water and watch the colour turn a pretty golden yellow, before breathing in the pure, energising bouquet. Use: Enjoy the pure green tea like in the Middle East by serving it strong, black and with lots of sugar. Alternatively, drink it well brewed with a splash of milk as a rich, soothing cuppa, similar to a warming spiced chai tea. Ingredients: Green Tea Leaves. Nutrition: Energy: 0 kcal, Total Fat: 0g, Saturated Fat: 0g, Trans Fat: 0g, Cholesterol: 0mg, Sodium: 0mg, Total Carbohydrates: 0g, Dietary Fiber: 0g, Sugars: 0g, Protein: 0g. Allergic This product does not contain any allergens such as gluten, dairy, nuts, and soy."
12609,Kaju Dhoda Burfi 400g,kaju-dhoda-burfi-400g,58.0,58.0,,False,DKK,kr.,True,Mithai Sweets & Mouth Freshner,Mithai Sweets & Mouth Freshner,https://www.sabziwala.dk/wp-content/uploads/2023/09/Bikano-Kaju-Dhoda-Durfi-400g.jpg,https://www.sabziwala.dk/wp-content/uploads/2023/09/Bikano-Kaju-Dhoda-Durfi-400g.jpg,,0.0,0,https://www.sabziwala.dk/product/kaju-dhoda-burfi-400g/,,
12605,Cardamom Powder 50g,cardamom-powder-50g-2,50.0,50.0,,False,DKK,kr.,True,Herbs and Spices,Herbs and Spices,https://www.sabziwala.dk/wp-content/uploads/2023/08/trs-green-cardamom-powder-50g_page-0001.jpg,https://www.sabziwala.dk/wp-content/uploads/2023/08/trs-green-cardamom-powder-50g_page-0001.jpg,,0.0,0,https://www.sabziwala.dk/product/cardamom-powder-50g-2/,,
12602,Semolina Coarse 500g,product-30,22.0,22.0,,False,DKK,kr.,True,Sooji (Gram flour),Sooji (Gram flour),https://www.sabziwala.dk/wp-content/uploads/2023/08/41548.jpg,https://www.sabziwala.dk/wp-content/uploads/2023/08/41548.jpg,,0.0,0,https://www.sabziwala.dk/product/product-30/,,Suji
12592,Dettol 500 ml,dettol-500-ml,68.0,68.0,,False,DKK,kr.,True,Beauty & Health,Beauty & Health,https://www.sabziwala.dk/wp-content/uploads/2023/08/dettol-500ml.webp,https://www.sabziwala.dk/wp-content/uploads/2023/08/dettol-500ml.webp,,0.0,0,https://www.sabziwala.dk/product/dettol-500-ml/,,"Dettol Antiseptic and Disinfectant Liquid to cleanse and help protect against infection from minor skin cuts, scratches and insect bites"
12590,Dettol 250 ml,dettol-250-ml,38.0,38.0,,False,DKK,kr.,True,Beauty & Health,Beauty & Health,https://www.sabziwala.dk/wp-content/uploads/2023/08/Dettol-250-ml.jpg,https://www.sabziwala.dk/wp-content/uploads/2023/08/Dettol-250-ml.jpg,,0.0,0,https://www.sabziwala.dk/product/dettol-250-ml/,,"Dettol Antiseptic and Disinfectant Liquid to cleanse and help protect against infection from minor skin cuts, scratches and insect bites"
12585,Mung Dal Washed 2Kg,product-29,68.0,68.0,,False,DKK,kr.,True,"Bean, Peas, Lentils and Daal","Bean, Peas, Lentils and Daal; Lentils and Daal",https://www.sabziwala.dk/wp-content/uploads/2023/07/41228.jpg,https://www.sabziwala.dk/wp-content/uploads/2023/07/41228.jpg,,0.0,0,https://www.sabziwala.dk/product/product-29/,"Mung dal refers to moong beans that have been skinned and split so that they’re flat, yellow, and quick-cooking. They’re relatively easy to digest. Mung dal is low in Saturated Fat and Sodium, and very low in Cholesterol. It is also a good source of Protein, Thiamin, Niacin, Vitamin B6, Pantothenic Acid, Iron, Magnesium, Phosphorus, and Potassium, and a very good source of Dietary Fiber, Vitamin C, Vitamin K, Riboflavin, Folate, Copper, and Manganese. Mung beans can be eaten both cooked and raw. It is a great addition to salads, soups, and main dishes as vegetable and meat. Mung beans are removed from the body all the toxins and improve the functioning of the liver. It contains large amounts of easily digestible protein and vitamins A, B, C, and E, as well as mineral salts. Mung bean lowers cholesterol also contains large quantities of antioxidants, which prevent heart disease. Energy value [kJ] 1452 kJ Value Energy [kcal] 347 kcal water 9g ash 3.3g Total protein 23.9g Animal protein 0g Vegetable protein 23.9g cholesterol 0mg Total carbohydrates 62.6g sucrose 6.6g Preparation Instructions: Mung dal is very soft in nature so pre-soaking is not required. Generally, one cup of dried yellow Mung dal will inflate to 3 cups of yellow Mung dal (For making delicious South Indian Recipes such as Dosa and Vada grind this soaked yellow mung dal in a grinder and make a paste ). Place this Yellow Mung dal in a closed pan or pressure cooker and add 5 cups of water and heat it on high flame for 5-7 minutes. Now cooked yellow Mung dal is ready to prepare desired varieties of spicy curry or Tarka dal.",
12578,Rajniganda 100g,rajniganda-100g,65.0,65.0,,False,DKK,kr.,True,Mithai Sweets & Mouth Freshner,Mithai Sweets & Mouth Freshner,https://www.sabziwala.dk/wp-content/uploads/2023/07/rajnigandha-100g.jpg.pagespeed.ic_.t6vj5G7PCg.webp,https://www.sabziwala.dk/wp-content/uploads/2023/07/rajnigandha-100g.jpg.pagespeed.ic_.t6vj5G7PCg.webp,,0.0,0,https://www.sabziwala.dk/product/rajniganda-100g/,"Rajnigandha is the world’s largest selling premium Pan Masala brand. This non-tobacco Pan Masala is a rich blend of select ingredients like betel nut, catechu, lime, cardamom seeds, menthol, sandalwood and added flavors. Nutritution Information Typical values for 100g Energy 170.7Kcal Protein 6.3g Carbohyderate 18.6g Fat 7.9g",
12575,Chana Dal 1Kg,product-28,35.0,35.0,,False,DKK,kr.,True,"Bean, Peas, Lentils and Daal","Bean, Peas, Lentils and Daal; Lentils and Daal",https://www.sabziwala.dk/wp-content/uploads/2023/07/41225.jpg,https://www.sabziwala.dk/wp-content/uploads/2023/07/41225.jpg,,0.0,0,https://www.sabziwala.dk/product/product-28/,"Chana Dal is a popular Indian delicacy, which is prepared with some easily available ingredients and makes for a perfect main-course dish. Dal has always been an essential part of every Indian meal and goes perfect with Roti as well as rice. Chana Dal is undoubtedly one of the most delicious pulses and makes for a perfect dish for every occasion”",
12570,Chana Dal 2Kg,chana-dal-2kg,60.0,60.0,,False,DKK,kr.,True,"Bean, Peas, Lentils and Daal","Bean, Peas, Lentils and Daal; Lentils and Daal",https://www.sabziwala.dk/wp-content/uploads/2023/07/AliBaba-ChanaDal2kg.webp,https://www.sabziwala.dk/wp-content/uploads/2023/07/AliBaba-ChanaDal2kg.webp,,0.0,0,https://www.sabziwala.dk/product/chana-dal-2kg/,This is a Vegetarian product. It’s nutritious and can be easily digested It is a staple in the Indian diet Chana dal has a rich flavour and aroma and provides essential amino acids for complete protein,
12568,Vaseline 50 ml,vaseline-50-ml,18.0,18.0,,False,DKK,kr.,True,Beauty & Health,Beauty & Health,https://www.sabziwala.dk/wp-content/uploads/2023/07/vaseline-50.jpg,https://www.sabziwala.dk/wp-content/uploads/2023/07/vaseline-50.jpg,,0.0,0,https://www.sabziwala.dk/product/vaseline-50-ml/,"Vaseline Petroleum Jelly Original is clinically proven to help heal dry, damaged, cracked skin and hands Vaseline Petroleum Jelly heals cracked hands and dry skin and protects minor cuts Made with 100% pure petroleum jelly. Purity is guaranteed with our triple-purified formula Vaseline is the #1 Dermatologist recommended pure petroleum jelly Vaseline Jelly can be used on dry skin, stressed skin, cracked skin, and sensitive skin",
12566,Vaseline 250 ml,vaseline-250-ml,48.0,48.0,,False,DKK,kr.,True,Beauty & Health,Beauty & Health,https://www.sabziwala.dk/wp-content/uploads/2023/07/Vaseline.w1200-1.webp,https://www.sabziwala.dk/wp-content/uploads/2023/07/Vaseline.w1200-1.webp,,0.0,0,https://www.sabziwala.dk/product/vaseline-250-ml/,"Vaseline Petroleum Jelly Original is clinically proven to help heal dry, damaged, cracked skin and hands Vaseline Petroleum Jelly heals cracked hands and dry skin and protects minor cuts Made with 100% pure petroleum jelly. Purity is guaranteed with our triple-purified formula Vaseline is the #1 Dermatologist recommended pure petroleum jelly Vaseline Jelly can be used on dry skin, stressed skin, cracked skin, and sensitive skin",
12564,Vaseline 100 ml,vaseline-100-ml,28.0,28.0,,False,DKK,kr.,True,Beauty & Health,Beauty & Health,https://www.sabziwala.dk/wp-content/uploads/2023/07/Vaseline.w1200.webp,https://www.sabziwala.dk/wp-content/uploads/2023/07/Vaseline.w1200.webp,,0.0,0,https://www.sabziwala.dk/product/vaseline-100-ml/,"Vaseline Petroleum Jelly Original is clinically proven to help heal dry, damaged, cracked skin and hands Vaseline Petroleum Jelly heals cracked hands and dry skin and protects minor cuts Made with 100% pure petroleum jelly. Purity is guaranteed with our triple-purified formula Vaseline is the #1 Dermatologist recommended pure petroleum jelly Vaseline Jelly can be used on dry skin, stressed skin, cracked skin, and sensitive skin",
12561,Sona Masoori 5 Kg,sona-masoori-5-kg,150.0,150.0,,False,DKK,kr.,True,5kg Rice,5kg Rice; Rice,https://www.sabziwala.dk/wp-content/uploads/2023/07/Soa-Masoori-5-kg.jpeg,https://www.sabziwala.dk/wp-content/uploads/2023/07/Soa-Masoori-5-kg.jpeg,,0.0,0,https://www.sabziwala.dk/product/sona-masoori-5-kg/,,India Gate
12559,Motichoor Ladoo 500g,motichoor-ladoo-500g,95.0,95.0,,False,DKK,kr.,True,Milk,Milk,https://www.sabziwala.dk/wp-content/uploads/2023/07/Motichoor-ladoo-500g.webp,https://www.sabziwala.dk/wp-content/uploads/2023/07/Motichoor-ladoo-500g.webp,,0.0,0,https://www.sabziwala.dk/product/motichoor-ladoo-500g/,"Motichoor ke Ladoos or Motichur Laddu is a ball-shaped sweets, popular in Indian Subcontinent.This standard Indian sweet is served at just about any special occasion in India. The sweets made from Gram Flour, Sugar and Deshi Ghee garnished with Dryfruits. Traditional Indian “melt in mouth” ladoos made with sugar syrup soaked boondi, Milk, Desi ghee, Pista, Elaichi and Kesar The traditional winner of heart laddu get a twist of taste and rich flavor of ghee. Bite into the heavenly taste of Ghee Laddu. Get the best of Haldiram”s quality and the taste. Also, you can gift this wonderful pack to your near and dear ones on special occasions like a festival Ingredients: Traditional Indian dessert made with chickpeas flour Motichoor Ladoo. Ingredients : Sugar (42%), Chickpeas Flour (32%), Clarified Milk Fat (Ghee), Water, Vegetable Oil, Glucose, Cardamom, Saffron.",Dairy Valley
12557,Kaju Katli 300g,kaju-katli-300g,95.0,95.0,,False,DKK,kr.,True,Milk,Milk,https://www.sabziwala.dk/wp-content/uploads/2023/07/Kaju-Katli.jpg,https://www.sabziwala.dk/wp-content/uploads/2023/07/Kaju-Katli.jpg,,0.0,0,https://www.sabziwala.dk/product/kaju-katli-300g/,"Kaju Katli is a star of Indian sweets. It is one of the most famous sweets that is perfect for any celebrations, whether it be Raksha Bandhan, Navratri or Diwali. It’s an Indian version of fudge made with powdered cashew nuts and sugar Ingredients: Cashew nuts, sugar, glucose, potassium sorbate (preservative), flavor and edible Silver Foil Allergy Advice: See ingredients in bold. Storage Recommendations: Consume within 3 days of opening. State of Origin: Product of EU Nutritional information: TYPICAL VALUES PER 100G Energy 1955 kJ / 466 kcal Fat 19.76 g of which saturates 3.49 g Carbohydrate 61.6 g of which sugars 57.25 g Protein 10.4 g Salt 0.14 g",Dairy Valley
12556,Paneer 250g,paneer-250g,45.0,45.0,,False,DKK,kr.,True,Milk,Milk,https://www.sabziwala.dk/wp-content/uploads/2023/07/41206-scaled.jpg,https://www.sabziwala.dk/wp-content/uploads/2023/07/41206-scaled.jpg,,0.0,0,https://www.sabziwala.dk/product/paneer-250g/,,Dairy Valley
12552,Tamarind With Seed 400g,product-27,38.0,38.0,,False,DKK,kr.,True,Others,Others,https://www.sabziwala.dk/wp-content/uploads/2023/07/41185.jpg,https://www.sabziwala.dk/wp-content/uploads/2023/07/41185.jpg,,0.0,0,https://www.sabziwala.dk/product/product-27/,,
12549,Tamarind With Seed 200g,product-26,22.0,22.0,,False,DKK,kr.,True,Others,Others,https://www.sabziwala.dk/wp-content/uploads/2023/07/41184.jpg,https://www.sabziwala.dk/wp-content/uploads/2023/07/41184.jpg,,0.0,0,https://www.sabziwala.dk/product/product-26/,,200
12546,Red Split Lentils 2 Kg,red-split-lentils-2-kg,60.0,60.0,,False,DKK,kr.,True,"Bean, Peas, Lentils and Daal","Bean, Peas, Lentils and Daal; Lentils and Daal",https://www.sabziwala.dk/wp-content/uploads/2023/07/Red-Split-Lentils-2-KG.jpg,https://www.sabziwala.dk/wp-content/uploads/2023/07/Red-Split-Lentils-2-KG.jpg,,0.0,0,https://www.sabziwala.dk/product/red-split-lentils-2-kg/,,Masoor Dal
12542,Tang 375 gm,tang-375-gm,35.0,35.0,,False,DKK,kr.,True,Juice & Water,Juice & Water,https://www.sabziwala.dk/wp-content/uploads/2023/07/Tang-Powder-400ml.webp,https://www.sabziwala.dk/wp-content/uploads/2023/07/Tang-Powder-400ml.webp,,0.0,0,https://www.sabziwala.dk/product/tang-375-gm/,,Tang Orange – Powdered Drink Mix
12539,Brown Chick Peas 2Kg,product-25,55.0,55.0,,False,DKK,kr.,True,"Bean, Peas, Lentils and Daal","Bean, Peas, Lentils and Daal; Peas",https://www.sabziwala.dk/wp-content/uploads/2023/07/41183.jpg,https://www.sabziwala.dk/wp-content/uploads/2023/07/41183.jpg,,0.0,0,https://www.sabziwala.dk/product/product-25/,,Kala Chana
12536,Rice Flour 500g,rice-flour-500g,18.0,18.0,,False,DKK,kr.,False,Other Flour,Other Flour,https://www.sabziwala.dk/wp-content/uploads/2023/07/41162.jpg,https://www.sabziwala.dk/wp-content/uploads/2023/07/41162.jpg,,0.0,0,https://www.sabziwala.dk/product/rice-flour-500g/,,
12534,Sarson Ka Saag 850g,saeson-ka-saag-850g,42.0,42.0,,False,DKK,kr.,True,Uncategorized,,https://www.sabziwala.dk/wp-content/uploads/2023/07/41161.jpg,https://www.sabziwala.dk/wp-content/uploads/2023/07/41161.jpg,,0.0,0,https://www.sabziwala.dk/product/saeson-ka-saag-850g/,,
12530,Cloves(Laung) 250g,product-24,65.0,65.0,,False,DKK,kr.,True,Herbs and Spices,Herbs and Spices,https://www.sabziwala.dk/wp-content/uploads/2023/07/41125.jpg,https://www.sabziwala.dk/wp-content/uploads/2023/07/41125.jpg,,0.0,0,https://www.sabziwala.dk/product/product-24/,,Whole Cloves – AliBaba
12513,Fennel Seeds (Soonf) 1 Kg,fennel,90.0,90.0,,False,DKK,kr.,True,Herbs and Spices,Herbs and Spices,https://www.sabziwala.dk/wp-content/uploads/2023/05/40679-scaled.jpg,https://www.sabziwala.dk/wp-content/uploads/2023/05/40679-scaled.jpg,,0.0,0,https://www.sabziwala.dk/product/fennel/,,
12510,Hel Kylling 1200g,product-22,48.0,48.0,,False,DKK,kr.,True,Frozen Products,Frozen Products,https://www.sabziwala.dk/wp-content/uploads/2023/05/40586-scaled.jpg,https://www.sabziwala.dk/wp-content/uploads/2023/05/40586-scaled.jpg,,0.0,0,https://www.sabziwala.dk/product/product-22/,,
12504,Far Far Heart 300g,product-23,25.0,25.0,,False,DKK,kr.,True,Fry Products,Fry Products,https://www.sabziwala.dk/wp-content/uploads/2023/04/40495-scaled.jpg,https://www.sabziwala.dk/wp-content/uploads/2023/04/40495-scaled.jpg,,0.0,0,https://www.sabziwala.dk/product/product-23/,,
12500,Far Far Finger 300g,product-21,25.0,25.0,,False,DKK,kr.,True,Fry Products,Fry Products,https://www.sabziwala.dk/wp-content/uploads/2023/04/40493-scaled.jpg,https://www.sabziwala.dk/wp-content/uploads/2023/04/40493-scaled.jpg,,0.0,0,https://www.sabziwala.dk/product/product-21/,,
12498,Far Far Window 300g,product-20,25.0,25.0,,False,DKK,kr.,True,Fry Products,Fry Products,https://www.sabziwala.dk/wp-content/uploads/2023/04/40492-scaled.jpg,https://www.sabziwala.dk/wp-content/uploads/2023/04/40492-scaled.jpg,,0.0,0,https://www.sabziwala.dk/product/product-20/,,
12495,Dosa Mix 500g,dosa-mix-500g,30.0,30.0,,False,DKK,kr.,True,Other Flour,Other Flour,https://www.sabziwala.dk/wp-content/uploads/2023/04/MTR-DOSA.jpg,https://www.sabziwala.dk/wp-content/uploads/2023/04/MTR-DOSA.jpg,,0.0,0,https://www.sabziwala.dk/product/dosa-mix-500g/,,
12494,Spring Rolls Vegetables,spring-rolls-vegetables,55.0,55.0,,False,DKK,kr.,True,Frozen Samosa and Spring Roll/Dej,Frozen Samosa and Spring Roll/Dej,https://www.sabziwala.dk/wp-content/uploads/2023/04/40477-scaled.jpg,https://www.sabziwala.dk/wp-content/uploads/2023/04/40477-scaled.jpg,,0.0,0,https://www.sabziwala.dk/product/spring-rolls-vegetables/,,
12492,Spring Rolls Chicken 20,spring-rolls-chicken-20,65.0,65.0,,False,DKK,kr.,True,Frozen Samosa and Spring Roll/Dej,Frozen Samosa and Spring Roll/Dej,https://www.sabziwala.dk/wp-content/uploads/2023/04/40478-scaled.jpg,https://www.sabziwala.dk/wp-content/uploads/2023/04/40478-scaled.jpg,,0.0,0,https://www.sabziwala.dk/product/spring-rolls-chicken-20/,,
12489,Green Chilli Seekh Kebab Chicken 15,seekh,118.0,118.0,,False,DKK,kr.,True,Kebab. Nuggets and Sausage,Kebab. Nuggets and Sausage,https://www.sabziwala.dk/wp-content/uploads/2023/04/40472-scaled.jpg,https://www.sabziwala.dk/wp-content/uploads/2023/04/40472-scaled.jpg,,0.0,0,https://www.sabziwala.dk/product/seekh/,,
12486,Reshmi Seekh Kebab Chicken 15,reshmi-seekh-kebab-chicken-15,125.0,125.0,,False,DKK,kr.,True,Kebab. Nuggets and Sausage,Kebab. Nuggets and Sausage,https://www.sabziwala.dk/wp-content/uploads/2023/04/Rashmi-kebab.webp,https://www.sabziwala.dk/wp-content/uploads/2023/04/Rashmi-kebab.webp,,0.0,0,https://www.sabziwala.dk/product/reshmi-seekh-kebab-chicken-15/,,
12484,Seekh Kebab Chicken 15,seekh-kebab-chicken-15,118.0,118.0,,False,DKK,kr.,True,Kebab. Nuggets and Sausage,Kebab. Nuggets and Sausage,https://www.sabziwala.dk/wp-content/uploads/2023/04/Seekh-kebab.webp,https://www.sabziwala.dk/wp-content/uploads/2023/04/Seekh-kebab.webp,,0.0,0,https://www.sabziwala.dk/product/seekh-kebab-chicken-15/,,
12482,Chick Peas 2 Kg (Kabuli Chana),2-kg,62.0,62.0,,False,DKK,kr.,True,Peas,Peas,https://www.sabziwala.dk/wp-content/uploads/2023/04/40449-scaled.jpg,https://www.sabziwala.dk/wp-content/uploads/2023/04/40449-scaled.jpg,,0.0,0,https://www.sabziwala.dk/product/2-kg/,,
12480,Chick Peas 1 Kg (Kabuli Chana),product-19,36.0,36.0,,False,DKK,kr.,True,Peas,Peas,https://www.sabziwala.dk/wp-content/uploads/2023/04/40447-scaled.jpg,https://www.sabziwala.dk/wp-content/uploads/2023/04/40447-scaled.jpg,,0.0,0,https://www.sabziwala.dk/product/product-19/,,
12472,TYJ Forårsruller Dej 50 stk-550g,tyj-forarsruller-dej-50-stk-550g,33.0,33.0,,False,DKK,kr.,True,Frozen Samosa and Spring Roll/Dej,Frozen Samosa and Spring Roll/Dej,https://www.sabziwala.dk/wp-content/uploads/2023/03/TYJ-Forarsruller-Dej-50-stk-20x550g.png,https://www.sabziwala.dk/wp-content/uploads/2023/03/TYJ-Forarsruller-Dej-50-stk-20x550g.png,,0.0,0,https://www.sabziwala.dk/product/tyj-forarsruller-dej-50-stk-550g/,,
12470,TYJ Forårsruller Dej 40 stk-550g,tyj-forarsruller-dej-40-stk-550g,33.0,33.0,,False,DKK,kr.,True,Frozen Samosa and Spring Roll/Dej,Frozen Samosa and Spring Roll/Dej,https://www.sabziwala.dk/wp-content/uploads/2023/03/TYJ-Forarsruller-Dej-40-stk-20x550g.jpg,https://www.sabziwala.dk/wp-content/uploads/2023/03/TYJ-Forarsruller-Dej-40-stk-20x550g.jpg,,0.0,0,https://www.sabziwala.dk/product/tyj-forarsruller-dej-40-stk-550g/,,
12463,Crushed Chilli (Extra Hot) 750g,crushed-chilli-extra-hot-750g-2,95.0,95.0,,False,DKK,kr.,True,Herbs and Spices,Herbs and Spices,https://www.sabziwala.dk/wp-content/uploads/2023/02/WhatsApp-Image-2023-02-25-at-15.19.43.jpeg,https://www.sabziwala.dk/wp-content/uploads/2023/02/WhatsApp-Image-2023-02-25-at-15.19.43.jpeg,,0.0,0,https://www.sabziwala.dk/product/crushed-chilli-extra-hot-750g-2/,,
12459,Crushed Chilli (Extra Hot) 200g,crushed-chilli-extra-hot-200g,25.0,25.0,,False,DKK,kr.,True,Herbs and Spices,Herbs and Spices,https://www.sabziwala.dk/wp-content/uploads/2023/02/HeeraCrushedChillies200g-min_500x.png,https://www.sabziwala.dk/wp-content/uploads/2023/02/HeeraCrushedChillies200g-min_500x.png,,0.0,0,https://www.sabziwala.dk/product/crushed-chilli-extra-hot-200g/,,
12454,Urid Dal Washed 2 Kg,product-18,72.0,72.0,,False,DKK,kr.,True,"Bean, Peas, Lentils and Daal","Bean, Peas, Lentils and Daal; Lentils and Daal",https://www.sabziwala.dk/wp-content/uploads/2022/12/39881-scaled.jpg,https://www.sabziwala.dk/wp-content/uploads/2022/12/39881-scaled.jpg,,0.0,0,https://www.sabziwala.dk/product/product-18/,,
12452,Urid Dal Washed 1 Kg,product-17,40.0,40.0,,False,DKK,kr.,True,"Bean, Peas, Lentils and Daal","Bean, Peas, Lentils and Daal; Lentils and Daal",https://www.sabziwala.dk/wp-content/uploads/2022/12/39880-scaled.jpg,https://www.sabziwala.dk/wp-content/uploads/2022/12/39880-scaled.jpg,,0.0,0,https://www.sabziwala.dk/product/product-17/,,
12435,Garam Masala Whole 700g,garam-masala-whole-700g,98.0,98.0,,False,DKK,kr.,True,Herbs and Spices,Herbs and Spices,https://www.sabziwala.dk/wp-content/uploads/2022/11/GaramMasalaWhole-700g.webp,https://www.sabziwala.dk/wp-content/uploads/2022/11/GaramMasalaWhole-700g.webp,,0.0,0,https://www.sabziwala.dk/product/garam-masala-whole-700g/,,
12433,Neem Leaf Powder 100g,neem-leaf-powder-100g,20.0,20.0,,False,DKK,kr.,True,Herbs and Spices,Herbs and Spices,https://www.sabziwala.dk/wp-content/uploads/2022/11/top-op-neem-leaf-powder-100g_1000x.webp,https://www.sabziwala.dk/wp-content/uploads/2022/11/top-op-neem-leaf-powder-100g_1000x.webp,,0.0,0,https://www.sabziwala.dk/product/neem-leaf-powder-100g/,,
12432,Red Powa 1 Kg,red-powa-1-kg,45.0,45.0,,False,DKK,kr.,True,Rice flakes,Rice flakes,https://www.sabziwala.dk/wp-content/uploads/2022/11/39591-scaled.jpg,https://www.sabziwala.dk/wp-content/uploads/2022/11/39591-scaled.jpg,,0.0,0,https://www.sabziwala.dk/product/red-powa-1-kg/,,
12427,HomeStyle Paratha 1200g – Family Pack,homestyle-paratha-1200g-family-pack,75.0,75.0,,False,DKK,kr.,True,Frozen Pratha & Naan,Frozen Pratha & Naan,https://www.sabziwala.dk/wp-content/uploads/2022/10/haldirams-plain-paratha-1200.jpg,https://www.sabziwala.dk/wp-content/uploads/2022/10/haldirams-plain-paratha-1200.jpg,,0.0,0,https://www.sabziwala.dk/product/homestyle-paratha-1200g-family-pack/,,Haldirams
12425,Plain Paratha 400g,plain-paratha-400g,30.0,30.0,,False,DKK,kr.,True,Frozen Pratha & Naan,Frozen Pratha & Naan,https://www.sabziwala.dk/wp-content/uploads/2022/10/haldirams-plain-paratha.webp,https://www.sabziwala.dk/wp-content/uploads/2022/10/haldirams-plain-paratha.webp,,0.0,0,https://www.sabziwala.dk/product/plain-paratha-400g/,,
12423,Aloo Paratha 400g,aloo-paratha-400g,30.0,30.0,,False,DKK,kr.,True,Frozen Pratha & Naan,Frozen Pratha & Naan,https://www.sabziwala.dk/wp-content/uploads/2022/10/haldirams-aloo-paratha.webp,https://www.sabziwala.dk/wp-content/uploads/2022/10/haldirams-aloo-paratha.webp,,0.0,0,https://www.sabziwala.dk/product/aloo-paratha-400g/,,
12421,Taj Mahal Tea 450g,taj-mahal-tea-450g,75.0,75.0,,False,DKK,kr.,True,Tea & Coffe,Tea & Coffe,https://www.sabziwala.dk/wp-content/uploads/2022/10/Taj-Mahal.jpg,https://www.sabziwala.dk/wp-content/uploads/2022/10/Taj-Mahal.jpg,,0.0,0,https://www.sabziwala.dk/product/taj-mahal-tea-450g/,,Brooke Bond
12419,Butter Ghee 750 ml,butter-ghee-750-ml,155.0,155.0,,False,DKK,kr.,True,Oil & Ghee,Oil & Ghee,https://www.sabziwala.dk/wp-content/uploads/2022/10/dairy_valley_ghee-750ml.jpg,https://www.sabziwala.dk/wp-content/uploads/2022/10/dairy_valley_ghee-750ml.jpg,,0.0,0,https://www.sabziwala.dk/product/butter-ghee-750-ml/,,
12417,Butter Ghee 320 ml,butter-ghee-320-ml,75.0,75.0,,False,DKK,kr.,True,Oil & Ghee,Oil & Ghee,https://www.sabziwala.dk/wp-content/uploads/2022/10/dairy-valley-pure-ghee-277g_510.webp,https://www.sabziwala.dk/wp-content/uploads/2022/10/dairy-valley-pure-ghee-277g_510.webp,,0.0,0,https://www.sabziwala.dk/product/butter-ghee-320-ml/,,
12413,Chyawanprash 500 Gr,chyawanprash-500-gr,45.0,45.0,,False,DKK,kr.,False,Beauty & Health,Beauty & Health,https://www.sabziwala.dk/wp-content/uploads/2022/10/711Npxf2lKS._SY450_.jpg,https://www.sabziwala.dk/wp-content/uploads/2022/10/711Npxf2lKS._SY450_.jpg,,0.0,0,https://www.sabziwala.dk/product/chyawanprash-500-gr/,,
12411,Black Seed / Kalonji Oil 100 ml,black-seed-kalonji-oil-100-ml,70.0,70.0,,False,DKK,kr.,True,Oil & Ghee,Oil & Ghee,https://www.sabziwala.dk/wp-content/uploads/2022/10/kalonji-oil-black-seed-100ml.webp,https://www.sabziwala.dk/wp-content/uploads/2022/10/kalonji-oil-black-seed-100ml.webp,,0.0,0,https://www.sabziwala.dk/product/black-seed-kalonji-oil-100-ml/,,
12409,Mustard Oil 1 Ltr.,mustard-oil-1-ltr,85.0,85.0,,False,DKK,kr.,True,Oil & Ghee,Oil & Ghee,https://www.sabziwala.dk/wp-content/uploads/2022/10/Mustard-Oil-1.jpg,https://www.sabziwala.dk/wp-content/uploads/2022/10/Mustard-Oil-1.jpg,,0.0,0,https://www.sabziwala.dk/product/mustard-oil-1-ltr/,,
12406,Johar Joshanda,johar-joshanda,58.0,58.0,,False,DKK,kr.,True,Tea & Coffe,Tea & Coffe,https://www.sabziwala.dk/wp-content/uploads/2022/10/Johar-Jashanda.jpg,https://www.sabziwala.dk/wp-content/uploads/2022/10/Johar-Jashanda.jpg,,0.0,0,https://www.sabziwala.dk/product/johar-joshanda/,,Instant Herbal Tea 30 Bags
12401,Barley Flour 1 Kg,barley-flour-1-kg,35.0,35.0,,False,DKK,kr.,True,Other Flour,Other Flour,https://www.sabziwala.dk/wp-content/uploads/2022/10/trs-barley-flour.webp,https://www.sabziwala.dk/wp-content/uploads/2022/10/trs-barley-flour.webp,,0.0,0,https://www.sabziwala.dk/product/barley-flour-1-kg/,,
12399,Bajri Flour 1 Kg,bajri-flour-1-kg,33.0,33.0,,False,DKK,kr.,True,Other Flour,Other Flour,https://www.sabziwala.dk/wp-content/uploads/2022/10/trs-bajri-flour.webp,https://www.sabziwala.dk/wp-content/uploads/2022/10/trs-bajri-flour.webp,,0.0,0,https://www.sabziwala.dk/product/bajri-flour-1-kg/,,
12395,Palm Oil 1Ltr.,palm-oil-1ltr,40.0,40.0,,False,DKK,kr.,True,Oil & Ghee,Oil & Ghee,https://www.sabziwala.dk/wp-content/uploads/2022/08/Ud274b9235bfa4d1eab3d7e59035eaf7as.jpg,https://www.sabziwala.dk/wp-content/uploads/2022/08/Ud274b9235bfa4d1eab3d7e59035eaf7as.jpg,,0.0,0,https://www.sabziwala.dk/product/palm-oil-1ltr/,,
12393,Guard – Basmati Rice 20 Kg,guard-basmati-rice-20-kg,475.0,475.0,,False,DKK,kr.,True,Rice,Rice,https://www.sabziwala.dk/wp-content/uploads/2022/08/guard-ultimate-1121-long-basmati-rice-20kg.jpg,https://www.sabziwala.dk/wp-content/uploads/2022/08/guard-ultimate-1121-long-basmati-rice-20kg.jpg,,0.0,0,https://www.sabziwala.dk/product/guard-basmati-rice-20-kg/,,
12390,Ty-Phoo 240Bags,ty-phoo-240bags,70.0,70.0,,False,DKK,kr.,True,Tea & Coffe,Tea & Coffe,https://www.sabziwala.dk/wp-content/uploads/2022/07/typhoo_240_tea_foil_fresh_teabags_696g_89743_T1.jpg,https://www.sabziwala.dk/wp-content/uploads/2022/07/typhoo_240_tea_foil_fresh_teabags_696g_89743_T1.jpg,,0.0,0,https://www.sabziwala.dk/product/ty-phoo-240bags/,,
12388,Vital Tips 300 Bags,vital-tips-300-bags,65.0,65.0,,False,DKK,kr.,True,Tea & Coffe,Tea & Coffe,https://www.sabziwala.dk/wp-content/uploads/2022/07/round-tea-pack-1.png,https://www.sabziwala.dk/wp-content/uploads/2022/07/round-tea-pack-1.png,,0.0,0,https://www.sabziwala.dk/product/vital-tips-300-bags/,,
12386,Almond Oil 250ml,almond-oil-250ml,45.0,45.0,,False,DKK,kr.,True,Oil & Ghee,Oil & Ghee,https://www.sabziwala.dk/wp-content/uploads/2022/07/niharti-almond-oil-250ml-low-price-shop-421855_1024x1024.webp,https://www.sabziwala.dk/wp-content/uploads/2022/07/niharti-almond-oil-250ml-low-price-shop-421855_1024x1024.webp,,0.0,0,https://www.sabziwala.dk/product/almond-oil-250ml/,,
12375,Mango Pulp 850g,product-16,40.0,40.0,,False,DKK,kr.,True,Canned Food,Canned Food,https://www.sabziwala.dk/wp-content/uploads/2022/07/38514-scaled.jpg,https://www.sabziwala.dk/wp-content/uploads/2022/07/38514-scaled.jpg,,0.0,0,https://www.sabziwala.dk/product/product-16/,,
12373,Cow Ghee 500 g,product-15,95.0,95.0,,False,DKK,kr.,True,Oil & Ghee,Oil & Ghee,https://www.sabziwala.dk/wp-content/uploads/2022/07/38511.jpg,https://www.sabziwala.dk/wp-content/uploads/2022/07/38511.jpg,,0.0,0,https://www.sabziwala.dk/product/product-15/,,
12370,Tandoori Naan 15 Piece,tandoori-naan-15-piece,70.0,70.0,,False,DKK,kr.,True,Frozen Pratha & Naan,Frozen Pratha & Naan,https://www.sabziwala.dk/wp-content/uploads/2022/07/Ashoka_Tandoori_Naan_Plain_15pc__AF-187_512x512.webp,https://www.sabziwala.dk/wp-content/uploads/2022/07/Ashoka_Tandoori_Naan_Plain_15pc__AF-187_512x512.webp,,0.0,0,https://www.sabziwala.dk/product/tandoori-naan-15-piece/,,Family Pack
12368,"Vindaloo Curry Paste 2,3Kg",vindaloo-curry-paste-23kg,160.0,160.0,,False,DKK,kr.,True,Paste,Paste,https://www.sabziwala.dk/wp-content/uploads/2022/07/PATAK-VINDALOO-PASTE-2300-GR-300x300-1.jpg,https://www.sabziwala.dk/wp-content/uploads/2022/07/PATAK-VINDALOO-PASTE-2300-GR-300x300-1.jpg,,0.0,0,https://www.sabziwala.dk/product/vindaloo-curry-paste-23kg/,,
12366,Maggi Masala Noddles 560g,maggi-masala-noddles-560g,42.0,42.0,,False,DKK,kr.,True,Ready to Eat,Ready to Eat,https://www.sabziwala.dk/wp-content/uploads/2022/07/nestle-maggi-2-minute-instant-noodles-masala-280g-pouch.jpg,https://www.sabziwala.dk/wp-content/uploads/2022/07/nestle-maggi-2-minute-instant-noodles-masala-280g-pouch.jpg,,0.0,0,https://www.sabziwala.dk/product/maggi-masala-noddles-560g/,,(Family Pack)
12364,Maggi Masala Noodles 70g,maggi-masala-noodles-70g,6.0,6.0,,False,DKK,kr.,True,Ready to Eat,Ready to Eat,https://www.sabziwala.dk/wp-content/uploads/2022/07/MaggiNoodles70g_600x600_crop_center.webp,https://www.sabziwala.dk/wp-content/uploads/2022/07/MaggiNoodles70g_600x600_crop_center.webp,,0.0,0,https://www.sabziwala.dk/product/maggi-masala-noodles-70g/,,
12363,Gurr Natural 500g,product-14,48.0,48.0,,False,DKK,kr.,True,Desserts & Sweets,Desserts & Sweets,https://www.sabziwala.dk/wp-content/uploads/2022/07/38509-scaled-1.jpg,https://www.sabziwala.dk/wp-content/uploads/2022/07/38509-scaled-1.jpg,,0.0,0,https://www.sabziwala.dk/product/product-14/,,
12360,Vegetable Oil -1 Ltr,vegetable-oil-1-ltr,35.0,35.0,,False,DKK,kr.,True,Oil & Ghee,Oil & Ghee,https://www.sabziwala.dk/wp-content/uploads/2022/07/1021.png,https://www.sabziwala.dk/wp-content/uploads/2022/07/1021.png,,0.0,0,https://www.sabziwala.dk/product/vegetable-oil-1-ltr/,,
12357,Meat Curry Masala,product-13,20.0,20.0,,False,DKK,kr.,True,Ready Masala,Ready Masala,https://www.sabziwala.dk/wp-content/uploads/2022/07/38506-scaled.jpg,https://www.sabziwala.dk/wp-content/uploads/2022/07/38506-scaled.jpg,,0.0,0,https://www.sabziwala.dk/product/product-13/,,
12355,Chick Peas Boiled 400g x 12 Pieces,chi,75.0,75.0,,False,DKK,kr.,True,Canned Food,Canned Food,https://www.sabziwala.dk/wp-content/uploads/2022/07/38504-scaled.jpg,https://www.sabziwala.dk/wp-content/uploads/2022/07/38504-scaled.jpg,,0.0,0,https://www.sabziwala.dk/product/chi/,,
12352,Cassava Flour 1Kg,cassava-flour-1kg,40.0,40.0,,False,DKK,kr.,True,Other Flour,Other Flour,https://www.sabziwala.dk/wp-content/uploads/2022/07/4484-2_83722819-6edd-41ae-ae83-7edc9abd0b8b_695x945.webp,https://www.sabziwala.dk/wp-content/uploads/2022/07/4484-2_83722819-6edd-41ae-ae83-7edc9abd0b8b_695x945.webp,,0.0,0,https://www.sabziwala.dk/product/cassava-flour-1kg/,,
12350,Chick Peas Boiled 400g,chick-peas-boiled-400g,8.0,8.0,,False,DKK,kr.,True,Canned Food,Canned Food,https://www.sabziwala.dk/wp-content/uploads/2022/07/Heera-Chick-Peas-400g.webp,https://www.sabziwala.dk/wp-content/uploads/2022/07/Heera-Chick-Peas-400g.webp,,0.0,0,https://www.sabziwala.dk/product/chick-peas-boiled-400g/,,
12347,Good Day Biscuits 720g,good-day-biscuits-720g,60.0,60.0,,False,DKK,kr.,True,Cake Rusk & Cookies,Cake Rusk & Cookies,https://www.sabziwala.dk/wp-content/uploads/2022/07/goodday-pista-720g-800x800-1.jpg,https://www.sabziwala.dk/wp-content/uploads/2022/07/goodday-pista-720g-800x800-1.jpg,,0.0,0,https://www.sabziwala.dk/product/good-day-biscuits-720g/,,Pistachio-Almond Cookies
12344,Yum Yum (Shrimp) 60g,yum-yum-shrimp-60g,6.0,6.0,,False,DKK,kr.,True,Snack & savories,Snack & savories,https://www.sabziwala.dk/wp-content/uploads/2022/07/inst-nudler-m-reje-60g-yum-yum.jpg,https://www.sabziwala.dk/wp-content/uploads/2022/07/inst-nudler-m-reje-60g-yum-yum.jpg,,0.0,0,https://www.sabziwala.dk/product/yum-yum-shrimp-60g/,,
12342,Yum Yum (Chicken) 60g,yum-yum-chicken-60g,6.0,6.0,,False,DKK,kr.,True,Snack & savories,Snack & savories,https://www.sabziwala.dk/wp-content/uploads/2022/07/3564.jpg,https://www.sabziwala.dk/wp-content/uploads/2022/07/3564.jpg,,0.0,0,https://www.sabziwala.dk/product/yum-yum-chicken-60g/,,
12219,Pista Cookies,pista-cookies,25.0,25.0,,False,DKK,kr.,True,Bakery & Dairy,Bakery & Dairy,https://www.sabziwala.dk/wp-content/uploads/2022/06/pistachio_cookies_egg_free_.jpg.mst_.webp,https://www.sabziwala.dk/wp-content/uploads/2022/06/pistachio_cookies_egg_free_.jpg.mst_.webp,,0.0,0,https://www.sabziwala.dk/product/pista-cookies/,,"Pista or pistachio cookies combining a hard and crunchy texture with a delightfully sweet pistachio flavour. Perfect choice for evening tea – also the best biscuits to go with your morning cup of chai or as an energising snack to savour with milk or coffee on busy workdays. Pista cookies are baked to crunchy perfection using the finest of ingredients. The cookie mix is blended with a buttery and sweet pistachio flavour. Pair them up with any hot beverage of your choice or have them alone, they are still a delight. The pista cookies are suitable for vegetarians because they are egg-free. Each pack contains 18 pista cookies. Ingredients Fortified Wheat Flour ( Wheat Flour, Calcium Carbonate, Iron, Niacin, Thiamin), Vegetable Margarine (Rapeseed, Palm Fractions), Sugar, Coconut Flour, Maize Flour, Pistachios (4%), Butter Ghee, Fresh Milk , Milk Powder, Flavouring and Raising Agent (E503ii) Nutritional Information Per Piece Per 100g Energy (kJ) 535 2605 Energy (kCal) 119 609 Fat 7.79 37.93 of which Saturates 3.76 18.3 Carbohydrates 12.6 61.33 of which sugars 5.42 26.37 Protien 0.75 3.69 Fibre – – Salt 0.01 0.07"
12217,Almond Cookies,almond-cookies,25.0,25.0,,False,DKK,kr.,True,Cake Rusk & Cookies,Cake Rusk & Cookies,https://www.sabziwala.dk/wp-content/uploads/2022/06/almond_cookies__egg_free__5.jpg.mst_-scaled.webp,https://www.sabziwala.dk/wp-content/uploads/2022/06/almond_cookies__egg_free__5.jpg.mst_-scaled.webp,,0.0,0,https://www.sabziwala.dk/product/almond-cookies/,,"Crunchy egg-free cookies with a delicate almond (‘Badami’) flavour. A classic choice for evening tea – also the best biscuits to go with your morning cup of chai or as an energising snack to savour with coffee on busy workdays. Almond cookies are baked to crunchy perfection using the finest of ingredients. The cookie mix is blended with a rich almond flavour, complete with hints of a mild vanilla base. Pair our almond cookies up with any hot beverage of your choice or have them alone, they will still be a treat for your tastebuds. Almond cookies are suitable for vegetarians because they are egg-free. Each pack contains 18 almond cookies. Ingredients Fortified Wheat Flour ( Wheat Flour, Calcium Carbonate, Iron, Niacin, Thiamin), Vegetable Margerine (Rapeseed, Palm Fractions), Sugar, Coconut Flour, Almonds (5%), Maize Flour, Butter Ghee, Fresh Milk , Flavourings, Milk Powder, and Raising Agent (E503ii) Nutritional Information Per Piece Per 100g Energy (kJ) 533 2596 Energy (kCal) 127 617 Fat 10.42 50.22 of which Saturates 5.38 26.18 Carbohydrates 12.36 60.18 of which sugars 5.32 25.88 Protien 1.31 6.39 Fibre – – Salt 0.01 0.07"
12215,Marble Cake Slice,marble-cake-slice,30.0,30.0,,False,DKK,kr.,True,Bakery & Dairy,Bakery & Dairy,https://www.sabziwala.dk/wp-content/uploads/2022/06/marble_cake_slices_5.jpg.mst_-scaled.webp,https://www.sabziwala.dk/wp-content/uploads/2022/06/marble_cake_slices_5.jpg.mst_-scaled.webp,,0.0,0,https://www.sabziwala.dk/product/marble-cake-slice/,,"Slices of moist chocolate and vanilla cake, perfect as a sweet treat. Our all-time favourite chocolate cake is made to an age-old traditional recipe, passed on from generation to generation. The combination of luxurious chocolate cream and delicate vanilla base gives the cake mix its delectable flavour. Moist and soft in texture, this marble cake is a great snacking option if you’re looking for something light and simple to satisfy your mid-day cravings. Pair it up with tea, herbal teas, coffee, hot chocolate, warm milk or have it on its own – the choice is yours. Suitable for vegetarians and ready sliced for easy consumption. Each pack contains 8 individually wrapped slices of marble cake. Ingredients WHEAT flour, sugar, sunflower oil, pasteurized EGG , glucose and fructose syrup, humectant (glycerin, sorbitol), cocoa (2%), raising agent (sodium acid pyrophosphate, sodium bicarbonate), thickener (xanthan gum), preservative (sorbic acid), acid (lactic acid), flavour (cocoa). Nutritional Information Per Piece Per 100g Energy (kJ) 949 1897 Energy (kCal) 227 454 Fat 12.9 25.7 of which Saturates 1.6 3.1 Carbohydrates 26.2 52.4 of which sugars 11.7 23.4 Protien 3 6 Fibre – – Salt 0.3 0.6"
12213,Fruit Cake Slice,fruit-cake-slice,25.0,25.0,,False,DKK,kr.,True,Bakery & Dairy,Bakery & Dairy,https://www.sabziwala.dk/wp-content/uploads/2022/06/fruit_cake_slices_5.jpg.mst_-scaled.webp,https://www.sabziwala.dk/wp-content/uploads/2022/06/fruit_cake_slices_5.jpg.mst_-scaled.webp,,0.0,0,https://www.sabziwala.dk/product/fruit-cake-slice/,,"A light sponge cake baked with preserved fruits for an added twist of flavour. Moist and soft with bits of fruit that bring a tangy edge to a classic vanilla base, this cake is a great snacking option if you’re looking for something light and simple to satisfy your mid-day cravings. Also perfect for lunchboxes, busy workdays and teatime. This soft moist fruit cake is made to a traditional Yorkshire recipe that brings back the taste of days bygone. Pair it up with tea, herbal teas, coffee, hot chocolate, warm milk or have it on its own – it’s still going to be a treat for your taste buds. Suitable for vegetarians and ready sliced for easy consumption. Each pack contains 7 individually wrapped slices of fruit cake. Ingredients Plain slices with 17% glazed fruits. WHEAT Flour, Sugar, sunflower oil (16%), Pasteurised liguid EGGS , glazed fruit [pumpkin, orange, colorants E-100, E131, black carrot juice)], pasturised MILK , raising agent (sodium bicarbonate, tartaric acid), stabilizer E-1414, preservative E-200 and flavourings. Nutritional Information Per Piece Per 100g Energy (kJ) 535 1783 Energy (kCal) 128 426 Fat 6.54 21.8 of which Saturates 0.99 3.3 Carbohydrates 15.39 51.3 of which sugars 9.08 30.28 Protien 1.53 5.1 Fibre 0.6 2 Salt 0.19 0.63"
12211,Almond Sliced Madeira Cakes,almond-sliced-madeira-cakes,35.0,35.0,,False,DKK,kr.,True,Bakery & Dairy,Bakery & Dairy,https://www.sabziwala.dk/wp-content/uploads/2022/06/almond-madeira.jpg.mst_.webp,https://www.sabziwala.dk/wp-content/uploads/2022/06/almond-madeira.jpg.mst_.webp,,0.0,0,https://www.sabziwala.dk/product/almond-sliced-madeira-cakes/,,"Regal’s Madeira almond cake is all you need to make evening tea a wonderful experience for your loved ones. This spongy and moist almond Madeira cake is made to a traditional Yorkshire recipe that brings back the taste of days bygone. The combination of sliced almonds with a classic touch of vanilla is a clear winner. Moist and soft in texture, this almond-studded delight is a great snacking option if you’re looking for something light and simple to satisfy your mid-day cravings. Pair it up with tea, herbal teas, coffee, hot chocolate, warm milk or have it on its own – the choice is yours. Suitable for vegetarians and ready sliced for easy consumption. Ingredients Fortified Wheat Flour ( Wheat Flour, Calcium Carbonate, Iron, Niacin, Thiamin), Sugar, Whole Eggs , Cherries (20%): (Cherries, Glucose-Fructose Syrup, Sugar, Citric Acid, Potassium Sorbate, Sulphur Dioxide , Colour (E127), Vegetable Oil (Palm Fractions and Rapeseed), Rapeseed Oil, Vegetable Glycerine, Milk Powder, Vegetable Emulsifier (E475, E471), Raising Agent (E450, E500), Salt, Potassium Sorbate, Flavouring: Vanilla, Acidity Regulator: Citric Acid, Stabiliser: Xanthan Gum, Colour: Lutein Nutritional Information Per Piece Per 100g Energy (kJ) 1034 1881 Energy (kCal) 246 449 Fat 11.6 21.2 of which Saturates 3.5 6.5 Carbohydrates 31.7 57.7 of which sugars 16.7 30.5 Protien 3 5.5 Fibre – – Salt 0.38 0.7"
12209,Lemon Sliced Madeira Cakes,lemon-sliced-madeira-cakes,35.0,35.0,,False,DKK,kr.,True,Bakery & Dairy,Bakery & Dairy,https://www.sabziwala.dk/wp-content/uploads/2022/06/lemon-madeira.jpg.mst_.webp,https://www.sabziwala.dk/wp-content/uploads/2022/06/lemon-madeira.jpg.mst_.webp,,0.0,0,https://www.sabziwala.dk/product/lemon-sliced-madeira-cakes/,,"Regal’s Madeira lemon cake is all you need to make evening tea a wonderful experience. This spongy and moist lemon Madeira cake is made to a traditional Yorkshire recipe that brings back the taste of days bygone. The combination of light citrusy lemon flavour with a delicate touch of vanilla is a clear winner. Moist and soft in texture, this lemon cake is a great snacking option if you’re looking for something light and simple to satisfy your mid-day cravings. Pair it up with tea, herbal teas, coffee, hot chocolate, warm milk or have it on its own – the choice is yours. Suitable for vegetarians and ready sliced for easy consumption. Ingredients Fortified Wheat Flour ( Wheat Flour, Calcium Carbonate, Iron, Niacin, Thiamin), Sugar, Whole Eggs , Cherries (20%): (Cherries, Glucose-Fructose Syrup, Sugar, Citric Acid, Potassium Sorbate, Sulphur Dioxide , Colour (E127), Vegetable Oil (Palm Fractions and Rapeseed), Rapeseed Oil, Vegetable Glycerine, Milk Powder, Vegetable Emulsifier (E475, E471), Raising Agent (E450, E500), Salt, Potassium Sorbate, Flavouring: Vanilla, Acidity Regulator: Citric Acid, Stabiliser: Xanthan Gum, Colour: Lutein Nutritional Information Per Piece Per 100g Energy (kJ) 1034 1881 Energy (kCal) 246 449 Fat 11.6 21.2 of which Saturates 3.5 6.5 Carbohydrates 31.7 57.7 of which sugars 16.7 30.5 Protien 3 5.5 Fibre – – Salt 0.38 0.7"
12207,Coconut Sliced Madeira Cakes,coconut-sliced-madeira-cakes,35.0,35.0,,False,DKK,kr.,True,Bakery & Dairy,Bakery & Dairy,https://www.sabziwala.dk/wp-content/uploads/2022/06/coconut-madeira.jpg.mst_.webp,https://www.sabziwala.dk/wp-content/uploads/2022/06/coconut-madeira.jpg.mst_.webp,,0.0,0,https://www.sabziwala.dk/product/coconut-sliced-madeira-cakes/,,"Regal’s Madeira coconut cake is all you need to make afternoon tea a wonderful experience. This spongy and moist coconut cake is made to a traditional Yorkshire recipe that brings back the taste of days bygone. The combination of flavourful coconut with a delicate touch of vanilla is a clear winner. Soft in texture, this coconut cake is a great snacking option if you’re looking for something light and simple to satisfy your mid-day cravings. Pair it up with tea, herbal teas, coffee, hot chocolate, warm milk or have it on its own – the choice is yours. Suitable for vegetarians and ready sliced for your easy consumption. Ingredients Wheat Flour ( Wheat Flour, Calcium Carbonate, Iron, Niacin, Thiamin), Sugar, Whole Egg , Vegetable Oil (Palm Fractions, Rapeseed), Humectant (Vegetable Glycerine), Water, Emulsifier (E475, E471), Milk Powder, Raising Agent (E450i, E500ii), Coconut, Preservative (E202), Salt, Flavouring, Stabiliser: Xanthan Gum. Acidity Regulator: Citric Acid. Colour (161b) Nutritional Information Per Piece Per 100g Energy (kJ) 914 1905 Energy (kCal) 219 456 Fat 14 28 of which Saturates 3.9 8.2 Carbohydrates 22 45 of which sugars 11 24 Protien 2.6 5.4 Fibre – – Salt 0.37 0.76"
12205,Fruit Sliced Madeira Cakes,fruit-sliced-madeira-cakes,35.0,35.0,,False,DKK,kr.,True,Bakery & Dairy,Bakery & Dairy,https://www.sabziwala.dk/wp-content/uploads/2022/06/fuitmadeira.jpg.mst_.webp,https://www.sabziwala.dk/wp-content/uploads/2022/06/fuitmadeira.jpg.mst_.webp,,0.0,0,https://www.sabziwala.dk/product/fruit-sliced-madeira-cakes/,,
12202,Marble Fairy Cakes,marble-fairy-cakes,22.0,22.0,,False,DKK,kr.,False,Bakery & Dairy,Bakery & Dairy,https://www.sabziwala.dk/wp-content/uploads/2022/06/marble_fairy_cakes.jpg.mst_.webp,https://www.sabziwala.dk/wp-content/uploads/2022/06/marble_fairy_cakes.jpg.mst_.webp,,0.0,0,https://www.sabziwala.dk/product/marble-fairy-cakes/,,"Want a bite-sized snack to go with your tea? Try our light and fluffy marble fairy cakes. These delicious and moist sponge cakes taste just like home because they’ve been baked using our special age-old recipe. Enjoy this family favourite at parties, during afternoon tea or just when you fancy a really good cake. Our marble fairy cake was baked with lots of love and care – and that’s what gives it its signature light vanilla taste and delectable sponge cake texture. An ideal double-flavoured treat for any time of the day. At Regal Foods, we use the finest and most wholesome ingredients to prepare our sponge cake products. Each pack contains 12 pieces of marble fairy cakes, baked to spongy perfection. Ingredients Wheat FIour, sugar, Vegetable Oils ( Soya , Sunflower), in variable proportion, Pasteurised Eggs , Glucose Syrup, Humectant Agents (E420, E422), Skimmed Cocoa Powder (2%), Raising Agents (E450i, E500ii), Salt, Preservative (E200), Flavour. Nutritional Information Per Piece Per 100g Energy (kJ) – 1789 Energy (kCal) – 426 Fat – 17.9 of which Saturates – 3.1 Carbohydrates – 60.4 of which sugars – 24.1 Protien – 5.1 Fibre – – Salt – 0.725"
12200,Plain Fairy Cakes,plain-fairy-cakes,20.0,20.0,,False,DKK,kr.,True,Bakery & Dairy,Bakery & Dairy,https://www.sabziwala.dk/wp-content/uploads/2022/06/classic_fairy_cakes_5.jpg.mst_-scaled.webp,https://www.sabziwala.dk/wp-content/uploads/2022/06/classic_fairy_cakes_5.jpg.mst_-scaled.webp,,0.0,0,https://www.sabziwala.dk/product/plain-fairy-cakes/,,"Want a bite-sized snack to go with your tea? Try a plain fairy cake. These delicious and moist sponge buns have been baked to perfection with a traditional family recipe that’s been used for generations. They don’t make them like they used to, but we do. Enjoy this family favourite at parties, during afternoon tea or just when you fancy a really good cake. At Regal Foods, we use the finest and most wholesome ingredients to prepare our products. This plain fairy cake was baked with lots of love and care – and that’s what gives it its delicious taste and classic soft bun texture that is a treat for any time of the day. Each pack contains 12 pieces of plain fairy cakes, baked to perfection Ingredients Wheat FIour, sugar, soya oil, eggs , glucose syrup, humectant agents: (E-420, E-422), raising agents: (E-450i, E-500ii), salt, preservative: (E-200), lemon avour. Nutritional Information Per Piece Per 100g Energy (kJ) 391 1680 Energy (kCal) 93 399 Fat 3.1 13.4 of which Saturates 0.5 2.2 Carbohydrates 15 64.5 of which sugars 7.8 33.4 Protien 1.07 4.6 Fibre 0.28 1.2 Salt 0.06 0.27"
12198,Cherry Sliced Maderia Cakes,cherry-sliced-maderia-cakes,35.0,35.0,,False,DKK,kr.,False,Bakery & Dairy,Bakery & Dairy,https://www.sabziwala.dk/wp-content/uploads/2022/06/cherry-madeira.jpg.mst_.webp,https://www.sabziwala.dk/wp-content/uploads/2022/06/cherry-madeira.jpg.mst_.webp,,0.0,0,https://www.sabziwala.dk/product/cherry-sliced-maderia-cakes/,,
12196,Twin Pack Madeira Cakes,twin-pack-madeira-cakes,25.0,25.0,,False,DKK,kr.,True,Bakery & Dairy,Bakery & Dairy,https://www.sabziwala.dk/wp-content/uploads/2022/06/Twin-Pack-Madeira.webp,https://www.sabziwala.dk/wp-content/uploads/2022/06/Twin-Pack-Madeira.webp,,0.0,0,https://www.sabziwala.dk/product/twin-pack-madeira-cakes/,,"Love Madeira cake and can’t get enough of it? This twin pack is for you if want to share this traditional delight with a loved one. Each pack includes two slices of plain (delicate vanilla base) Madeira cake, baked to absolute perfection. A British classic, Regal’s Madeira cake is all you need to make evening tea a wonderful experience. This spongy and moist Madeira cake is made to a traditional Yorkshire recipe that brings back the taste of days bygone. Soft in texture, the Madeira cake is a great snacking option if you’re looking for something light and fluffy to satisfy your mid-day cravings. Pair it up with tea, herbal teas, coffee, hot chocolate, warm milk or have it on its own – the choice is yours Ingredients Fortified Wheat Flour ( Wheat Flour, Calcium Carbonate, Iron, Niacin, Thiamin), Sugar, Vegetable Oil (rapeseed, Palm fractions), Eggs , Water, Modified Potato Starch, Vegeterian Glycerine, Vegeterian Whey Powder ( Milk ), Raising Agents (E450, E500), Wheat Gluten , Vegeterian Emulsifier (E471, E475), (E481), Salt, Modified Maze Starch, Stabiliser (E466, Xanthan Gum, Guar Gum), Preservatives (Potasium Sorbate, Calcium Propionate, Citric Acid), Vanilla Flavouring Nutritional Information Per Piece Per 100g Energy (kJ) 528 1599 Energy (kCal) 125 380 Fat 6.2 18.9 of which Saturates 1.1 3.3 Carbohydrates 15.5 46.9 of which sugars 8 24.3 Protien 1.9 4.8 Fibre – – Salt 0.3 0.9"
12194,Triple Pack Madeira Cakes,triple-pack-madeira-cakes,34.0,34.0,,False,DKK,kr.,True,Bakery & Dairy,Bakery & Dairy,https://www.sabziwala.dk/wp-content/uploads/2022/06/triple_pack_madeira_5.jpg.mst_-scaled.webp,https://www.sabziwala.dk/wp-content/uploads/2022/06/triple_pack_madeira_5.jpg.mst_-scaled.webp,,0.0,0,https://www.sabziwala.dk/product/triple-pack-madeira-cakes/,,"Love Madeira cake in all its exquisite forms? This triple pack is for you if you cannot settle for a single flavour and want them all. Each pack includes three slices of this divine delight in three delightful flavours; plain (vanilla base), fresh cherries and chocolate chip. A British classic, Regal’s Madeira cake is all you need to make evening tea a wonderful experience. This spongy and moist Madeira cake is made to a traditional Yorkshire recipe that brings back the taste of days bygone. Soft in texture, the Madeira cake is a great snacking option if you’re looking for something light and fluffy to satisfy your mid-day cravings. Pair it up with tea, herbal teas, coffee, hot chocolate, warm milk or have it on its own – the choice is yours Ingredients Cake: Fortified Wheat Flour ( Wheat Flour, Calcium Carbonate, Iron, Niacin, Thiamin), Sugar, Vegetable Oil (rapeseed, Palm fractions), Fresh Eggs , Water, Modified Potato Starch, Vegeterian Glycerine, Vegeterian Whey Powder ( Milk ), Raising Agents (E450, E500), Wheat Gluten , Vegeterian Emulsifier (E471, E475, E481), Salt, Modified Maze Starch, Stabiliser (E466, Xanthan Gum, Guar Gum), Preservatives (Potasium Sorbate, Calcium Propionate, Citric Acid), Vanilla Flavouring Cherries: Cherries, Glucose-Fructose Syrup, Sugar, Acidity Regulator (Citric Acid), Preservative (Potassium Sorbate), Colour (E127 – Erythrosine) Choc Chip: (min cocoa solids 39.1%), Sugar, Cocoa Mass, Cocoa Butter, Emulsifier ( Soya Lecithin), Natural Vanilla Nutritional Information Per Piece Per 100g Energy (kJ) 573 1599 Energy (kCal) 136 380 Fat 6.7 18.9 of which Saturates 1.2 3.3 Carbohydrates 16.8 46.9 of which sugars 8.7 24.3 Protien 1.7 4.8 Fibre – – Salt 0.42 1.17"
12192,Plain Sliced Maderia Cakes,plain-sliced-maderia-cake,32.0,32.0,,False,DKK,kr.,True,Bakery & Dairy,Bakery & Dairy,https://www.sabziwala.dk/wp-content/uploads/2022/06/sliced-madeira.jpg.mst_.webp,https://www.sabziwala.dk/wp-content/uploads/2022/06/sliced-madeira.jpg.mst_.webp,,0.0,0,https://www.sabziwala.dk/product/plain-sliced-maderia-cake/,,"Regal’s plain Madeira cake is one of the family favourites. Moist and soft in texture and mildly flavoured, this cake is a great snacking option if you’re looking for something light and simple to satisfy your mid-day cravings. Perfect for lunchboxes, busy workdays and teatime. This soft moist Madeira cake is made to a traditional Yorkshire recipe that brings back the taste of days bygone. Pair it up with tea, herbal teas, coffee, hot chocolate, warm milk or have it on its own – the choice is yours. Suitable of vegetarians and ready sliced for easy consumption Ingredients Sugar, Fortified Wheat Flour ( Wheat Flour, Calcium Carbonate, Iron, Niacin, Thiamin), Whole Eggs , Rapeseed Oil, Vegetable Oil (Palm Fractions, Rapeseed), Potato Starch, Vegetable Glycerine, Milk Powder, Vegetable Emulsifier (E475, E471), Raising Agent (E450, E500) Salt, Potassium Sorbate, Flavouring: Vanilla. Acidity Regulator: Citric Acid. Stabiliser: Xanthan Gum. Colour: Lutein. Nutritional Information Per Piece Per 100g Energy (kJ) 860 1788 Energy (kCal) 205 426 Fat 8.4 17.5 of which Saturates 3.2 6.6 Carbohydrates 24.1 50 of which sugars 12.2 25.3 Protien 2.5 5.2 Fibre – – Salt 0.4 0.8"
12189,Classic Deluxe Madeira (Long Loaf),classic-deluxe-madeira-long-loaf,32.0,32.0,,False,DKK,kr.,True,Bakery & Dairy,Bakery & Dairy,https://www.sabziwala.dk/wp-content/uploads/2022/06/deluxe_madeira_loaf.jpg.mst_.webp,https://www.sabziwala.dk/wp-content/uploads/2022/06/deluxe_madeira_loaf.jpg.mst_.webp,,0.0,0,https://www.sabziwala.dk/product/classic-deluxe-madeira-long-loaf/,,"Classic Deluxe Madeira (Long Loaf) is available to buy in increments of 1 A British classic, Regal’s plain Madeira cake is one of the family favourites. Moist and soft in texture with a mild vanilla flavoured base, this cake is a great snacking option if you’re looking for something light, fluffy and simple to satisfy your mid-day cravings. Perfect for lunchboxes, busy workdays and teatime. This soft moist Madeira cake is made to a traditional Yorkshire recipe that brings back the taste of days bygone. Pair this classic delight up with tea, herbal teas, coffee, hot chocolate, warm milk or have it on its own – you’ll love it regardless. Save up by ordering our deluxe family pack loaf. Ingredients Fortified Wheat Flour ( Wheat Flour, Calcium Carbonate, Iron, Niacin, Thiamin), Sugar, Vegetable Oil (rapeseed, Palm fractions), Eggs , Water, Modified Potato Starch, Vegeterian Glycerine, Vegeterian Whey Powder ( Milk ), Raising Agents (E450, E500), Wheat Gluten , Vegeterian Emulsifier (E471, E475), (E481), Salt, Modified Maize Starch, Stabiliser (E466, Xanthan Gum, Guar Gum), Preservatives (Potasium Sorbate, Calcium Propionate, Citric Acid), Vanilla Flavouring Nutritional Information Per Piece Per 100g Energy (kJ) 761 1692 Energy (kCal) 181 404 Fat 8.55 19 of which Saturates 1.44 3.2 Carbohydrates 23.9 53.1 of which sugars 11.9 26.4 Protien 2.4 5.4 Fibre – – Salt 0.19 0.43"
12187,Jaman – 1 Kg,jaman-1-kg,165.0,165.0,,False,DKK,kr.,False,Fruits,Fruits,https://www.sabziwala.dk/wp-content/uploads/2022/06/50a95aa8-904f-11ea-aa6a-9a8a3abc8375_1588934440834_1588934822311.webp,https://www.sabziwala.dk/wp-content/uploads/2022/06/50a95aa8-904f-11ea-aa6a-9a8a3abc8375_1588934440834_1588934822311.webp,,0.0,0,https://www.sabziwala.dk/product/jaman-1-kg/,,
12164,Garlic & Corainder,product-12,25.0,25.0,,False,DKK,kr.,True,Others,Others,https://www.sabziwala.dk/wp-content/uploads/2022/06/37842.jpg,https://www.sabziwala.dk/wp-content/uploads/2022/06/37842.jpg,,0.0,0,https://www.sabziwala.dk/product/product-12/,,
12162,Garam Masala Whole 500g,garam,65.0,65.0,,False,DKK,kr.,True,Herbs and Spices,Herbs and Spices,https://www.sabziwala.dk/wp-content/uploads/2022/06/37841-scaled.jpg,https://www.sabziwala.dk/wp-content/uploads/2022/06/37841-scaled.jpg,,0.0,0,https://www.sabziwala.dk/product/garam/,,
12156,Whole Long Chilli 50g,whole-long-chilli-50g,15.0,15.0,,False,DKK,kr.,True,Herbs and Spices,Herbs and Spices,https://www.sabziwala.dk/wp-content/uploads/2022/06/heera-chilli-whole-long-50g-1.jpg,https://www.sabziwala.dk/wp-content/uploads/2022/06/heera-chilli-whole-long-50g-1.jpg,,0.0,0,https://www.sabziwala.dk/product/whole-long-chilli-50g/,,
12102,Mint Sauce 2.27 Ltr.,mint-sauce-2-27-ltr,110.0,110.0,,False,DKK,kr.,True,Sauce,Sauce,https://www.sabziwala.dk/wp-content/uploads/2022/06/Khanum.webp,https://www.sabziwala.dk/wp-content/uploads/2022/06/Khanum.webp,,0.0,0,https://www.sabziwala.dk/product/mint-sauce-2-27-ltr/,,Khanum
12100,Cream Roll,cream-roll,25.0,25.0,,False,DKK,kr.,True,Bakery & Dairy,Bakery & Dairy,https://www.sabziwala.dk/wp-content/uploads/2022/06/KCBMiniFancyRolls.webp,https://www.sabziwala.dk/wp-content/uploads/2022/06/KCBMiniFancyRolls.webp,,0.0,0,https://www.sabziwala.dk/product/cream-roll/,,Mini Fancy Roll – Cream Filled with a Coconut Side
12098,Olive Oil 200ml,olive-oil-200ml,40.0,40.0,,False,DKK,kr.,True,Beauty & Health,Beauty & Health,https://www.sabziwala.dk/wp-content/uploads/2022/06/oLIVE.png,https://www.sabziwala.dk/wp-content/uploads/2022/06/oLIVE.png,,0.0,0,https://www.sabziwala.dk/product/olive-oil-200ml/,,Hair Oil – Cosmo
12096,Baby Powder 500g,baby-powder-500g,45.0,45.0,,False,DKK,kr.,True,Baby items,Baby items,https://www.sabziwala.dk/wp-content/uploads/2022/06/POWDER-500G.jpg,https://www.sabziwala.dk/wp-content/uploads/2022/06/POWDER-500G.jpg,,0.0,0,https://www.sabziwala.dk/product/baby-powder-500g/,,
12094,Baby Powder 200g,baby-powder-200g,25.0,25.0,,False,DKK,kr.,True,Baby items,Baby items,https://www.sabziwala.dk/wp-content/uploads/2022/06/POWDER-200G.jpg,https://www.sabziwala.dk/wp-content/uploads/2022/06/POWDER-200G.jpg,,0.0,0,https://www.sabziwala.dk/product/baby-powder-200g/,,
12092,Baby Oil 200ml,baby-oil-200ml,30.0,30.0,,False,DKK,kr.,True,Baby items,Baby items,https://www.sabziwala.dk/wp-content/uploads/2022/06/Oil-200ml.jpg,https://www.sabziwala.dk/wp-content/uploads/2022/06/Oil-200ml.jpg,,0.0,0,https://www.sabziwala.dk/product/baby-oil-200ml/,,
12090,Baby Oil 500ml,baby-oil-500ml,65.0,65.0,,False,DKK,kr.,True,Baby items,Baby items,https://www.sabziwala.dk/wp-content/uploads/2022/06/Oil-500ml.jpg,https://www.sabziwala.dk/wp-content/uploads/2022/06/Oil-500ml.jpg,,0.0,0,https://www.sabziwala.dk/product/baby-oil-500ml/,,
12088,Baby Shampoo 500ml,baby-shampoo-500ml,45.0,45.0,,False,DKK,kr.,True,Baby items,Baby items,https://www.sabziwala.dk/wp-content/uploads/2022/06/shampoo-500ml.jpg,https://www.sabziwala.dk/wp-content/uploads/2022/06/shampoo-500ml.jpg,,0.0,0,https://www.sabziwala.dk/product/baby-shampoo-500ml/,,
12086,Baby Lotion 500ml,baby-lotion-300ml-2,48.0,48.0,,False,DKK,kr.,True,Baby items,Baby items,https://www.sabziwala.dk/wp-content/uploads/2022/06/Lotion-500ml.jpeg,https://www.sabziwala.dk/wp-content/uploads/2022/06/Lotion-500ml.jpeg,,0.0,0,https://www.sabziwala.dk/product/baby-lotion-300ml-2/,,
12084,Baby Lotion 300ml,baby-lotion-300ml,38.0,38.0,,False,DKK,kr.,True,Baby items,Baby items,https://www.sabziwala.dk/wp-content/uploads/2022/06/Lotion-300ml.jpg,https://www.sabziwala.dk/wp-content/uploads/2022/06/Lotion-300ml.jpg,,0.0,0,https://www.sabziwala.dk/product/baby-lotion-300ml/,,
12082,Baby Bath 300ml,baby-bath-300ml,33.0,33.0,,False,DKK,kr.,True,Baby items,Baby items,https://www.sabziwala.dk/wp-content/uploads/2022/06/300ML.jpg,https://www.sabziwala.dk/wp-content/uploads/2022/06/300ML.jpg,,0.0,0,https://www.sabziwala.dk/product/baby-bath-300ml/,,
12079,Baby Shampoo 300ml,baby-shampoo-300ml,32.0,32.0,,False,DKK,kr.,True,Baby items,Baby items,https://www.sabziwala.dk/wp-content/uploads/2022/06/0357450_johnsons-baby-shampoo-300-ml.jpg,https://www.sabziwala.dk/wp-content/uploads/2022/06/0357450_johnsons-baby-shampoo-300-ml.jpg,,0.0,0,https://www.sabziwala.dk/product/baby-shampoo-300ml/,,
12052,Baby Bath 500ml,baby-bath-500ml,48.0,48.0,,False,DKK,kr.,True,Baby items,Baby items,https://www.sabziwala.dk/wp-content/uploads/2022/06/0381688_johnsons-babybad-vask-500-ml.jpg,https://www.sabziwala.dk/wp-content/uploads/2022/06/0381688_johnsons-babybad-vask-500-ml.jpg,,0.0,0,https://www.sabziwala.dk/product/baby-bath-500ml/,,
12050,Baby Bath 200ml,baby-bath-200ml,15.0,20.0,15.0,True,DKK,kr.,False,Baby items,Baby items,https://www.sabziwala.dk/wp-content/uploads/2022/06/johnsons-baby-bath-200ml-p14732-15554_zoom.jpg,https://www.sabziwala.dk/wp-content/uploads/2022/06/johnsons-baby-bath-200ml-p14732-15554_zoom.jpg,,0.0,0,https://www.sabziwala.dk/product/baby-bath-200ml/,,Johnson’s Baby Bath is a pure and gently mild formula to cleanse and leave your baby’s skin feeling smooth and healthy.
12022,"Honey Mango 1,4 Kg x 1 Box",honey-mango-14-kg-2,75.0,75.0,,False,DKK,kr.,True,Fruits,Fruits,https://www.sabziwala.dk/wp-content/uploads/2022/06/Pakistani-Mangoes.jpg,https://www.sabziwala.dk/wp-content/uploads/2022/06/Pakistani-Mangoes.jpg,50,0.0,0,https://www.sabziwala.dk/product/honey-mango-14-kg-2/,,
12019,"Honey Mango 1,4 Kg * 3 Box",honey-mango-14-kg,225.0,225.0,,False,DKK,kr.,True,Fruits,Fruits,https://www.sabziwala.dk/wp-content/uploads/2022/06/Pakistani-Mangoes.jpg,https://www.sabziwala.dk/wp-content/uploads/2022/06/Pakistani-Mangoes.jpg,100,0.0,0,https://www.sabziwala.dk/product/honey-mango-14-kg/,,Sindhri & Chaunsa
12016,Peanut 375 Gr,peanut-375-gr,35.0,35.0,,False,DKK,kr.,True,Dry fruits and Nuts,Dry fruits and Nuts,https://www.sabziwala.dk/wp-content/uploads/2022/05/36768-scaled.jpg,https://www.sabziwala.dk/wp-content/uploads/2022/05/36768-scaled.jpg,,0.0,0,https://www.sabziwala.dk/product/peanut-375-gr/,,
12014,Peanut 1.5 Kg,peanut-1-5-kg,85.0,85.0,,False,DKK,kr.,True,Dry fruits and Nuts,Dry fruits and Nuts,https://www.sabziwala.dk/wp-content/uploads/2022/05/36767-scaled.jpg,https://www.sabziwala.dk/wp-content/uploads/2022/05/36767-scaled.jpg,,0.0,0,https://www.sabziwala.dk/product/peanut-1-5-kg/,,
12012,Soya Chaap 800Gr,soya-chaap-800gr,30.0,30.0,,False,DKK,kr.,True,Canned Food,Canned Food,https://www.sabziwala.dk/wp-content/uploads/2022/05/36762-scaled.jpg,https://www.sabziwala.dk/wp-content/uploads/2022/05/36762-scaled.jpg,,0.0,0,https://www.sabziwala.dk/product/soya-chaap-800gr/,,
12007,Powa 300 g,powa-300-g,20.0,20.0,,False,DKK,kr.,True,Rice flakes,Rice flakes,https://www.sabziwala.dk/wp-content/uploads/2022/05/powa.gif,https://www.sabziwala.dk/wp-content/uploads/2022/05/powa.gif,,0.0,0,https://www.sabziwala.dk/product/powa-300-g/,,
12005,Far Far Potato Hoops 200g,far-far-potato-hoops-200g,25.0,25.0,,False,DKK,kr.,True,Fry Products,Fry Products,https://www.sabziwala.dk/wp-content/uploads/2022/05/Far-Far-Top-op.jpg,https://www.sabziwala.dk/wp-content/uploads/2022/05/Far-Far-Top-op.jpg,,0.0,0,https://www.sabziwala.dk/product/far-far-potato-hoops-200g/,,
12003,Rio Biscuits Vanilla,rio-biscuits-vanilla,12.0,12.0,,False,DKK,kr.,True,Cake Rusk & Cookies,Cake Rusk & Cookies,https://www.sabziwala.dk/wp-content/uploads/2022/05/RIO-Vanilla.jpg,https://www.sabziwala.dk/wp-content/uploads/2022/05/RIO-Vanilla.jpg,,0.0,0,https://www.sabziwala.dk/product/rio-biscuits-vanilla/,,
12002,Tamarind Concentrate 400g,tamarind-concentrate-400g,33.0,33.0,,False,DKK,kr.,True,Sauce,Sauce,https://www.sabziwala.dk/wp-content/uploads/2022/05/36193.jpg,https://www.sabziwala.dk/wp-content/uploads/2022/05/36193.jpg,,0.0,0,https://www.sabziwala.dk/product/tamarind-concentrate-400g/,,
11999,KURKURE (NAUGHTY TOMATO ),kurkure-naughty-tomato,15.0,15.0,,False,DKK,kr.,True,Snack & savories,Snack & savories,https://www.sabziwala.dk/wp-content/uploads/2022/05/51H6Gy5QlVL._SX300_SY300_QL70_ML2_.jpg,https://www.sabziwala.dk/wp-content/uploads/2022/05/51H6Gy5QlVL._SX300_SY300_QL70_ML2_.jpg,,0.0,0,https://www.sabziwala.dk/product/kurkure-naughty-tomato/,,
11997,Mango Slices 850g,mango-slices-850g,48.0,48.0,,False,DKK,kr.,True,Canned Food,Canned Food,https://www.sabziwala.dk/wp-content/uploads/2022/05/Mango-Slices.webp,https://www.sabziwala.dk/wp-content/uploads/2022/05/Mango-Slices.webp,,0.0,0,https://www.sabziwala.dk/product/mango-slices-850g/,,
11994,Frooti Mango 1 Ltr.,frooti-mango-1-ltr,20.0,20.0,,False,DKK,kr.,False,Juice & Water,Juice & Water,https://www.sabziwala.dk/wp-content/uploads/2022/05/2-25-l-frooti-mango-drink-500x500-1.jpeg,https://www.sabziwala.dk/wp-content/uploads/2022/05/2-25-l-frooti-mango-drink-500x500-1.jpeg,,0.0,0,https://www.sabziwala.dk/product/frooti-mango-1-ltr/,,Mango
11992,Pani Puri Concentrate 190g,pani-puri-concentrate-190g,25.0,25.0,,False,DKK,kr.,True,Sauce,Sauce,https://www.sabziwala.dk/wp-content/uploads/2022/05/AshokaPaniPuriConcentrate190g.jpg,https://www.sabziwala.dk/wp-content/uploads/2022/05/AshokaPaniPuriConcentrate190g.jpg,,0.0,0,https://www.sabziwala.dk/product/pani-puri-concentrate-190g/,,With Olive oil
11990,Mint Chutney 190g,mint-chutney-190g,22.0,22.0,,False,DKK,kr.,True,Sauce,Sauce,https://www.sabziwala.dk/wp-content/uploads/2022/05/ashoka-mint-chutney.jpg,https://www.sabziwala.dk/wp-content/uploads/2022/05/ashoka-mint-chutney.jpg,,0.0,0,https://www.sabziwala.dk/product/mint-chutney-190g/,,with olive oil
11988,Mint Sauce 165g,mint-sauce-165g,23.0,23.0,,False,DKK,kr.,True,Sauce,Sauce,https://www.sabziwala.dk/wp-content/uploads/2022/05/colmans-mint-sauce-165g-682432_1024x1024.webp,https://www.sabziwala.dk/wp-content/uploads/2022/05/colmans-mint-sauce-165g-682432_1024x1024.webp,,0.0,0,https://www.sabziwala.dk/product/mint-sauce-165g/,,
11985,SLANTY (Jalapeno),slanty-jalapeno,15.0,15.0,,False,DKK,kr.,True,Snack & savories,Snack & savories,https://www.sabziwala.dk/wp-content/uploads/2022/05/Slanty.jpg,https://www.sabziwala.dk/wp-content/uploads/2022/05/Slanty.jpg,,0.0,0,https://www.sabziwala.dk/product/slanty-jalapeno/,,Kolson
11983,SLANTY (Vegetable),slanty-vegetable,15.0,15.0,,False,DKK,kr.,True,Snack & savories,Snack & savories,https://www.sabziwala.dk/wp-content/uploads/2022/05/Slanty_Vegetable__GC-740__60g_1024x1024.webp,https://www.sabziwala.dk/wp-content/uploads/2022/05/Slanty_Vegetable__GC-740__60g_1024x1024.webp,,0.0,0,https://www.sabziwala.dk/product/slanty-vegetable/,,Kolson
11981,SLANTY (Salted),slanty-salted,15.0,15.0,,False,DKK,kr.,True,Snack & savories,Snack & savories,https://www.sabziwala.dk/wp-content/uploads/2022/05/slanty-salted.jpg,https://www.sabziwala.dk/wp-content/uploads/2022/05/slanty-salted.jpg,,0.0,0,https://www.sabziwala.dk/product/slanty-salted/,,Kolson
11979,Coriander Whole (Dhania) 400g,product-11,32.0,32.0,,False,DKK,kr.,True,Herbs and Spices,Herbs and Spices,https://www.sabziwala.dk/wp-content/uploads/2022/05/34437-scaled.jpg,https://www.sabziwala.dk/wp-content/uploads/2022/05/34437-scaled.jpg,,0.0,0,https://www.sabziwala.dk/product/product-11/,,
11977,NIDO – 400g,nido-2,65.0,65.0,,False,DKK,kr.,True,Bakery & Dairy,Bakery & Dairy,https://www.sabziwala.dk/wp-content/uploads/2022/05/34435-scaled.jpg,https://www.sabziwala.dk/wp-content/uploads/2022/05/34435-scaled.jpg,,0.0,0,https://www.sabziwala.dk/product/nido-2/,,Instant Cream milk powder
11974,Milk Rusk 560g,milk-rusk-560g,35.0,48.0,35.0,True,DKK,kr.,True,Bakery & Dairy,Bakery & Dairy,https://www.sabziwala.dk/wp-content/uploads/2022/05/Milk-Rusk.jpg,https://www.sabziwala.dk/wp-content/uploads/2022/05/Milk-Rusk.jpg,2,0.0,0,https://www.sabziwala.dk/product/milk-rusk-560g/,,Britannia – Toastea
11972,FOOD COLOUR (GREEN) 25g,food-colour-green-25g,15.0,15.0,,False,DKK,kr.,True,Aggarbati & Colour,Aggarbati & Colour,https://www.sabziwala.dk/wp-content/uploads/2022/05/Green.jpg,https://www.sabziwala.dk/wp-content/uploads/2022/05/Green.jpg,,0.0,0,https://www.sabziwala.dk/product/food-colour-green-25g/,,
11970,FOOD COLOUR (ORANGE) 25g,food-colour-orange-25g,15.0,15.0,,False,DKK,kr.,True,Aggarbati & Colour,Aggarbati & Colour,https://www.sabziwala.dk/wp-content/uploads/2022/05/orange-food-colour-trsnatcobalah-spice-baazwsh-25g-728976.jpg,https://www.sabziwala.dk/wp-content/uploads/2022/05/orange-food-colour-trsnatcobalah-spice-baazwsh-25g-728976.jpg,,0.0,0,https://www.sabziwala.dk/product/food-colour-orange-25g/,,
11968,FOOD COLOUR (YELLOW) 25g,food-colour-yellow-25g,15.0,15.0,,False,DKK,kr.,True,Aggarbati & Colour,Aggarbati & Colour,https://www.sabziwala.dk/wp-content/uploads/2022/05/Yellow-Colour.jpg,https://www.sabziwala.dk/wp-content/uploads/2022/05/Yellow-Colour.jpg,,0.0,0,https://www.sabziwala.dk/product/food-colour-yellow-25g/,,
11966,FOOD COLOUR (RED) 25g,food-colour-red-25g,15.0,15.0,,False,DKK,kr.,True,Aggarbati & Colour,Aggarbati & Colour,https://www.sabziwala.dk/wp-content/uploads/2022/05/TRS-Food-Colour-Red-25g.jpg,https://www.sabziwala.dk/wp-content/uploads/2022/05/TRS-Food-Colour-Red-25g.jpg,,0.0,0,https://www.sabziwala.dk/product/food-colour-red-25g/,,Red Colour
11964,Brylcreem 250ml,brylcreem-250ml,35.0,35.0,,False,DKK,kr.,False,Beauty & Health,Beauty & Health,https://www.sabziwala.dk/wp-content/uploads/2022/05/brylcreem-original-250ml.webp,https://www.sabziwala.dk/wp-content/uploads/2022/05/brylcreem-original-250ml.webp,,0.0,0,https://www.sabziwala.dk/product/brylcreem-250ml/,,Original
11962,Kone Henna Tube,kone-henna-tube,30.0,30.0,,False,DKK,kr.,True,Beauty & Health,Beauty & Health,https://www.sabziwala.dk/wp-content/uploads/2022/05/34433-scaled.jpg,https://www.sabziwala.dk/wp-content/uploads/2022/05/34433-scaled.jpg,,0.0,0,https://www.sabziwala.dk/product/kone-henna-tube/,,Mehndi
11960,Badam Pista Falooda,badam-pista-falooda,23.0,23.0,,False,DKK,kr.,False,Desserts & Sweets,Desserts & Sweets,https://www.sabziwala.dk/wp-content/uploads/2022/05/34430-scaled.jpg,https://www.sabziwala.dk/wp-content/uploads/2022/05/34430-scaled.jpg,,0.0,0,https://www.sabziwala.dk/product/badam-pista-falooda/,,
11957,Zeera Sticks 200g,zeera-sticks-200g,22.0,22.0,,False,DKK,kr.,True,Bakery & Dairy,Bakery & Dairy,https://www.sabziwala.dk/wp-content/uploads/2022/05/Zeera-Sticks-200g.jpg,https://www.sabziwala.dk/wp-content/uploads/2022/05/Zeera-Sticks-200g.jpg,,0.0,0,https://www.sabziwala.dk/product/zeera-sticks-200g/,,Puff Pastry Snack – Indulge
11955,Cake Rusk 550g,cake-rusk-550g,35.0,35.0,,False,DKK,kr.,True,Bakery & Dairy,Bakery & Dairy,https://www.sabziwala.dk/wp-content/uploads/2022/05/Cake-Rusk-Britannia.png,https://www.sabziwala.dk/wp-content/uploads/2022/05/Cake-Rusk-Britannia.png,,0.0,0,https://www.sabziwala.dk/product/cake-rusk-550g/,,
11946,Lachha Naan,lachha-naan,25.0,25.0,,False,DKK,kr.,True,Frozen Pratha & Naan,Frozen Pratha & Naan,https://www.sabziwala.dk/wp-content/uploads/2022/04/2384493119.jpg,https://www.sabziwala.dk/wp-content/uploads/2022/04/2384493119.jpg,,0.0,0,https://www.sabziwala.dk/product/lachha-naan/,,Tandoori Lachha Naan 340gr – 4pcs
11944,Garlic Naan – Family Pack,garlic-naan-family-pack,70.0,70.0,,False,DKK,kr.,False,Frozen Pratha & Naan,Frozen Pratha & Naan,https://www.sabziwala.dk/wp-content/uploads/2022/04/Garlic-Naan.jpg,https://www.sabziwala.dk/wp-content/uploads/2022/04/Garlic-Naan.jpg,,0.0,0,https://www.sabziwala.dk/product/garlic-naan-family-pack/,,Tandoori Naan 1020gr – 12pcs
11942,Sausages /Pølser 340g,sausages-polser-340g,15.0,15.0,,False,DKK,kr.,True,Kebab. Nuggets and Sausage,Kebab. Nuggets and Sausage,https://www.sabziwala.dk/wp-content/uploads/2022/04/34298-scaled.jpg,https://www.sabziwala.dk/wp-content/uploads/2022/04/34298-scaled.jpg,,0.0,0,https://www.sabziwala.dk/product/sausages-polser-340g/,,AL-AKSSA
11940,Chicken Burger 720g,chicken-burger-720g,65.0,65.0,,False,DKK,kr.,True,Kebab. Nuggets and Sausage,Kebab. Nuggets and Sausage,https://www.sabziwala.dk/wp-content/uploads/2022/04/34296-scaled.jpg,https://www.sabziwala.dk/wp-content/uploads/2022/04/34296-scaled.jpg | https://www.sabziwala.dk/wp-content/uploads/2022/04/34296-1-scaled.jpg,,0.0,0,https://www.sabziwala.dk/product/chicken-burger-720g/,,AL-AKSSA
11937,Chicken Kabab 720g,chicken-kebab-720g,65.0,65.0,,False,DKK,kr.,True,Kebab. Nuggets and Sausage,Kebab. Nuggets and Sausage,https://www.sabziwala.dk/wp-content/uploads/2022/04/34295-scaled.jpg,https://www.sabziwala.dk/wp-content/uploads/2022/04/34295-scaled.jpg | https://www.sabziwala.dk/wp-content/uploads/2022/04/34294-scaled.jpg,,0.0,0,https://www.sabziwala.dk/product/chicken-kebab-720g/,,AL-AKSSA
11934,Chicken Burger 2.75Kg,chicken-burger-2-75kg,170.0,170.0,,False,DKK,kr.,True,Kebab. Nuggets and Sausage,Kebab. Nuggets and Sausage,https://www.sabziwala.dk/wp-content/uploads/2022/04/34293.jpg,https://www.sabziwala.dk/wp-content/uploads/2022/04/34293.jpg,,0.0,0,https://www.sabziwala.dk/product/chicken-burger-2-75kg/,,
11931,Paneer 500g,paneer-500g,75.0,75.0,,False,DKK,kr.,True,Milk,Milk,https://www.sabziwala.dk/wp-content/uploads/2022/04/34288-scaled.jpg,https://www.sabziwala.dk/wp-content/uploads/2022/04/34288-scaled.jpg,,0.0,0,https://www.sabziwala.dk/product/paneer-500g/,,Dairy Valley
11929,Paneer 1Kg,paneer-1kg,144.0,144.0,,False,DKK,kr.,True,Milk,Milk,https://www.sabziwala.dk/wp-content/uploads/2022/04/34290-scaled.jpg,https://www.sabziwala.dk/wp-content/uploads/2022/04/34290-scaled.jpg,,0.0,0,https://www.sabziwala.dk/product/paneer-1kg/,,Dairy Valley
11927,Chana Masala 50g,chana-masala-50g,13.0,13.0,,False,DKK,kr.,True,Ready Masala,Ready Masala,https://www.sabziwala.dk/wp-content/uploads/2022/04/34277-scaled.jpg,https://www.sabziwala.dk/wp-content/uploads/2022/04/34277-scaled.jpg,,0.0,0,https://www.sabziwala.dk/product/chana-masala-50g/,,
11925,Chana Chaat 50g,chana-chaat-50g,13.0,13.0,,False,DKK,kr.,True,Ready Masala,Ready Masala,https://www.sabziwala.dk/wp-content/uploads/2022/04/34278-scaled.jpg,https://www.sabziwala.dk/wp-content/uploads/2022/04/34278-scaled.jpg,,0.0,0,https://www.sabziwala.dk/product/chana-chaat-50g/,,
11923,Vermicelli 500g,vermicelli-500g,22.0,22.0,,False,DKK,kr.,True,Desserts & Sweets,Desserts & Sweets,https://www.sabziwala.dk/wp-content/uploads/2022/04/34274-scaled.jpg,https://www.sabziwala.dk/wp-content/uploads/2022/04/34274-scaled.jpg,,0.0,0,https://www.sabziwala.dk/product/vermicelli-500g/,,
11921,Soja Planteolie 10Ltr.,soja-planteolie-10ltr,260.0,260.0,,False,DKK,kr.,True,Oil & Ghee,Oil & Ghee,https://www.sabziwala.dk/wp-content/uploads/2022/04/34272-scaled.jpg,https://www.sabziwala.dk/wp-content/uploads/2022/04/34272-scaled.jpg,,0.0,0,https://www.sabziwala.dk/product/soja-planteolie-10ltr/,,
11919,Tikka Seekh Kabab 100g,tikka-seekh-kabab-100g,20.0,20.0,,False,DKK,kr.,True,Ready Masala,Ready Masala,https://www.sabziwala.dk/wp-content/uploads/2022/04/34267-scaled.jpg,https://www.sabziwala.dk/wp-content/uploads/2022/04/34267-scaled.jpg,,0.0,0,https://www.sabziwala.dk/product/tikka-seekh-kabab-100g/,,
11917,Karahi 100g,karahi-100g,20.0,20.0,,False,DKK,kr.,True,Ready Masala,Ready Masala,https://www.sabziwala.dk/wp-content/uploads/2022/04/34266-scaled.jpg,https://www.sabziwala.dk/wp-content/uploads/2022/04/34266-scaled.jpg,,0.0,0,https://www.sabziwala.dk/product/karahi-100g/,,
11915,Seekh Kabab 100g,seekh-kabab-100g,20.0,20.0,,False,DKK,kr.,True,Ready Masala,Ready Masala,https://www.sabziwala.dk/wp-content/uploads/2022/04/34265-scaled.jpg,https://www.sabziwala.dk/wp-content/uploads/2022/04/34265-scaled.jpg,,0.0,0,https://www.sabziwala.dk/product/seekh-kabab-100g/,,
11913,Sindhi Biryani 120g,sindhi-biryani-120g,20.0,20.0,,False,DKK,kr.,True,Ready Masala,Ready Masala,https://www.sabziwala.dk/wp-content/uploads/2022/04/34264-1-scaled.jpg,https://www.sabziwala.dk/wp-content/uploads/2022/04/34264-1-scaled.jpg,,0.0,0,https://www.sabziwala.dk/product/sindhi-biryani-120g/,,
11910,Chicken Tikka 100g,chicken-tikka-100g,20.0,20.0,,False,DKK,kr.,True,Ready Masala,Ready Masala,https://www.sabziwala.dk/wp-content/uploads/2022/04/34263-scaled.jpg,https://www.sabziwala.dk/wp-content/uploads/2022/04/34263-scaled.jpg,,0.0,0,https://www.sabziwala.dk/product/chicken-tikka-100g/,,
11906,Meat Samosa 20,meat-samosa-20-2,60.0,60.0,,False,DKK,kr.,True,Frozen Samosa and Spring Roll/Dej,Frozen Samosa and Spring Roll/Dej,https://www.sabziwala.dk/wp-content/uploads/2022/04/MEAT.jpg,https://www.sabziwala.dk/wp-content/uploads/2022/04/MEAT.jpg,,0.0,0,https://www.sabziwala.dk/product/meat-samosa-20-2/,,650g
11904,Chicken Samosas 20,chicken-samosas-20-2,65.0,65.0,,False,DKK,kr.,True,Frozen Samosa and Spring Roll/Dej,Frozen Samosa and Spring Roll/Dej,https://www.sabziwala.dk/wp-content/uploads/2022/04/SHAZAN-20-CHICKEN-SAMOSA-10PKT.jpg,https://www.sabziwala.dk/wp-content/uploads/2022/04/SHAZAN-20-CHICKEN-SAMOSA-10PKT.jpg,,0.0,0,https://www.sabziwala.dk/product/chicken-samosas-20-2/,,650g
11902,Vegetable Samosas 20,vegetable-samosas-20,60.0,60.0,,False,DKK,kr.,True,Frozen Samosa and Spring Roll/Dej,Frozen Samosa and Spring Roll/Dej,https://www.sabziwala.dk/wp-content/uploads/2022/04/shazans_20_vegetable_samosas.jpg,https://www.sabziwala.dk/wp-content/uploads/2022/04/shazans_20_vegetable_samosas.jpg,,0.0,0,https://www.sabziwala.dk/product/vegetable-samosas-20/,,650g
11900,Tuna 1 Kg,tuna-1-kg,70.0,70.0,,False,DKK,kr.,True,Frozen Products,Frozen Products,https://www.sabziwala.dk/wp-content/uploads/2022/04/SUNNYFRIGATETUNA1KG__34058.1591335026.jpg,https://www.sabziwala.dk/wp-content/uploads/2022/04/SUNNYFRIGATETUNA1KG__34058.1591335026.jpg,,0.0,0,https://www.sabziwala.dk/product/tuna-1-kg/,,
11898,Boondi Masala 200g,boondi-masala-200g,20.0,20.0,,False,DKK,kr.,True,Others,Others; Snack & savories,https://www.sabziwala.dk/wp-content/uploads/2022/04/masala-boondi-200g.png,https://www.sabziwala.dk/wp-content/uploads/2022/04/masala-boondi-200g.png,,0.0,0,https://www.sabziwala.dk/product/boondi-masala-200g/,,
11896,Dal Biji 200g,dal-biji-200g,20.0,20.0,,False,DKK,kr.,True,Haldiram's Snacks,Haldiram's Snacks,https://www.sabziwala.dk/wp-content/uploads/2022/04/Dal-Biji.jpg,https://www.sabziwala.dk/wp-content/uploads/2022/04/Dal-Biji.jpg,,0.0,0,https://www.sabziwala.dk/product/dal-biji-200g/,,
11894,Bombay Mix 200g,bombay-mix-200g,20.0,20.0,,False,DKK,kr.,True,Haldiram's Snacks,Haldiram's Snacks,https://www.sabziwala.dk/wp-content/uploads/2022/04/Bombay-Mix.jpg,https://www.sabziwala.dk/wp-content/uploads/2022/04/Bombay-Mix.jpg,,0.0,0,https://www.sabziwala.dk/product/bombay-mix-200g/,,
11892,Hara Chiwda 200g,hara-chiwda-200g,20.0,20.0,,False,DKK,kr.,True,Haldiram's Snacks,Haldiram's Snacks,https://www.sabziwala.dk/wp-content/uploads/2022/04/HARA-CHIWDA-200G.jpg,https://www.sabziwala.dk/wp-content/uploads/2022/04/HARA-CHIWDA-200G.jpg,,0.0,0,https://www.sabziwala.dk/product/hara-chiwda-200g/,,
11890,Chana Dal 200g,chana-dal-200g,20.0,20.0,,False,DKK,kr.,True,Haldiram's Snacks,Haldiram's Snacks,https://www.sabziwala.dk/wp-content/uploads/2022/04/chana-dal-haldiram.jpg,https://www.sabziwala.dk/wp-content/uploads/2022/04/chana-dal-haldiram.jpg,,0.0,0,https://www.sabziwala.dk/product/chana-dal-200g/,,
11888,Jelly Crystals Pineapple Flavour,jelly-crystals-pineapple-flavour,12.0,12.0,,False,DKK,kr.,True,Jelly,Jelly,https://www.sabziwala.dk/wp-content/uploads/2022/04/laziza-jelly-pineapple-scaled-600x600-1.jpg,https://www.sabziwala.dk/wp-content/uploads/2022/04/laziza-jelly-pineapple-scaled-600x600-1.jpg,,0.0,0,https://www.sabziwala.dk/product/jelly-crystals-pineapple-flavour/,,
11886,Jelly Crystals Mango Flavour,jelly-crystals-mango-flavour,12.0,12.0,,False,DKK,kr.,True,Jelly,Jelly,https://www.sabziwala.dk/wp-content/uploads/2022/04/mango-flavour.webp,https://www.sabziwala.dk/wp-content/uploads/2022/04/mango-flavour.webp,,0.0,0,https://www.sabziwala.dk/product/jelly-crystals-mango-flavour/,,
11884,Jelly Crystals Orange Flavour,jelly-crystals-orange-flavour,12.0,12.0,,False,DKK,kr.,True,Jelly,Jelly,https://www.sabziwala.dk/wp-content/uploads/2022/04/Laziza-Jelly-Orange.jpg,https://www.sabziwala.dk/wp-content/uploads/2022/04/Laziza-Jelly-Orange.jpg,,0.0,0,https://www.sabziwala.dk/product/jelly-crystals-orange-flavour/,,
11882,Plain Naan,product-10,25.0,25.0,,False,DKK,kr.,True,Others,Others,https://www.sabziwala.dk/wp-content/uploads/2022/04/34159-scaled.jpg,https://www.sabziwala.dk/wp-content/uploads/2022/04/34159-scaled.jpg,,0.0,0,https://www.sabziwala.dk/product/product-10/,,4 Naans
11879,Ras Gulla 1 Kg,ras-gulla-1-kg,65.0,65.0,,False,DKK,kr.,True,Mithai Sweets & Mouth Freshner,Mithai Sweets & Mouth Freshner,https://www.sabziwala.dk/wp-content/uploads/2022/04/Ras-Gula-1Kg.jpg,https://www.sabziwala.dk/wp-content/uploads/2022/04/Ras-Gula-1Kg.jpg,,0.0,0,https://www.sabziwala.dk/product/ras-gulla-1-kg/,,"Haldiram Rasgulla,Traditional Pakistani / Indian Sweets Made of Cow Milk 1Kg"
11877,Gulab Jamun 1Kg,gulab-jamun-1kg,65.0,65.0,,False,DKK,kr.,True,Mithai Sweets & Mouth Freshner,Mithai Sweets & Mouth Freshner,https://www.sabziwala.dk/wp-content/uploads/2022/04/Gulab-Jamun-1-Kg.jpg,https://www.sabziwala.dk/wp-content/uploads/2022/04/Gulab-Jamun-1-Kg.jpg,,0.0,0,https://www.sabziwala.dk/product/gulab-jamun-1kg/,,"Haldiram Gulab Jamun,Traditional Pakistani / Indian Sweets Made of Cow Milk 1Kg"
11875,Alsi (Flax Seeds) 100g,alsi-seeds-100g,15.0,15.0,,False,DKK,kr.,True,Herbs and Spices,Herbs and Spices,https://www.sabziwala.dk/wp-content/uploads/2022/04/34157-scaled.jpg,https://www.sabziwala.dk/wp-content/uploads/2022/04/34157-scaled.jpg,,0.0,0,https://www.sabziwala.dk/product/alsi-seeds-100g/,,
11873,Maggi 200g,maggi-200g,25.0,25.0,,False,DKK,kr.,True,Sauce,Sauce,https://www.sabziwala.dk/wp-content/uploads/2022/04/34155-scaled.jpg,https://www.sabziwala.dk/wp-content/uploads/2022/04/34155-scaled.jpg,,0.0,0,https://www.sabziwala.dk/product/maggi-200g/,,
11871,Thick Savian 450g,thick-savian-450g,23.0,23.0,,False,DKK,kr.,True,KCB Snacks,KCB Snacks,https://www.sabziwala.dk/wp-content/uploads/2022/04/34153-scaled.jpg,https://www.sabziwala.dk/wp-content/uploads/2022/04/34153-scaled.jpg,,0.0,0,https://www.sabziwala.dk/product/thick-savian-450g/,,
11869,Bombay Mix 450g,bombay-mix-450g,23.0,23.0,,False,DKK,kr.,True,KCB Snacks,KCB Snacks,https://www.sabziwala.dk/wp-content/uploads/2022/04/34151-scaled.jpg,https://www.sabziwala.dk/wp-content/uploads/2022/04/34151-scaled.jpg,,0.0,0,https://www.sabziwala.dk/product/bombay-mix-450g/,,
11865,Alu Bukhara 200g,alu-bukhara-200g,45.0,45.0,,False,DKK,kr.,True,Dry fruits and Nuts,Dry fruits and Nuts,https://www.sabziwala.dk/wp-content/uploads/2022/04/34146-scaled.jpg,https://www.sabziwala.dk/wp-content/uploads/2022/04/34146-scaled.jpg,,0.0,0,https://www.sabziwala.dk/product/alu-bukhara-200g/,,Kashmiri Plums
11862,Jeera Pappadum 200g,jeera-pappadum,25.0,25.0,,False,DKK,kr.,True,Fry Products,Fry Products,https://www.sabziwala.dk/wp-content/uploads/2022/04/34058-scaled.jpg,https://www.sabziwala.dk/wp-content/uploads/2022/04/34058-scaled.jpg,,0.0,0,https://www.sabziwala.dk/product/jeera-pappadum/,,
11860,Plain Pappadum 200g,plain-pappadum,20.0,20.0,,False,DKK,kr.,True,Fry Products,Fry Products,https://www.sabziwala.dk/wp-content/uploads/2022/04/34059-scaled.jpg,https://www.sabziwala.dk/wp-content/uploads/2022/04/34059-scaled.jpg,,0.0,0,https://www.sabziwala.dk/product/plain-pappadum/,,
11858,Madras Papadi 200g,madras-papadi-200g,20.0,20.0,,False,DKK,kr.,True,Fry Products,Fry Products,https://www.sabziwala.dk/wp-content/uploads/2022/04/34061-scaled.jpg,https://www.sabziwala.dk/wp-content/uploads/2022/04/34061-scaled.jpg,,0.0,0,https://www.sabziwala.dk/product/madras-papadi-200g/,,
11854,Punjabi Samosa 25,punjabi-samosa-25,130.0,130.0,,False,DKK,kr.,True,Frozen Samosa and Spring Roll/Dej,Frozen Samosa and Spring Roll/Dej,https://www.sabziwala.dk/wp-content/uploads/2022/04/mezban-vegetable-samosa-500g.jpg,https://www.sabziwala.dk/wp-content/uploads/2022/04/mezban-vegetable-samosa-500g.jpg,,0.0,0,https://www.sabziwala.dk/product/punjabi-samosa-25/,,Vegetable / Spice Potato
11852,Punjabi Samosa 10,punjabi-samosa-10,50.0,50.0,,False,DKK,kr.,True,Frozen Samosa and Spring Roll/Dej,Frozen Samosa and Spring Roll/Dej,https://www.sabziwala.dk/wp-content/uploads/2022/04/MEZBAN_PUNJABI_SAMOSA_10PCS_8cd1e082-b2ea-4a53-899c-41ab7aabe8f8_1206x.webp,https://www.sabziwala.dk/wp-content/uploads/2022/04/MEZBAN_PUNJABI_SAMOSA_10PCS_8cd1e082-b2ea-4a53-899c-41ab7aabe8f8_1206x.webp,,0.0,0,https://www.sabziwala.dk/product/punjabi-samosa-10/,,Vegetable / Spice Potato
11850,Meat Samosa 20,meat-samosa-20,65.0,65.0,,False,DKK,kr.,True,Frozen Samosa and Spring Roll/Dej,Frozen Samosa and Spring Roll/Dej,https://www.sabziwala.dk/wp-content/uploads/2022/04/Samosa-meat-20pcs_500-x-570px.png,https://www.sabziwala.dk/wp-content/uploads/2022/04/Samosa-meat-20pcs_500-x-570px.png,,0.0,0,https://www.sabziwala.dk/product/meat-samosa-20/,,
11848,Chicken Samosas 20,chicken-samosas-20,65.0,65.0,,False,DKK,kr.,True,Frozen Samosa and Spring Roll/Dej,Frozen Samosa and Spring Roll/Dej,https://www.sabziwala.dk/wp-content/uploads/2022/04/CROWN-SAMOSA-CHICKEN-20PCX15.jpg,https://www.sabziwala.dk/wp-content/uploads/2022/04/CROWN-SAMOSA-CHICKEN-20PCX15.jpg,,0.0,0,https://www.sabziwala.dk/product/chicken-samosas-20/,,
11847,Seekh Kebab Lamb 15,product-7,150.0,150.0,,False,DKK,kr.,True,Kebab. Nuggets and Sausage,Kebab. Nuggets and Sausage,https://www.sabziwala.dk/wp-content/uploads/2022/04/34052-scaled.jpg,https://www.sabziwala.dk/wp-content/uploads/2022/04/34052-scaled.jpg,,0.0,0,https://www.sabziwala.dk/product/product-7/,,
11845,Green Chilli Seekh Kebab Lamb 15,green-chilli-seekh-kebab-lamb-15,150.0,150.0,,False,DKK,kr.,True,Kebab. Nuggets and Sausage,Kebab. Nuggets and Sausage,https://www.sabziwala.dk/wp-content/uploads/2022/04/34050-scaled.jpg,https://www.sabziwala.dk/wp-content/uploads/2022/04/34050-scaled.jpg,,0.0,0,https://www.sabziwala.dk/product/green-chilli-seekh-kebab-lamb-15/,,
11841,Chappal Kebab Chicken 12,chappal-kebab-chicken-12pc,85.0,85.0,,False,DKK,kr.,True,Kebab. Nuggets and Sausage,Kebab. Nuggets and Sausage,https://www.sabziwala.dk/wp-content/uploads/2022/04/CROWN-CHAPPAL-CHICK-12PCX10PKT.jpg,https://www.sabziwala.dk/wp-content/uploads/2022/04/CROWN-CHAPPAL-CHICK-12PCX10PKT.jpg,,0.0,0,https://www.sabziwala.dk/product/chappal-kebab-chicken-12pc/,,
11839,Garam Masala PWD 1Kg,garam-masala-1kg,85.0,85.0,,False,DKK,kr.,True,Herbs and Spices,Herbs and Spices,https://www.sabziwala.dk/wp-content/uploads/2023/08/41546.jpg,https://www.sabziwala.dk/wp-content/uploads/2023/08/41546.jpg,,0.0,0,https://www.sabziwala.dk/product/garam-masala-1kg/,,
11835,Ginger Powder 100g,ginger-powder-100g,18.0,18.0,,False,DKK,kr.,True,Herbs and Spices,Herbs and Spices,https://www.sabziwala.dk/wp-content/uploads/2022/04/trs-ginger-powder-100g.jpg,https://www.sabziwala.dk/wp-content/uploads/2022/04/trs-ginger-powder-100g.jpg,,0.0,0,https://www.sabziwala.dk/product/ginger-powder-100g/,,
11833,Aashiwaad Atta Multigrains 5Kg,aashiwaad-atta-multigrains-5kg,95.0,95.0,,False,DKK,kr.,False,Atta,Atta; Atta and other flour,https://www.sabziwala.dk/wp-content/uploads/2022/04/81ZZDWDpXqL._SL1500_.jpg,https://www.sabziwala.dk/wp-content/uploads/2022/04/81ZZDWDpXqL._SL1500_.jpg,,0.0,0,https://www.sabziwala.dk/product/aashiwaad-atta-multigrains-5kg/,,
11831,Mamra Basmati 400g,400g,35.0,35.0,,False,DKK,kr.,True,Rice flakes,Rice flakes,https://www.sabziwala.dk/wp-content/uploads/2022/04/33760-scaled.jpg,https://www.sabziwala.dk/wp-content/uploads/2022/04/33760-scaled.jpg,,0.0,0,https://www.sabziwala.dk/product/400g/,,Puffed Rice
11829,Mamra Basmati 200g,200g,20.0,20.0,,False,DKK,kr.,True,Rice flakes,Rice flakes,https://www.sabziwala.dk/wp-content/uploads/2022/04/33761-scaled.jpg,https://www.sabziwala.dk/wp-content/uploads/2022/04/33761-scaled.jpg,,0.0,0,https://www.sabziwala.dk/product/200g/,,Puffed Rice
11826,Fair & lovely Cream 25g,fair-lovely-cream-25g,20.0,20.0,,False,DKK,kr.,True,Beauty & Health,Beauty & Health,https://www.sabziwala.dk/wp-content/uploads/2022/04/product-jpeg-500x500-1.jpg,https://www.sabziwala.dk/wp-content/uploads/2022/04/product-jpeg-500x500-1.jpg,,0.0,0,https://www.sabziwala.dk/product/fair-lovely-cream-25g/,,Glow & Lovely ADVANCED – Multi Vitamin
11824,Fair & lovely Cream 50g,fair-lovely-cream-50g,35.0,35.0,,False,DKK,kr.,True,Beauty & Health,Beauty & Health,https://www.sabziwala.dk/wp-content/uploads/2022/04/51mTNcALaLL._SL1000_.jpg,https://www.sabziwala.dk/wp-content/uploads/2022/04/51mTNcALaLL._SL1000_.jpg,,0.0,0,https://www.sabziwala.dk/product/fair-lovely-cream-50g/,,Glow & Lovely ADVANCED – Multi Vitamin
11822,Tamarind Chutney 325g,tamarind-chutney-325g,25.0,25.0,,False,DKK,kr.,True,"Pickle, Paste and Sauce","Pickle, Paste and Sauce",https://www.sabziwala.dk/wp-content/uploads/2022/04/National_Tangy_Tamarind_Chutney_325_Grams_11.5_OZ_275_ML__04736.1492590415.500.659.jpg,https://www.sabziwala.dk/wp-content/uploads/2022/04/National_Tangy_Tamarind_Chutney_325_Grams_11.5_OZ_275_ML__04736.1492590415.500.659.jpg,,0.0,0,https://www.sabziwala.dk/product/tamarind-chutney-325g/,,National
11820,Mustard Oil 500 ml,mustard-oil-500-ml-2,45.0,45.0,,False,DKK,kr.,True,Oil & Ghee,Oil & Ghee,https://www.sabziwala.dk/wp-content/uploads/2022/04/20200128_173918_600x600.webp,https://www.sabziwala.dk/wp-content/uploads/2022/04/20200128_173918_600x600.webp,,0.0,0,https://www.sabziwala.dk/product/mustard-oil-500-ml-2/,,Pure Mustad Oil TRS
11814,Pure Butter Ghee 1 Kg,pure-butter-ghee-1-kg,175.0,175.0,,False,DKK,kr.,True,Oil & Ghee,Oil & Ghee,https://www.sabziwala.dk/wp-content/uploads/2022/04/butter-ghee-1-kG.jpg,https://www.sabziwala.dk/wp-content/uploads/2022/04/butter-ghee-1-kG.jpg,,0.0,0,https://www.sabziwala.dk/product/pure-butter-ghee-1-kg/,,For cooking (TRS) + Khanum Desi Ghee
11810,Ragi Flour – Hirsemel 1 Kg,ragi-flour-1-kg,35.0,35.0,,False,DKK,kr.,True,Atta and other flour,Atta and other flour; Other Flour,https://www.sabziwala.dk/wp-content/uploads/2022/04/33586-scaled.jpg,https://www.sabziwala.dk/wp-content/uploads/2022/04/33586-scaled.jpg,,0.0,0,https://www.sabziwala.dk/product/ragi-flour-1-kg/,,
11799,Green Peas (Split) 900g,green-peas-900g,25.0,25.0,,False,DKK,kr.,True,"Bean, Peas, Lentils and Daal","Bean, Peas, Lentils and Daal; Peas",https://www.sabziwala.dk/wp-content/uploads/2022/04/33534-scaled.jpg,https://www.sabziwala.dk/wp-content/uploads/2022/04/33534-scaled.jpg,,0.0,0,https://www.sabziwala.dk/product/green-peas-900g/,,
11796,Elephant Atta (Medium) 25 Kg,elephant-atta-medium-25-kg,250.0,250.0,,False,DKK,kr.,True,Atta,Atta; Atta and other flour,https://www.sabziwala.dk/wp-content/uploads/2022/04/Elefant-Atta-Medium-25kg.jpg,https://www.sabziwala.dk/wp-content/uploads/2022/04/Elefant-Atta-Medium-25kg.jpg,,0.0,0,https://www.sabziwala.dk/product/elephant-atta-medium-25-kg/,,
11794,Elephant Atta (Medium) 5 Kg,elephant-atta-medium-5-kg,85.0,85.0,,False,DKK,kr.,True,Atta,Atta; Atta and other flour,https://www.sabziwala.dk/wp-content/uploads/2022/04/Elefant-Atta-Medium-5kg.jpg,https://www.sabziwala.dk/wp-content/uploads/2022/04/Elefant-Atta-Medium-5kg.jpg,,0.0,0,https://www.sabziwala.dk/product/elephant-atta-medium-5-kg/,,
11793,Soya Chunks 750g,soya-chunks-750g,60.0,60.0,,False,DKK,kr.,True,"Bean, Peas, Lentils and Daal","Bean, Peas, Lentils and Daal",https://www.sabziwala.dk/wp-content/uploads/2022/04/33532-scaled.jpg,https://www.sabziwala.dk/wp-content/uploads/2022/04/33532-scaled.jpg,,0.0,0,https://www.sabziwala.dk/product/soya-chunks-750g/,,
11791,Soya Chunks 500g,soya-chunks-500g-2,45.0,45.0,,False,DKK,kr.,True,"Pickle, Paste and Sauce","Pickle, Paste and Sauce",https://www.sabziwala.dk/wp-content/uploads/2022/04/33530-scaled.jpg,https://www.sabziwala.dk/wp-content/uploads/2022/04/33530-scaled.jpg,,0.0,0,https://www.sabziwala.dk/product/soya-chunks-500g-2/,,TRS
11788,Green Peas (Whole) 2 Kg,green-peas-whole-2-kg,45.0,45.0,,False,DKK,kr.,True,"Bean, Peas, Lentils and Daal","Bean, Peas, Lentils and Daal; Peas",https://www.sabziwala.dk/wp-content/uploads/2022/04/Whole-Green-Peas-2-Kg.jpg,https://www.sabziwala.dk/wp-content/uploads/2022/04/Whole-Green-Peas-2-Kg.jpg,,0.0,0,https://www.sabziwala.dk/product/green-peas-whole-2-kg/,,TRS
11786,Mung Beans(Whole) 1 Kg,mung-beanswhole-1-kg,35.0,35.0,,False,DKK,kr.,True,"Bean, Peas, Lentils and Daal","Bean, Peas, Lentils and Daal; Beans",https://www.sabziwala.dk/wp-content/uploads/2022/04/Mung.jpg,https://www.sabziwala.dk/wp-content/uploads/2022/04/Mung.jpg,,0.0,0,https://www.sabziwala.dk/product/mung-beanswhole-1-kg/,,
11784,Dark Soy Sauce 150ML.,dark-soy-sauce-150ml,18.0,18.0,,False,DKK,kr.,True,"Pickle, Paste and Sauce","Pickle, Paste and Sauce; Sauce",https://www.sabziwala.dk/wp-content/uploads/2022/04/Amoy-dark-soy-sauce-150ml.webp,https://www.sabziwala.dk/wp-content/uploads/2022/04/Amoy-dark-soy-sauce-150ml.webp,,0.0,0,https://www.sabziwala.dk/product/dark-soy-sauce-150ml/,,
11782,Light Soy Sauce 150ML.,light-soy-sauce-150ml,20.0,20.0,,False,DKK,kr.,True,"Pickle, Paste and Sauce","Pickle, Paste and Sauce; Sauce",https://www.sabziwala.dk/wp-content/uploads/2022/04/Amoy-light-soy-sauce-150ml.webp,https://www.sabziwala.dk/wp-content/uploads/2022/04/Amoy-light-soy-sauce-150ml.webp | https://www.sabziwala.dk/wp-content/uploads/2022/02/img_3835-scaled.jpeg,,0.0,0,https://www.sabziwala.dk/product/light-soy-sauce-150ml/,,
11780,Black Pepper Whole 400g,black-pepper-whole-400g,45.0,45.0,,False,DKK,kr.,True,Herbs and Spices,Herbs and Spices,https://www.sabziwala.dk/wp-content/uploads/2022/04/33519-scaled.jpg,https://www.sabziwala.dk/wp-content/uploads/2022/04/33519-scaled.jpg,45,0.0,0,https://www.sabziwala.dk/product/black-pepper-whole-400g/,,
11777,Black Pepper Whole 700g,black-pepper-whole-700g,75.0,75.0,,False,DKK,kr.,True,Herbs and Spices,Herbs and Spices,https://www.sabziwala.dk/wp-content/uploads/2022/04/Heera-Black-Pepper-Whole-700g.jpg,https://www.sabziwala.dk/wp-content/uploads/2022/04/Heera-Black-Pepper-Whole-700g.jpg,,0.0,0,https://www.sabziwala.dk/product/black-pepper-whole-700g/,,
11774,Cumin Seeds (Jeera) 400g,cumin-seeds-jeera400g,60.0,60.0,,False,DKK,kr.,True,Herbs and Spices,Herbs and Spices,https://www.sabziwala.dk/wp-content/uploads/2022/04/jeera.webp,https://www.sabziwala.dk/wp-content/uploads/2022/04/jeera.webp,,0.0,0,https://www.sabziwala.dk/product/cumin-seeds-jeera400g/,,
11772,Pakora Mix(Laziza) 200g,pakora-mixlaziza-200g,30.0,30.0,,False,DKK,kr.,True,Ready Masala,Ready Masala,https://www.sabziwala.dk/wp-content/uploads/2022/04/Laziza-Pakora-Mix-100G_1_700x.webp,https://www.sabziwala.dk/wp-content/uploads/2022/04/Laziza-Pakora-Mix-100G_1_700x.webp,,0.0,0,https://www.sabziwala.dk/product/pakora-mixlaziza-200g/,,
11770,Custard Powder (Pistachio Flavour)300 g,custard-powder-pistachio-flavour300-g,20.0,20.0,,False,DKK,kr.,False,Desserts & Sweets,Desserts & Sweets,https://www.sabziwala.dk/wp-content/uploads/2022/04/Laziza_Custard_Powder_Pistachio_1_d8da6167-0b30-4aa9-90e0-8414237e3cf3_800x.webp,https://www.sabziwala.dk/wp-content/uploads/2022/04/Laziza_Custard_Powder_Pistachio_1_d8da6167-0b30-4aa9-90e0-8414237e3cf3_800x.webp,,0.0,0,https://www.sabziwala.dk/product/custard-powder-pistachio-flavour300-g/,,
11768,Custard Powder (Strawberry Flavour)300 g,custard-powder-strawberry-flavour300-g,20.0,20.0,,False,DKK,kr.,True,Desserts & Sweets,Desserts & Sweets,https://www.sabziwala.dk/wp-content/uploads/2022/04/Laziza-Custard-Strawberry-300g-Custard_f817ce5d-1ebc-409b-9286-27e8b8c27bcf.webp,https://www.sabziwala.dk/wp-content/uploads/2022/04/Laziza-Custard-Strawberry-300g-Custard_f817ce5d-1ebc-409b-9286-27e8b8c27bcf.webp,,0.0,0,https://www.sabziwala.dk/product/custard-powder-strawberry-flavour300-g/,,
11760,Red Kidney Beans 1 Kg,red-kidney-beans-1-kg,43.0,43.0,,False,DKK,kr.,True,"Bean, Peas, Lentils and Daal","Bean, Peas, Lentils and Daal; Beans",https://www.sabziwala.dk/wp-content/uploads/2022/04/heera-red.jpg,https://www.sabziwala.dk/wp-content/uploads/2022/04/heera-red.jpg,,0.0,0,https://www.sabziwala.dk/product/red-kidney-beans-1-kg/,,Rajma/Lobia
11757,Tapal – Danedar Loose 900g,tapal-danedar-900g,78.0,78.0,,False,DKK,kr.,True,Tea & Coffe,Tea & Coffe,https://www.sabziwala.dk/wp-content/uploads/2022/04/tapal.jpg,https://www.sabziwala.dk/wp-content/uploads/2022/04/tapal.jpg,,0.0,0,https://www.sabziwala.dk/product/tapal-danedar-900g/,,(Black tea )
11754,Solsikke Olie 1 Ltr.,solsikke-olie-1-ltr,25.0,25.0,,False,DKK,kr.,True,Oil & Ghee,Oil & Ghee,https://www.sabziwala.dk/wp-content/uploads/2022/04/SOLSI.jpg,https://www.sabziwala.dk/wp-content/uploads/2022/04/SOLSI.jpg,,0.0,0,https://www.sabziwala.dk/product/solsikke-olie-1-ltr/,,
11749,Olive Pomace Oil Blend 5Ltr.,olive-pomace-oil-blend-5ltr,200.0,200.0,,False,DKK,kr.,True,Oil & Ghee,Oil & Ghee,https://www.sabziwala.dk/wp-content/uploads/2022/04/KTC.jpeg,https://www.sabziwala.dk/wp-content/uploads/2022/04/KTC.jpeg,,0.0,0,https://www.sabziwala.dk/product/olive-pomace-oil-blend-5ltr/,,KTC
11747,Elephant Atta (Brown)10Kg,elephant-atta-brown10kg-2,145.0,145.0,,False,DKK,kr.,True,Atta,Atta; Atta and other flour,https://www.sabziwala.dk/wp-content/uploads/2022/03/Brown-Atta-100KG.webp,https://www.sabziwala.dk/wp-content/uploads/2022/03/Brown-Atta-100KG.webp,,0.0,0,https://www.sabziwala.dk/product/elephant-atta-brown10kg-2/,,Chapati flour
11745,Elephant Atta (Brown)25Kg,elephant-atta-brown25kg,265.0,265.0,,False,DKK,kr.,True,Atta,Atta; Atta and other flour,https://www.sabziwala.dk/wp-content/uploads/2022/03/Elephant-BR10-Kg.webp,https://www.sabziwala.dk/wp-content/uploads/2022/03/Elephant-BR10-Kg.webp,,0.0,0,https://www.sabziwala.dk/product/elephant-atta-brown25kg/,,Chapati flour
11741,Elephant Atta (White)25Kg,elephant-atta-white25kg,285.0,285.0,,False,DKK,kr.,True,Atta,Atta; Atta and other flour,https://www.sabziwala.dk/wp-content/uploads/2022/03/Fine-Atta¨25.webp,https://www.sabziwala.dk/wp-content/uploads/2022/03/Fine-Atta¨25.webp,,0.0,0,https://www.sabziwala.dk/product/elephant-atta-white25kg/,,Chapati flour
11739,Elephant Atta (White)10Kg,elephant-atta-white10kg,145.0,145.0,,False,DKK,kr.,True,Atta,Atta; Atta and other flour,https://www.sabziwala.dk/wp-content/uploads/2022/03/Fine-Atta-10KG.jpg.webp,https://www.sabziwala.dk/wp-content/uploads/2022/03/Fine-Atta-10KG.jpg.webp | https://www.sabziwala.dk/wp-content/uploads/2022/03/Elephant-10-Kg.webp,,0.0,0,https://www.sabziwala.dk/product/elephant-atta-white10kg/,,Chapati flour
11711,Panch Puran 100g,panch-puran-100g,20.0,20.0,,False,DKK,kr.,True,Herbs and Spices,Herbs and Spices,https://www.sabziwala.dk/wp-content/uploads/2022/03/81ixLmn7L._AC_SX522_.jpg,https://www.sabziwala.dk/wp-content/uploads/2022/03/81ixLmn7L._AC_SX522_.jpg,,0.0,0,https://www.sabziwala.dk/product/panch-puran-100g/,,
11709,Urid Dal Chilka 1Kg,urid-dal-chilka-1kg,38.0,38.0,,False,DKK,kr.,True,Lentils and Daal,Lentils and Daal,https://www.sabziwala.dk/wp-content/uploads/2023/07/41229.jpg,https://www.sabziwala.dk/wp-content/uploads/2023/07/41229.jpg,,0.0,0,https://www.sabziwala.dk/product/urid-dal-chilka-1kg/,"Urid Dal or Ulutham Paruppu are black lentils that have been split and skinned. A common and popular legume, they are widely used all over Ind/Pak for making dhal or soups. Urid dal, along with rice, are used to make dosas, the crisp pancakes of southern India and also to make poppadums. Black lentils contains a lot of protein, folic acid, low fat, carbohydrates, and lots of fiber and minerals. It is also very calorific and has a low glycemic index, so I can safely consume diabetes because it stabilizes blood sugar levels. Preparation Instructions: Take one Urad Dal in a bowl and add 4 cups of water in it and leave it for at least 8 hours. It will yield 3 cups of Urad Dal. Soaked Urad Dal can be directly used in salad. Traditionally in sount India this soakedurad dal is grind to form a paste and used as a main ingredients for making Dosa, masala dosa, idli and Dahi Vada. It is also used in making pan fry dishes. To prepare Traditional panjai cuisine from Urad Dal, take soaked dal in closed pan with water and put it on a high flame for 10 minutes and let it partially cook. Now cooked Urad Dal is ready to prepare varieties of delicious Indian Recipes. Indian recipe: Urad Dal with onion and tomatoes.",
11707,Almond Flakes 200g,almond-flakes,35.0,35.0,,False,DKK,kr.,True,Dry fruits and Nuts,Dry fruits and Nuts,https://www.sabziwala.dk/wp-content/uploads/2022/03/31400-scaled.jpg,https://www.sabziwala.dk/wp-content/uploads/2022/03/31400-scaled.jpg,,0.0,0,https://www.sabziwala.dk/product/almond-flakes/,,Silkevejen
11704,Garlic Powder 400g,garlic-powder-400g,38.0,38.0,,False,DKK,kr.,True,Herbs and Spices,Herbs and Spices,https://www.sabziwala.dk/wp-content/uploads/2022/03/garlic-powder-trs-spice-baazwsh-400g-218063.webp,https://www.sabziwala.dk/wp-content/uploads/2022/03/garlic-powder-trs-spice-baazwsh-400g-218063.webp,,0.0,0,https://www.sabziwala.dk/product/garlic-powder-400g/,,
11702,Curry Leaves 30 g,curry-leaves-30-g,40.0,40.0,,False,DKK,kr.,True,Herbs and Spices,Herbs and Spices,https://www.sabziwala.dk/wp-content/uploads/2022/03/curry-leavs.webp,https://www.sabziwala.dk/wp-content/uploads/2022/03/curry-leavs.webp,,0.0,0,https://www.sabziwala.dk/product/curry-leaves-30-g/,,
11700,Lipton – Yellow Label Tea 100,lipton-yellow-label-tea-100,45.0,45.0,,False,DKK,kr.,True,Tea & Coffe,Tea & Coffe,https://www.sabziwala.dk/wp-content/uploads/2022/03/lipton-yellow-label-black-tea-2g-x-100-tea-bags.jpg,https://www.sabziwala.dk/wp-content/uploads/2022/03/lipton-yellow-label-black-tea-2g-x-100-tea-bags.jpg,,0.0,0,https://www.sabziwala.dk/product/lipton-yellow-label-tea-100/,,
11698,Red Cow Peas 2 Kg,red-cow-peas-2-kg,55.0,55.0,,False,DKK,kr.,True,"Bean, Peas, Lentils and Daal","Bean, Peas, Lentils and Daal; Peas",https://www.sabziwala.dk/wp-content/uploads/2022/03/COW.png,https://www.sabziwala.dk/wp-content/uploads/2022/03/COW.png,,0.0,0,https://www.sabziwala.dk/product/red-cow-peas-2-kg/,,
11697,Dry Dates 300g,dried-dates,25.0,25.0,,False,DKK,kr.,False,Dry fruits and Nuts,Dry fruits and Nuts,https://www.sabziwala.dk/wp-content/uploads/2022/03/31386-scaled.jpg,https://www.sabziwala.dk/wp-content/uploads/2022/03/31386-scaled.jpg,,0.0,0,https://www.sabziwala.dk/product/dried-dates/,,Tørret Dadler
11694,Tapal – Danedar 300 Bags,tapal-danedar-300-bags,95.0,95.0,,False,DKK,kr.,True,Tea & Coffe,Tea & Coffe,https://www.sabziwala.dk/wp-content/uploads/2022/03/TAPAL-900g-Dane-Daar-Loose-Black-Tea-400x400-1.jpg,https://www.sabziwala.dk/wp-content/uploads/2022/03/TAPAL-900g-Dane-Daar-Loose-Black-Tea-400x400-1.jpg,,0.0,0,https://www.sabziwala.dk/product/tapal-danedar-300-bags/,,
11693,White Beans 2 Kg,white-beans,55.0,55.0,,False,DKK,kr.,True,"Bean, Peas, Lentils and Daal","Bean, Peas, Lentils and Daal; Beans",https://www.sabziwala.dk/wp-content/uploads/2022/03/31378-scaled.jpg,https://www.sabziwala.dk/wp-content/uploads/2022/03/31378-scaled.jpg,,0.0,0,https://www.sabziwala.dk/product/white-beans/,,
11691,Chick Peas 1 Kg,chick-peas-1-kg,33.0,33.0,,False,DKK,kr.,True,Peas,Peas,https://www.sabziwala.dk/wp-content/uploads/2022/03/31376-scaled.jpg,https://www.sabziwala.dk/wp-content/uploads/2022/03/31376-scaled.jpg,,0.0,0,https://www.sabziwala.dk/product/chick-peas-1-kg/,,
11688,Kashmiri Masala Curry Paste 295Gr,kashmiri-masala-curry-paste-295gr,25.0,25.0,,False,DKK,kr.,True,Paste,Paste,https://www.sabziwala.dk/wp-content/uploads/2022/03/imKashmori.jpg,https://www.sabziwala.dk/wp-content/uploads/2022/03/imKashmori.jpg,,0.0,0,https://www.sabziwala.dk/product/kashmiri-masala-curry-paste-295gr/,,Paste
11684,Vindaloo Spice Paste 283 Gr,vindaloo-spice-paste-283-gr,25.0,25.0,,False,DKK,kr.,True,Paste,Paste,https://www.sabziwala.dk/wp-content/uploads/2022/03/vindaloo.jpg,https://www.sabziwala.dk/wp-content/uploads/2022/03/vindaloo.jpg,,0.0,0,https://www.sabziwala.dk/product/vindaloo-spice-paste-283-gr/,,Paste
11682,Balti Spice Paste 283 Gr,balti-spice-paste-283-gr,25.0,25.0,,False,DKK,kr.,True,Paste,Paste,https://www.sabziwala.dk/wp-content/uploads/2022/03/BALTI.jpg,https://www.sabziwala.dk/wp-content/uploads/2022/03/BALTI.jpg,,0.0,0,https://www.sabziwala.dk/product/balti-spice-paste-283-gr/,,Paste
11680,Bhuna Spice Paste 283Gr,bhuna-spice-paste-283gr,25.0,25.0,,False,DKK,kr.,True,Paste,Paste,https://www.sabziwala.dk/wp-content/uploads/2022/03/231043-BHUNA-SPICE-PATAKS-6X283G.jpg,https://www.sabziwala.dk/wp-content/uploads/2022/03/231043-BHUNA-SPICE-PATAKS-6X283G.jpg,,0.0,0,https://www.sabziwala.dk/product/bhuna-spice-paste-283gr/,,Paste
11678,Tikka Marinade Paste 300g,tikka-marinade-paste-300g,25.0,25.0,,False,DKK,kr.,True,Paste,Paste,https://www.sabziwala.dk/wp-content/uploads/2022/03/1608562108tikka-marinade-5011308001977-std-packshot-min.png,https://www.sabziwala.dk/wp-content/uploads/2022/03/1608562108tikka-marinade-5011308001977-std-packshot-min.png,,0.0,0,https://www.sabziwala.dk/product/tikka-marinade-paste-300g/,,Paste
11673,Semolina Coarse 375g,semolina-coarse-suji375g,20.0,20.0,,False,DKK,kr.,False,Sooji (Gram flour),Sooji (Gram flour),https://www.sabziwala.dk/wp-content/uploads/2022/03/31080-1-scaled.jpg,https://www.sabziwala.dk/wp-content/uploads/2022/03/31080-1-scaled.jpg,,0.0,0,https://www.sabziwala.dk/product/semolina-coarse-suji375g/,,Suji
11646,Laila – Basmati Rice 20 Kg,laila-basmati-rice-20-kg,380.0,380.0,,False,DKK,kr.,False,Rice,Rice,https://www.sabziwala.dk/wp-content/uploads/2022/03/Laila-20kg-Basmati-Rice-9018076.jpg,https://www.sabziwala.dk/wp-content/uploads/2022/03/Laila-20kg-Basmati-Rice-9018076.jpg,,0.0,0,https://www.sabziwala.dk/product/laila-basmati-rice-20-kg/,,
11636,Aggarbatti insence Sticks,aggarbatti-insence-sticks-9,12.0,12.0,,False,DKK,kr.,True,Aggarbati & Colour,Aggarbati & Colour,https://www.sabziwala.dk/wp-content/uploads/2022/03/30981.jpg,https://www.sabziwala.dk/wp-content/uploads/2022/03/30981.jpg,,0.0,0,https://www.sabziwala.dk/product/aggarbatti-insence-sticks-9/,,Amber
11634,Aggarbatti insence Sticks,aggarbatti-insence-sticks-8,15.0,15.0,,False,DKK,kr.,True,Aggarbati & Colour,Aggarbati & Colour,https://www.sabziwala.dk/wp-content/uploads/2022/03/30980.jpg,https://www.sabziwala.dk/wp-content/uploads/2022/03/30980.jpg,,0.0,0,https://www.sabziwala.dk/product/aggarbatti-insence-sticks-8/,,
11632,Aggarbatti insence Sticks,aggarbatti-insence-sticks-7,20.0,20.0,,False,DKK,kr.,True,Aggarbati & Colour,Aggarbati & Colour,https://www.sabziwala.dk/wp-content/uploads/2022/03/30977.jpg,https://www.sabziwala.dk/wp-content/uploads/2022/03/30977.jpg,,0.0,0,https://www.sabziwala.dk/product/aggarbatti-insence-sticks-7/,,+7
11630,Aggarbatti insence Sticks,aggarbatti-insence-sticks-6,15.0,15.0,,False,DKK,kr.,True,Aggarbati & Colour,Aggarbati & Colour,https://www.sabziwala.dk/wp-content/uploads/2022/03/30976.jpg,https://www.sabziwala.dk/wp-content/uploads/2022/03/30976.jpg,,0.0,0,https://www.sabziwala.dk/product/aggarbatti-insence-sticks-6/,,Goloka
11628,Aggarbatti insence Sticks,aggarbatti-insence-sticks-5,20.0,20.0,,False,DKK,kr.,True,Aggarbati & Colour,Aggarbati & Colour,https://www.sabziwala.dk/wp-content/uploads/2022/03/30972.jpg,https://www.sabziwala.dk/wp-content/uploads/2022/03/30972.jpg,,0.0,0,https://www.sabziwala.dk/product/aggarbatti-insence-sticks-5/,,Pure Rose
11626,Aggarbatti insence Sticks,aggarbatti-insence-sticks-4,15.0,15.0,,False,DKK,kr.,True,Aggarbati & Colour,Aggarbati & Colour,https://www.sabziwala.dk/wp-content/uploads/2022/03/30975.jpg,https://www.sabziwala.dk/wp-content/uploads/2022/03/30975.jpg,,0.0,0,https://www.sabziwala.dk/product/aggarbatti-insence-sticks-4/,,Sai Baba Nag Champa
11624,Aggarbatti Insence Sticks,aggarbatti-insence-sticks-3,15.0,15.0,,False,DKK,kr.,True,Aggarbati & Colour,Aggarbati & Colour,https://www.sabziwala.dk/wp-content/uploads/2022/03/30971-scaled.jpg,https://www.sabziwala.dk/wp-content/uploads/2022/03/30971-scaled.jpg,,0.0,0,https://www.sabziwala.dk/product/aggarbatti-insence-sticks-3/,,Sandalwood (Heart)
11621,Aggarbatti Insence Sticks,aggarbatti-insence-sticks-2,15.0,15.0,,False,DKK,kr.,True,Aggarbati & Colour,Aggarbati & Colour,https://www.sabziwala.dk/wp-content/uploads/2022/03/30967-scaled.jpg,https://www.sabziwala.dk/wp-content/uploads/2022/03/30967-scaled.jpg,,0.0,0,https://www.sabziwala.dk/product/aggarbatti-insence-sticks-2/,,Bakhoor
11515,Sabudana 500g,sabudana-500g-2,30.0,30.0,,False,DKK,kr.,True,"Bean, Peas, Lentils and Daal","Bean, Peas, Lentils and Daal",https://www.sabziwala.dk/wp-content/uploads/2022/03/img_4321-scaled.jpeg,https://www.sabziwala.dk/wp-content/uploads/2022/03/img_4321-scaled.jpeg,,0.0,0,https://www.sabziwala.dk/product/sabudana-500g-2/,,Kalra
11513,Mint 25g,mint-25g,20.0,20.0,,False,DKK,kr.,True,Herbs and Spices,Herbs and Spices,https://www.sabziwala.dk/wp-content/uploads/2022/03/img_4322-scaled.jpeg,https://www.sabziwala.dk/wp-content/uploads/2022/03/img_4322-scaled.jpeg,,0.0,0,https://www.sabziwala.dk/product/mint-25g/,,Dried Mint – Top op
11511,Bay Leaves 10g,bay-leaves-10g,10.0,10.0,,False,DKK,kr.,True,Herbs and Spices,Herbs and Spices,https://www.sabziwala.dk/wp-content/uploads/2022/03/img_4323-scaled.jpeg,https://www.sabziwala.dk/wp-content/uploads/2022/03/img_4323-scaled.jpeg,,0.0,0,https://www.sabziwala.dk/product/bay-leaves-10g/,,Heera
11509,Dry Coriander Leaves 100g,dry-coriander-leaves-100g,30.0,30.0,,False,DKK,kr.,True,Herbs and Spices,Herbs and Spices,https://www.sabziwala.dk/wp-content/uploads/2022/03/img_4324-scaled.jpeg,https://www.sabziwala.dk/wp-content/uploads/2022/03/img_4324-scaled.jpeg,,0.0,0,https://www.sabziwala.dk/product/dry-coriander-leaves-100g/,,Top op
11507,Bay Leaves 30g,bay-leaves-300g,20.0,20.0,,False,DKK,kr.,True,Herbs and Spices,Herbs and Spices,https://www.sabziwala.dk/wp-content/uploads/2022/03/img_4325-scaled.jpeg,https://www.sabziwala.dk/wp-content/uploads/2022/03/img_4325-scaled.jpeg,,0.0,0,https://www.sabziwala.dk/product/bay-leaves-300g/,,TRS
11505,Panch Puran 400g,panch-puran-500g,60.0,60.0,,False,DKK,kr.,True,Herbs and Spices,Herbs and Spices,https://www.sabziwala.dk/wp-content/uploads/2022/03/img_4326-scaled.jpeg,https://www.sabziwala.dk/wp-content/uploads/2022/03/img_4326-scaled.jpeg,,0.0,0,https://www.sabziwala.dk/product/panch-puran-500g/,,Natco
11501,Alsi (Flax Seeds) 400g,alsi-flaxseed-400g,48.0,48.0,,False,DKK,kr.,True,Herbs and Spices,Herbs and Spices,https://www.sabziwala.dk/wp-content/uploads/2022/03/img_4328-scaled.jpeg,https://www.sabziwala.dk/wp-content/uploads/2022/03/img_4328-scaled.jpeg,,0.0,0,https://www.sabziwala.dk/product/alsi-flaxseed-400g/,,Heera
11499,Sabudana 500g,sabudana-500g,30.0,30.0,,False,DKK,kr.,True,"Bean, Peas, Lentils and Daal","Bean, Peas, Lentils and Daal",https://www.sabziwala.dk/wp-content/uploads/2022/03/img_4329-scaled.jpeg,https://www.sabziwala.dk/wp-content/uploads/2022/03/img_4329-scaled.jpeg,,0.0,0,https://www.sabziwala.dk/product/sabudana-500g/,,TRS
11496,Mix Dal 1Kg,mix-dal-1kg,30.0,30.0,,False,DKK,kr.,True,"Bean, Peas, Lentils and Daal","Bean, Peas, Lentils and Daal",https://www.sabziwala.dk/wp-content/uploads/2022/03/img_4331-scaled.jpeg,https://www.sabziwala.dk/wp-content/uploads/2022/03/img_4331-scaled.jpeg,,0.0,0,https://www.sabziwala.dk/product/mix-dal-1kg/,,Moughal
11494,Fenugreek Seeds (Methi Seeds) 400g,fenugreek-seedsmethi-seeds400g,45.0,45.0,,False,DKK,kr.,True,Herbs and Spices,Herbs and Spices,https://www.sabziwala.dk/wp-content/uploads/2022/03/img_4332-scaled.jpeg,https://www.sabziwala.dk/wp-content/uploads/2022/03/img_4332-scaled.jpeg,,0.0,0,https://www.sabziwala.dk/product/fenugreek-seedsmethi-seeds400g/,,Heera
11492,Urid Beans 2 Kg,urid-beans-2-kg,55.0,55.0,,False,DKK,kr.,True,"Bean, Peas, Lentils and Daal","Bean, Peas, Lentils and Daal",https://www.sabziwala.dk/wp-content/uploads/2022/03/img_4333-scaled.jpeg,https://www.sabziwala.dk/wp-content/uploads/2022/03/img_4333-scaled.jpeg,,0.0,0,https://www.sabziwala.dk/product/urid-beans-2-kg/,,Natco
11490,Soya Beans 2 Kg,soya-beans-2-kg,70.0,70.0,,False,DKK,kr.,True,"Bean, Peas, Lentils and Daal","Bean, Peas, Lentils and Daal",https://www.sabziwala.dk/wp-content/uploads/2024/04/42859.jpg,https://www.sabziwala.dk/wp-content/uploads/2024/04/42859.jpg,,0.0,0,https://www.sabziwala.dk/product/soya-beans-2-kg/,,Natco
11488,Urid Beans 2 Kg,urid-beans-2kg,55.0,55.0,,False,DKK,kr.,True,"Bean, Peas, Lentils and Daal","Bean, Peas, Lentils and Daal",https://www.sabziwala.dk/wp-content/uploads/2022/03/img_4335-scaled.jpeg,https://www.sabziwala.dk/wp-content/uploads/2022/03/img_4335-scaled.jpeg,,0.0,0,https://www.sabziwala.dk/product/urid-beans-2kg/,,TRS
11486,Dried Black Lime 150g,dried-black-lime-150-h,25.0,25.0,,False,DKK,kr.,True,Dry fruits and Nuts,Dry fruits and Nuts,https://www.sabziwala.dk/wp-content/uploads/2022/03/img_4336-scaled.jpeg,https://www.sabziwala.dk/wp-content/uploads/2022/03/img_4336-scaled.jpeg,,0.0,0,https://www.sabziwala.dk/product/dried-black-lime-150-h/,,
11484,Mung Beans (Whole) 2 Kg,mung-whole-2kg,55.0,55.0,,False,DKK,kr.,True,"Bean, Peas, Lentils and Daal","Bean, Peas, Lentils and Daal",https://www.sabziwala.dk/wp-content/uploads/2022/03/img_4337-scaled.jpeg,https://www.sabziwala.dk/wp-content/uploads/2022/03/img_4337-scaled.jpeg,,0.0,0,https://www.sabziwala.dk/product/mung-whole-2kg/,,Ali baba
11480,Urid Gota 1 Kg,urid-gota-1-kg,28.0,28.0,,False,DKK,kr.,True,"Bean, Peas, Lentils and Daal","Bean, Peas, Lentils and Daal",https://www.sabziwala.dk/wp-content/uploads/2022/03/img_4341-scaled.jpeg,https://www.sabziwala.dk/wp-content/uploads/2022/03/img_4341-scaled.jpeg,,0.0,0,https://www.sabziwala.dk/product/urid-gota-1-kg/,,Top op
11478,Lime Dried 150g,lime-dried-150g,30.0,30.0,,False,DKK,kr.,True,Dry fruits and Nuts,Dry fruits and Nuts,https://www.sabziwala.dk/wp-content/uploads/2023/08/41549.jpg,https://www.sabziwala.dk/wp-content/uploads/2023/08/41549.jpg,,0.0,0,https://www.sabziwala.dk/product/lime-dried-150g/,,
11476,Star Aniseeds 500 g,star-anise,120.0,120.0,,False,DKK,kr.,True,"Bean, Peas, Lentils and Daal","Bean, Peas, Lentils and Daal",https://www.sabziwala.dk/wp-content/uploads/2022/03/img_4343-scaled.jpeg,https://www.sabziwala.dk/wp-content/uploads/2022/03/img_4343-scaled.jpeg,,0.0,0,https://www.sabziwala.dk/product/star-anise/,,
11474,Urid Dal Chilka 2Kg,urid-dal-chilka-2kg,68.0,68.0,,False,DKK,kr.,True,"Bean, Peas, Lentils and Daal","Bean, Peas, Lentils and Daal; Lentils and Daal",https://www.sabziwala.dk/wp-content/uploads/2023/07/41231.jpg,https://www.sabziwala.dk/wp-content/uploads/2023/07/41231.jpg,,0.0,0,https://www.sabziwala.dk/product/urid-dal-chilka-2kg/,"Urid Dal or Ulutham Paruppu are black lentils that have been split and skinned. A common and popular legume, they are widely used all over Ind/Pak for making dhal or soups. Urid dal, along with rice, are used to make dosas, the crisp pancakes of southern India and also to make poppadums. Black lentils contains a lot of protein, folic acid, low fat, carbohydrates, and lots of fiber and minerals. It is also very calorific and has a low glycemic index, so I can safely consume diabetes because it stabilizes blood sugar levels. Preparation Instructions: Take one Urad Dal in a bowl and add 4 cups of water in it and leave it for at least 8 hours. It will yield 3 cups of Urad Dal. Soaked Urad Dal can be directly used in salad. Traditionally in sount India this soakedurad dal is grind to form a paste and used as a main ingredients for making Dosa, masala dosa, idli and Dahi Vada. It is also used in making pan fry dishes. To prepare Traditional panjai cuisine from Urad Dal, take soaked dal in closed pan with water and put it on a high flame for 10 minutes and let it partially cook. Now cooked Urad Dal is ready to prepare varieties of delicious Indian Recipes. Indian recipe: Urad Dal with onion and tomatoes.",
11472,Brown Lentils 2 Kg,brown-lentils-2kg,60.0,60.0,,False,DKK,kr.,True,"Bean, Peas, Lentils and Daal","Bean, Peas, Lentils and Daal",https://www.sabziwala.dk/wp-content/uploads/2022/03/img_4345-scaled.jpeg,https://www.sabziwala.dk/wp-content/uploads/2022/03/img_4345-scaled.jpeg,,0.0,0,https://www.sabziwala.dk/product/brown-lentils-2kg/,,TRS
11470,Black Eye Beans 2Kg,black-eye-beans,55.0,55.0,,False,DKK,kr.,True,"Bean, Peas, Lentils and Daal","Bean, Peas, Lentils and Daal",https://www.sabziwala.dk/wp-content/uploads/2022/03/img_4347-scaled.jpeg,https://www.sabziwala.dk/wp-content/uploads/2022/03/img_4347-scaled.jpeg,,0.0,0,https://www.sabziwala.dk/product/black-eye-beans/,,TRS
11468,Toor Dal 2Kg,toor-dal-2-kg,65.0,65.0,,False,DKK,kr.,True,"Bean, Peas, Lentils and Daal","Bean, Peas, Lentils and Daal",https://www.sabziwala.dk/wp-content/uploads/2023/07/41226.jpg,https://www.sabziwala.dk/wp-content/uploads/2023/07/41226.jpg,,0.0,0,https://www.sabziwala.dk/product/toor-dal-2-kg/,"Toor / Tur dal is famous in Southern and Western India. Pigeon Peas are a greenish-tan color when whole, but they’re usually sold skinned and split. The flavor of pigeon peas is often described as nutty, like a rich grain. Though this pulse originated in Africa. According to Ayurveda, it is an anti-inflammatory. Peas are an excellent source of protein and essential amino acids. In addition, we can find spots B group vitamins, vitamins A, C, E, and K, folic acid and pantothenic acid, and minerals such as potassium, magnesium, phosphorus, iron, calcium. Beans contain a large amount of dietary fiber that improves intestinal function, lowers blood sugar levels, and cholesterol levels, and blood pressure. Pea is recommended in the fight against cancer and reduces the risk of its occurrence; it is also de-acidifying the body. Toor Dal is a ready source of proteins for a balanced diet containing little or no meat. Dal is typically around 25% protein by weight, giving it a comparable protein content to meats. Dal is also high in carbohydrates whilst being virtually fat-free. Dal is also rich in the B vitamins thiamine and folic acid, as well as several minerals, notably iron and zinc. Preparation Instructions: First, rinse 1cup of Toor dal in cold water. Wash it thoroughly to remove surface impurities such as dirt and drain the water. To reduce cooking time, the optional step could be to soak it before in cold water for 15 minutes. It will yield 2 cups of Lentils. Now Place Toor dal in a closed pan with water and put it on a high flame for 5-7 minutes and let it cook. Now cooked Toor dal is ready to prepare varieties of delicious Indian recipes.",
11465,Cloves (Laung) 200g,product-9,55.0,55.0,,False,DKK,kr.,True,Herbs and Spices,Herbs and Spices,https://www.sabziwala.dk/wp-content/uploads/2022/03/Cloves-200g.webp,https://www.sabziwala.dk/wp-content/uploads/2022/03/Cloves-200g.webp,,0.0,0,https://www.sabziwala.dk/product/product-9/,,Whole Cloves – Top Op
11464,Cinnamon Sticks(Dalchini) 400g,dalchini-cinnamon-sticks-400g,58.0,58.0,,False,DKK,kr.,True,Herbs and Spices,Herbs and Spices,https://www.sabziwala.dk/wp-content/uploads/2022/03/img_4351-scaled.jpeg,https://www.sabziwala.dk/wp-content/uploads/2022/03/img_4351-scaled.jpeg,,0.0,0,https://www.sabziwala.dk/product/dalchini-cinnamon-sticks-400g/,,TRS
11462,Dried Dates 350g,dried-dates-350g,28.0,28.0,,False,DKK,kr.,False,Dry fruits and Nuts,Dry fruits and Nuts,https://www.sabziwala.dk/wp-content/uploads/2022/03/img_4352-scaled.jpeg,https://www.sabziwala.dk/wp-content/uploads/2022/03/img_4352-scaled.jpeg,,0.0,0,https://www.sabziwala.dk/product/dried-dates-350g/,,TRS
11458,Cinnamon Sticks(Dalchini) 200g,dalchini-cinnamon-sticks700g,32.0,32.0,,False,DKK,kr.,True,Herbs and Spices,Herbs and Spices,https://www.sabziwala.dk/wp-content/uploads/2022/03/img_4354-scaled.jpeg,https://www.sabziwala.dk/wp-content/uploads/2022/03/img_4354-scaled.jpeg,,0.0,0,https://www.sabziwala.dk/product/dalchini-cinnamon-sticks700g/,,TRS
11456,Dried Coconut Halves 250g,dried-coconut-halves,40.0,40.0,,False,DKK,kr.,True,Dry fruits and Nuts,Dry fruits and Nuts,https://www.sabziwala.dk/wp-content/uploads/2022/03/img_4355-scaled.jpeg,https://www.sabziwala.dk/wp-content/uploads/2022/03/img_4355-scaled.jpeg,,0.0,0,https://www.sabziwala.dk/product/dried-coconut-halves/,,TRS
11452,Black Cardamom 200g,black-cardamom-200g,65.0,65.0,,False,DKK,kr.,True,Herbs and Spices,Herbs and Spices,https://www.sabziwala.dk/wp-content/uploads/2022/03/img_4357-scaled.jpeg,https://www.sabziwala.dk/wp-content/uploads/2022/03/img_4357-scaled.jpeg,,0.0,0,https://www.sabziwala.dk/product/black-cardamom-200g/,,Moti Elaichi
11450,Black Pepper Whole 1Kg,black-pepper-whole-1kh,105.0,105.0,,False,DKK,kr.,True,Herbs and Spices,Herbs and Spices,https://www.sabziwala.dk/wp-content/uploads/2022/03/img_4358-scaled.jpeg,https://www.sabziwala.dk/wp-content/uploads/2022/03/img_4358-scaled.jpeg,,0.0,0,https://www.sabziwala.dk/product/black-pepper-whole-1kh/,,Moughal
11448,Black Cardamom 750g,moti-elaichi-750g,170.0,170.0,,False,DKK,kr.,True,Herbs and Spices,Herbs and Spices,https://www.sabziwala.dk/wp-content/uploads/2022/03/img_4359-scaled.jpeg,https://www.sabziwala.dk/wp-content/uploads/2022/03/img_4359-scaled.jpeg,,0.0,0,https://www.sabziwala.dk/product/moti-elaichi-750g/,,Moti Elaichi
11446,Black Pepper (Coarse) 400g,black-pepper-coarse-400g,45.0,45.0,,False,DKK,kr.,True,Herbs and Spices,Herbs and Spices,https://www.sabziwala.dk/wp-content/uploads/2022/03/img_4360-scaled.jpeg,https://www.sabziwala.dk/wp-content/uploads/2022/03/img_4360-scaled.jpeg,,0.0,0,https://www.sabziwala.dk/product/black-pepper-coarse-400g/,,Heera
11444,Dried Apricot 300g,dried-apricot-300g,45.0,45.0,,False,DKK,kr.,True,Dry fruits and Nuts,Dry fruits and Nuts; Herbs and Spices,https://www.sabziwala.dk/wp-content/uploads/2022/03/img_4361-scaled.jpeg,https://www.sabziwala.dk/wp-content/uploads/2022/03/img_4361-scaled.jpeg,,0.0,0,https://www.sabziwala.dk/product/dried-apricot-300g/,,Moughal
11441,Vegetable Cooking Oil 15 Ltr.,product-8,450.0,450.0,,False,DKK,kr.,True,Oil & Ghee,Oil & Ghee,https://www.sabziwala.dk/wp-content/uploads/2022/03/img_4430-scaled.jpeg,https://www.sabziwala.dk/wp-content/uploads/2022/03/img_4430-scaled.jpeg,,0.0,0,https://www.sabziwala.dk/product/product-8/,,Pride
11440,Pure Corn Oil 5 Ltr.,pure-corn-oil-5-litre,170.0,170.0,,False,DKK,kr.,True,Oil & Ghee,Oil & Ghee,https://www.sabziwala.dk/wp-content/uploads/2022/03/img_4431-scaled.jpeg,https://www.sabziwala.dk/wp-content/uploads/2022/03/img_4431-scaled.jpeg,,0.0,0,https://www.sabziwala.dk/product/pure-corn-oil-5-litre/,,KTC
11438,Olive Pomase Oil 5 Ltr.,olive-pomase-oil-5litre,200.0,200.0,,False,DKK,kr.,True,Oil & Ghee,Oil & Ghee,https://www.sabziwala.dk/wp-content/uploads/2022/03/img_4432-scaled.jpeg,https://www.sabziwala.dk/wp-content/uploads/2022/03/img_4432-scaled.jpeg,,0.0,0,https://www.sabziwala.dk/product/olive-pomase-oil-5litre/,,TRS
11436,Sunflower Oil 1 Ltr.,sunflower-oil-1-litre,28.0,28.0,,False,DKK,kr.,False,Oil & Ghee,Oil & Ghee,https://www.sabziwala.dk/wp-content/uploads/2022/03/img_4433-scaled.jpeg,https://www.sabziwala.dk/wp-content/uploads/2022/03/img_4433-scaled.jpeg,,0.0,0,https://www.sabziwala.dk/product/sunflower-oil-1-litre/,,Ibo
11434,Vinegar 300ml,vinegar-300ml,15.0,15.0,,False,DKK,kr.,True,Sauce,Sauce,https://www.sabziwala.dk/wp-content/uploads/2022/03/img_4434-scaled.jpeg,https://www.sabziwala.dk/wp-content/uploads/2022/03/img_4434-scaled.jpeg | https://www.sabziwala.dk/wp-content/uploads/2022/03/img_4435-1-scaled.jpeg,,0.0,0,https://www.sabziwala.dk/product/vinegar-300ml/,,National
11430,Vinegar 800ML,synthetic-vinegar,25.0,25.0,,False,DKK,kr.,True,Sauce,Sauce,https://www.sabziwala.dk/wp-content/uploads/2022/03/img_4436-scaled.jpeg,https://www.sabziwala.dk/wp-content/uploads/2022/03/img_4436-scaled.jpeg,,0.0,0,https://www.sabziwala.dk/product/synthetic-vinegar/,,Ahmad foods – Synthetic Vinegar
11428,Pure Corn Oil 1 Ltr.,corn-oil-1-l,45.0,45.0,,False,DKK,kr.,True,Oil & Ghee,Oil & Ghee,https://www.sabziwala.dk/wp-content/uploads/2022/03/img_4437-scaled.jpeg,https://www.sabziwala.dk/wp-content/uploads/2022/03/img_4437-scaled.jpeg,,0.0,0,https://www.sabziwala.dk/product/corn-oil-1-l/,,Ktc
11426,Vegetable Ghee 12.5 Kg,vegetable-ghee-12-5kg,199.0,199.0,,False,DKK,kr.,True,Oil & Ghee,Oil & Ghee,https://www.sabziwala.dk/wp-content/uploads/2022/03/img_4438-scaled.jpeg,https://www.sabziwala.dk/wp-content/uploads/2022/03/img_4438-scaled.jpeg,,0.0,0,https://www.sabziwala.dk/product/vegetable-ghee-12-5kg/,,KHANUM
11424,Kashmiri Masala Curry Paste 2.2kg,kashmiri-masala-curry-past-2-2kg,145.0,145.0,,False,DKK,kr.,True,Paste,Paste,https://www.sabziwala.dk/wp-content/uploads/2022/03/img_4439-scaled.jpeg,https://www.sabziwala.dk/wp-content/uploads/2022/03/img_4439-scaled.jpeg,,0.0,0,https://www.sabziwala.dk/product/kashmiri-masala-curry-past-2-2kg/,,Paste
11422,Sweet Mango Chutney 5 Kg,sweet-mango-chutney-5kg,170.0,170.0,,False,DKK,kr.,True,Sauce,Sauce,https://www.sabziwala.dk/wp-content/uploads/2022/03/img_4440-scaled.jpeg,https://www.sabziwala.dk/wp-content/uploads/2022/03/img_4440-scaled.jpeg | https://www.sabziwala.dk/wp-content/uploads/2022/03/img_4441-2-scaled.jpeg,,0.0,0,https://www.sabziwala.dk/product/sweet-mango-chutney-5kg/,,TRS
11417,Mustard Oil 500 ml,mustard-oil-500-ml,45.0,45.0,,False,DKK,kr.,True,Oil & Ghee,Oil & Ghee,https://www.sabziwala.dk/wp-content/uploads/2022/03/img_4442-scaled.jpeg,https://www.sabziwala.dk/wp-content/uploads/2022/03/img_4442-scaled.jpeg,,0.0,0,https://www.sabziwala.dk/product/mustard-oil-500-ml/,,Radhuni
11415,Mixed Pickle,mixed-pickle-4,0.0,0.0,,False,DKK,kr.,True,Pickle,Pickle,https://www.sabziwala.dk/wp-content/uploads/2022/03/img_4443.jpeg,https://www.sabziwala.dk/wp-content/uploads/2022/03/img_4443.jpeg,,0.0,0,https://www.sabziwala.dk/product/mixed-pickle-4/,,Ruchi
11413,Mango Pickle 400g,mango-pickle-400g,0.0,0.0,,False,DKK,kr.,True,Pickle,Pickle,https://www.sabziwala.dk/wp-content/uploads/2022/03/img_4444.jpeg,https://www.sabziwala.dk/wp-content/uploads/2022/03/img_4444.jpeg,,0.0,0,https://www.sabziwala.dk/product/mango-pickle-400g/,,Ruchi
11409,Kachichi biryani masala,kachichi-biryani-masala,18.0,18.0,,False,DKK,kr.,True,Ready Masala,Ready Masala,https://www.sabziwala.dk/wp-content/uploads/2022/03/img_4446-scaled.jpeg,https://www.sabziwala.dk/wp-content/uploads/2022/03/img_4446-scaled.jpeg,,0.0,0,https://www.sabziwala.dk/product/kachichi-biryani-masala/,,Radhuni
11407,Beef Masala,beef-masala,18.0,18.0,,False,DKK,kr.,True,Ready Masala,Ready Masala,https://www.sabziwala.dk/wp-content/uploads/2022/03/img_4447-scaled.jpeg,https://www.sabziwala.dk/wp-content/uploads/2022/03/img_4447-scaled.jpeg,,0.0,0,https://www.sabziwala.dk/product/beef-masala/,,Radhuni – 100g
11405,Chicken Masala,chicken-masala-3,18.0,18.0,,False,DKK,kr.,True,Ready Masala,Ready Masala,https://www.sabziwala.dk/wp-content/uploads/2022/03/img_4448-scaled.jpeg,https://www.sabziwala.dk/wp-content/uploads/2022/03/img_4448-scaled.jpeg,,0.0,0,https://www.sabziwala.dk/product/chicken-masala-3/,,Radhuni
11403,Tehari Masala,tehari-masala,18.0,18.0,,False,DKK,kr.,True,Ready Masala,Ready Masala,https://www.sabziwala.dk/wp-content/uploads/2022/03/img_4449-scaled.jpeg,https://www.sabziwala.dk/wp-content/uploads/2022/03/img_4449-scaled.jpeg,,0.0,0,https://www.sabziwala.dk/product/tehari-masala/,,Radhuni
11401,Meat Curry Masala,meat-curry-masala,18.0,18.0,,False,DKK,kr.,True,Ready Masala,Ready Masala,https://www.sabziwala.dk/wp-content/uploads/2022/03/img_4450-scaled.jpeg,https://www.sabziwala.dk/wp-content/uploads/2022/03/img_4450-scaled.jpeg,,0.0,0,https://www.sabziwala.dk/product/meat-curry-masala/,,Radhuni
11399,Borhani Masala,borhani-masala,18.0,18.0,,False,DKK,kr.,True,Ready Masala,Ready Masala,https://www.sabziwala.dk/wp-content/uploads/2022/03/img_4452-scaled.jpeg,https://www.sabziwala.dk/wp-content/uploads/2022/03/img_4452-scaled.jpeg,,0.0,0,https://www.sabziwala.dk/product/borhani-masala/,,Radhuni
11397,Fish Curry Masala,fish-curry-masala,20.0,20.0,,False,DKK,kr.,True,Ready Masala,Ready Masala,https://www.sabziwala.dk/wp-content/uploads/2022/03/img_4453-scaled.jpeg,https://www.sabziwala.dk/wp-content/uploads/2022/03/img_4453-scaled.jpeg,,0.0,0,https://www.sabziwala.dk/product/fish-curry-masala/,,Radhuni
11395,Punchforan,punchforan,0.0,0.0,,False,DKK,kr.,True,Ready Masala,Ready Masala,https://www.sabziwala.dk/wp-content/uploads/2022/03/img_4454-scaled.jpeg,https://www.sabziwala.dk/wp-content/uploads/2022/03/img_4454-scaled.jpeg,,0.0,0,https://www.sabziwala.dk/product/punchforan/,,Radhuni
11393,Roast Masala,roast-masala,18.0,18.0,,False,DKK,kr.,True,Ready Masala,Ready Masala,https://www.sabziwala.dk/wp-content/uploads/2022/03/img_4455-scaled.jpeg,https://www.sabziwala.dk/wp-content/uploads/2022/03/img_4455-scaled.jpeg,,0.0,0,https://www.sabziwala.dk/product/roast-masala/,,Radhuni
11391,Chatpati Masala 50g,chatpati-masala-50g,18.0,18.0,,False,DKK,kr.,True,Ready Masala,Ready Masala,https://www.sabziwala.dk/wp-content/uploads/2022/03/img_4456-scaled.jpeg,https://www.sabziwala.dk/wp-content/uploads/2022/03/img_4456-scaled.jpeg,,0.0,0,https://www.sabziwala.dk/product/chatpati-masala-50g/,,Radhuni
11389,Haleem Mix 220g,haleem-mix-220g,23.0,23.0,,False,DKK,kr.,True,Ready Masala,Ready Masala,https://www.sabziwala.dk/wp-content/uploads/2022/03/img_4457-scaled.jpeg,https://www.sabziwala.dk/wp-content/uploads/2022/03/img_4457-scaled.jpeg,,0.0,0,https://www.sabziwala.dk/product/haleem-mix-220g/,,Radhuni
11387,Biryani Masala,biryani-masala-40g,18.0,18.0,,False,DKK,kr.,True,Ready Masala,Ready Masala,https://www.sabziwala.dk/wp-content/uploads/2022/03/img_4458-scaled.jpeg,https://www.sabziwala.dk/wp-content/uploads/2022/03/img_4458-scaled.jpeg,,0.0,0,https://www.sabziwala.dk/product/biryani-masala-40g/,,Radhuni – 40g
11385,Momo Masala,momo-masala-2,20.0,20.0,,False,DKK,kr.,True,Ready Masala,Ready Masala,https://www.sabziwala.dk/wp-content/uploads/2022/03/img_4459-scaled.jpeg,https://www.sabziwala.dk/wp-content/uploads/2022/03/img_4459-scaled.jpeg,,0.0,0,https://www.sabziwala.dk/product/momo-masala-2/,,
11380,Golgappa with PaniPuri Masala,gogappa-with-panipuri-masala,50.0,50.0,,False,DKK,kr.,True,Fry Products,Fry Products; Gol Gappa & Pani puri; Snack & savories,https://www.sabziwala.dk/wp-content/uploads/2022/03/img_4461-scaled.jpeg,https://www.sabziwala.dk/wp-content/uploads/2022/03/img_4461-scaled.jpeg,,0.0,0,https://www.sabziwala.dk/product/gogappa-with-panipuri-masala/,,Kalra
11376,Panipuri concentrate 190g,panipuri-concentrate-190g,0.0,0.0,,False,DKK,kr.,True,Gol Gappa & Pani puri,Gol Gappa & Pani puri,https://www.sabziwala.dk/wp-content/uploads/2022/03/img_4463-scaled.jpeg,https://www.sabziwala.dk/wp-content/uploads/2022/03/img_4463-scaled.jpeg,,0.0,0,https://www.sabziwala.dk/product/panipuri-concentrate-190g/,,With olive oil
11374,Dahi Phulki,dahi-phulki,25.0,25.0,,False,DKK,kr.,True,Fry Products,Fry Products; Snack & savories,https://www.sabziwala.dk/wp-content/uploads/2022/03/img_4464-scaled.jpeg,https://www.sabziwala.dk/wp-content/uploads/2022/03/img_4464-scaled.jpeg,,0.0,0,https://www.sabziwala.dk/product/dahi-phulki/,,Ambala
11372,Pani Puri 300g,pani-puri-300g,45.0,45.0,,False,DKK,kr.,True,Gol Gappa & Pani puri,Gol Gappa & Pani puri; Snack & savories,https://www.sabziwala.dk/wp-content/uploads/2022/03/img_4466-scaled.jpeg,https://www.sabziwala.dk/wp-content/uploads/2022/03/img_4466-scaled.jpeg | https://www.sabziwala.dk/wp-content/uploads/2022/03/img_4467-scaled.jpeg,,0.0,0,https://www.sabziwala.dk/product/pani-puri-300g/,,Bikano
11369,Fryums Round 200g,fryums-round-200g,20.0,20.0,,False,DKK,kr.,False,Fry Products,Fry Products,https://www.sabziwala.dk/wp-content/uploads/2022/03/img_4468-scaled.jpeg,https://www.sabziwala.dk/wp-content/uploads/2022/03/img_4468-scaled.jpeg,,0.0,0,https://www.sabziwala.dk/product/fryums-round-200g/,,Chakra
11367,Far Far Wheel 300g,far-far-wheel-300g,25.0,25.0,,False,DKK,kr.,True,Fry Products,Fry Products,https://www.sabziwala.dk/wp-content/uploads/2022/03/img_4469-scaled.jpeg,https://www.sabziwala.dk/wp-content/uploads/2022/03/img_4469-scaled.jpeg,,0.0,0,https://www.sabziwala.dk/product/far-far-wheel-300g/,,Kalra
11365,Dry Whole Ginger,dry-whole-ginger,40.0,40.0,,False,DKK,kr.,True,Herbs and Spices,Herbs and Spices,https://www.sabziwala.dk/wp-content/uploads/2022/03/img_4470-scaled.jpeg,https://www.sabziwala.dk/wp-content/uploads/2022/03/img_4470-scaled.jpeg,,0.0,0,https://www.sabziwala.dk/product/dry-whole-ginger/,,Kalra
11363,Mini Pappadums Garlic,mini-pappadums-garic,0.0,0.0,,False,DKK,kr.,False,Fry Products,Fry Products,https://www.sabziwala.dk/wp-content/uploads/2022/03/img_4472-scaled.jpeg,https://www.sabziwala.dk/wp-content/uploads/2022/03/img_4472-scaled.jpeg,,0.0,0,https://www.sabziwala.dk/product/mini-pappadums-garic/,,Heera
11361,Pasta,pasta-2,0.0,0.0,,False,DKK,kr.,True,Others,Others,https://www.sabziwala.dk/wp-content/uploads/2022/03/img_4473-scaled.jpeg,https://www.sabziwala.dk/wp-content/uploads/2022/03/img_4473-scaled.jpeg,,0.0,0,https://www.sabziwala.dk/product/pasta-2/,,
11359,Pasta,pasta,0.0,0.0,,False,DKK,kr.,True,Others,Others,https://www.sabziwala.dk/wp-content/uploads/2022/03/img_4474-scaled.jpeg,https://www.sabziwala.dk/wp-content/uploads/2022/03/img_4474-scaled.jpeg,,0.0,0,https://www.sabziwala.dk/product/pasta/,,
11357,Far Far Star 300g,far-far-star-300g,25.0,25.0,,False,DKK,kr.,True,Fry Products,Fry Products,https://www.sabziwala.dk/wp-content/uploads/2022/03/img_4475-scaled.jpeg,https://www.sabziwala.dk/wp-content/uploads/2022/03/img_4475-scaled.jpeg,,0.0,0,https://www.sabziwala.dk/product/far-far-star-300g/,,Kalra
11355,Jav Whole,jav-whole-2,25.0,25.0,,False,DKK,kr.,True,"Bean, Peas, Lentils and Daal","Bean, Peas, Lentils and Daal",https://www.sabziwala.dk/wp-content/uploads/2022/03/img_4476-scaled.jpeg,https://www.sabziwala.dk/wp-content/uploads/2022/03/img_4476-scaled.jpeg,,0.0,0,https://www.sabziwala.dk/product/jav-whole-2/,,Moughal
11353,Rice Idli,rice-idli,25.0,25.0,,False,DKK,kr.,False,Other Flour,Other Flour; Ready to Eat,https://www.sabziwala.dk/wp-content/uploads/2022/03/img_4477-scaled.jpeg,https://www.sabziwala.dk/wp-content/uploads/2022/03/img_4477-scaled.jpeg,,0.0,0,https://www.sabziwala.dk/product/rice-idli/,,Mtr
11351,Vada 500g,mtr-vada,40.0,40.0,,False,DKK,kr.,True,Ready to Eat,Ready to Eat,https://www.sabziwala.dk/wp-content/uploads/2022/03/img_4478-scaled.jpeg,https://www.sabziwala.dk/wp-content/uploads/2022/03/img_4478-scaled.jpeg,,0.0,0,https://www.sabziwala.dk/product/mtr-vada/,,
11349,Gulab Jamun 1Kg,gulab-jamun,65.0,65.0,,False,DKK,kr.,True,Desserts & Sweets,Desserts & Sweets,https://www.sabziwala.dk/wp-content/uploads/2022/03/img_4480-scaled.jpeg,https://www.sabziwala.dk/wp-content/uploads/2022/03/img_4480-scaled.jpeg | https://www.sabziwala.dk/wp-content/uploads/2022/03/img_4481-scaled.jpeg,,0.0,0,https://www.sabziwala.dk/product/gulab-jamun/,,
11346,Mild Madras Curry Powder 400g,mild-madras-curry-powder-400g-2,35.0,35.0,,False,DKK,kr.,True,Herbs and Spices,Herbs and Spices,https://www.sabziwala.dk/wp-content/uploads/2022/03/img_4483-scaled.jpeg,https://www.sabziwala.dk/wp-content/uploads/2022/03/img_4483-scaled.jpeg,,0.0,0,https://www.sabziwala.dk/product/mild-madras-curry-powder-400g-2/,,
11344,Munnaka 150g,munnaka-150g,25.0,25.0,,False,DKK,kr.,True,Dry fruits and Nuts,Dry fruits and Nuts,https://www.sabziwala.dk/wp-content/uploads/2022/03/img_4484.jpeg,https://www.sabziwala.dk/wp-content/uploads/2022/03/img_4484.jpeg,,0.0,0,https://www.sabziwala.dk/product/munnaka-150g/,,Moughal
11342,Mono Sodium Glutamate 500 g,mono-sodium-glutamate,50.0,50.0,,False,DKK,kr.,True,Herbs and Spices,Herbs and Spices,https://www.sabziwala.dk/wp-content/uploads/2022/03/img_4485-scaled.jpeg,https://www.sabziwala.dk/wp-content/uploads/2022/03/img_4485-scaled.jpeg,,0.0,0,https://www.sabziwala.dk/product/mono-sodium-glutamate/,,
11340,Chicken Coating Mix,chicken-coating-mix,35.0,45.0,35.0,True,DKK,kr.,True,Ready Masala,Ready Masala,https://www.sabziwala.dk/wp-content/uploads/2022/03/img_4487-scaled.jpeg,https://www.sabziwala.dk/wp-content/uploads/2022/03/img_4487-scaled.jpeg,,0.0,0,https://www.sabziwala.dk/product/chicken-coating-mix/,,Moughal
11338,Gurr Natural 1Kg,gurr-natural,55.0,55.0,,False,DKK,kr.,True,Desserts & Sweets,Desserts & Sweets,https://www.sabziwala.dk/wp-content/uploads/2022/03/img_4488-scaled.jpeg,https://www.sabziwala.dk/wp-content/uploads/2022/03/img_4488-scaled.jpeg | https://www.sabziwala.dk/wp-content/uploads/2022/03/img_4489-scaled.jpeg,,0.0,0,https://www.sabziwala.dk/product/gurr-natural/,,Kalra
11335,Punjabi Shakkar 1Kg,punjabi-shakkar-1kg,55.0,55.0,,False,DKK,kr.,True,Desserts & Sweets,Desserts & Sweets,https://www.sabziwala.dk/wp-content/uploads/2022/03/img_4490-scaled.jpeg,https://www.sabziwala.dk/wp-content/uploads/2022/03/img_4490-scaled.jpeg | https://www.sabziwala.dk/wp-content/uploads/2022/03/img_4492-scaled.jpeg,,0.0,0,https://www.sabziwala.dk/product/punjabi-shakkar-1kg/,,Kalra
11332,Bajra seeds 400g,bajra-seeds-400g,0.0,0.0,,False,DKK,kr.,True,"Bean, Peas, Lentils and Daal","Bean, Peas, Lentils and Daal",https://www.sabziwala.dk/wp-content/uploads/2022/03/img_4493-scaled.jpeg,https://www.sabziwala.dk/wp-content/uploads/2022/03/img_4493-scaled.jpeg,,0.0,0,https://www.sabziwala.dk/product/bajra-seeds-400g/,,Heera
11330,Crushed Wheat Coarse 500g,crushed-wheat-coarse-500g,20.0,20.0,,False,DKK,kr.,True,Other Flour,Other Flour,https://www.sabziwala.dk/wp-content/uploads/2022/03/img_4494-scaled.jpeg,https://www.sabziwala.dk/wp-content/uploads/2022/03/img_4494-scaled.jpeg,,0.0,0,https://www.sabziwala.dk/product/crushed-wheat-coarse-500g/,,Heera
11328,Cream Caramel Mix 85g,cream-caramel-mix,10.0,10.0,,False,DKK,kr.,False,Desserts & Sweets,Desserts & Sweets,https://www.sabziwala.dk/wp-content/uploads/2022/03/img_4495-scaled.jpeg,https://www.sabziwala.dk/wp-content/uploads/2022/03/img_4495-scaled.jpeg,,0.0,0,https://www.sabziwala.dk/product/cream-caramel-mix/,,Ahmad foods
11325,Gulab Jamun 500g,mtr-gulab-jamun-mix,25.0,25.0,,False,DKK,kr.,False,Desserts & Sweets,Desserts & Sweets,https://www.sabziwala.dk/wp-content/uploads/2022/03/img_4497-scaled.jpeg,https://www.sabziwala.dk/wp-content/uploads/2022/03/img_4497-scaled.jpeg,,0.0,0,https://www.sabziwala.dk/product/mtr-gulab-jamun-mix/,,Mtr
11323,Custard Powder 600g,custard-powder,35.0,35.0,,False,DKK,kr.,True,Bakery & Dairy,Bakery & Dairy; Desserts & Sweets,https://www.sabziwala.dk/wp-content/uploads/2022/03/img_4499-scaled.jpeg,https://www.sabziwala.dk/wp-content/uploads/2022/03/img_4499-scaled.jpeg,,0.0,0,https://www.sabziwala.dk/product/custard-powder/,,Birds
11321,Cornflour 300g,cornflour-300g,18.0,18.0,,False,DKK,kr.,True,Other Flour,Other Flour,https://www.sabziwala.dk/wp-content/uploads/2022/03/img_4500-scaled.jpeg,https://www.sabziwala.dk/wp-content/uploads/2022/03/img_4500-scaled.jpeg,,0.0,0,https://www.sabziwala.dk/product/cornflour-300g/,,National
11318,Kasuri Methi (Leavs) 100g,kasuri-methi-100g,25.0,25.0,,False,DKK,kr.,True,Herbs and Spices,Herbs and Spices,https://www.sabziwala.dk/wp-content/uploads/2022/03/img_4501-scaled.jpeg,https://www.sabziwala.dk/wp-content/uploads/2022/03/img_4501-scaled.jpeg,,0.0,0,https://www.sabziwala.dk/product/kasuri-methi-100g/,,National
11316,Kurmura Laddu 90g,kurmura-laddu-90g,20.0,20.0,,False,DKK,kr.,True,Child Hood,Child Hood; Desserts & Sweets,https://www.sabziwala.dk/wp-content/uploads/2022/03/img_4502-scaled.jpeg,https://www.sabziwala.dk/wp-content/uploads/2022/03/img_4502-scaled.jpeg,,0.0,0,https://www.sabziwala.dk/product/kurmura-laddu-90g/,,Moughal
11314,Kasuri Methi (Leavs) 50g,kasuri-methi-50g,15.0,15.0,,False,DKK,kr.,True,Herbs and Spices,Herbs and Spices,https://www.sabziwala.dk/wp-content/uploads/2022/03/img_4503-scaled.jpeg,https://www.sabziwala.dk/wp-content/uploads/2022/03/img_4503-scaled.jpeg,,0.0,0,https://www.sabziwala.dk/product/kasuri-methi-50g/,,National
11312,Brown Basmati Rice 1 Kg,brown-basmati-rice-1-kg,35.0,35.0,,False,DKK,kr.,True,Rice,Rice,https://www.sabziwala.dk/wp-content/uploads/2022/03/img_4504-scaled.jpeg,https://www.sabziwala.dk/wp-content/uploads/2022/03/img_4504-scaled.jpeg | https://www.sabziwala.dk/wp-content/uploads/2022/03/img_4505-scaled.jpeg,,0.0,0,https://www.sabziwala.dk/product/brown-basmati-rice-1-kg/,,Moughal
11309,Citric Acid 100g,citric-acid-100g,16.0,16.0,,False,DKK,kr.,True,Herbs and Spices,Herbs and Spices,https://www.sabziwala.dk/wp-content/uploads/2024/01/42318.jpg,https://www.sabziwala.dk/wp-content/uploads/2024/01/42318.jpg,,0.0,0,https://www.sabziwala.dk/product/citric-acid-100g/,,Tatric acid – Meat denderizer
11307,Meat Tenderiser 100g,meat-tenderiser-100g,20.0,20.0,,False,DKK,kr.,True,Herbs and Spices,Herbs and Spices,https://www.sabziwala.dk/wp-content/uploads/2022/03/Heera-Meat-Tenderiser-100g.jpg,https://www.sabziwala.dk/wp-content/uploads/2022/03/Heera-Meat-Tenderiser-100g.jpg | https://www.sabziwala.dk/wp-content/uploads/2022/03/img_4507-scaled.jpeg,,0.0,0,https://www.sabziwala.dk/product/meat-tenderiser-100g/,,
11305,Punjabi Shakkar 500g,punjabi-shakkar-500g,33.0,33.0,,False,DKK,kr.,True,Desserts & Sweets,Desserts & Sweets,https://www.sabziwala.dk/wp-content/uploads/2022/03/img_4508-scaled.jpeg,https://www.sabziwala.dk/wp-content/uploads/2022/03/img_4508-scaled.jpeg | https://www.sabziwala.dk/wp-content/uploads/2022/03/img_4509-scaled.jpeg,,0.0,0,https://www.sabziwala.dk/product/punjabi-shakkar-500g/,,Kalra
11302,Meva Mix 200g,meva-mix-200g,25.0,25.0,,False,DKK,kr.,True,Child Hood,Child Hood; Desserts & Sweets,https://www.sabziwala.dk/wp-content/uploads/2022/03/img_4510.jpeg,https://www.sabziwala.dk/wp-content/uploads/2022/03/img_4510.jpeg,,0.0,0,https://www.sabziwala.dk/product/meva-mix-200g/,,Moughal
11300,Baking Powder,baking-powder,18.0,18.0,,False,DKK,kr.,True,Bakery & Dairy,Bakery & Dairy,https://www.sabziwala.dk/wp-content/uploads/2022/03/img_4511.jpeg,https://www.sabziwala.dk/wp-content/uploads/2022/03/img_4511.jpeg,,0.0,0,https://www.sabziwala.dk/product/baking-powder/,,Borwiks
11298,Naz Pan masala,naz-pan-masala,30.0,30.0,,False,DKK,kr.,True,Child Hood,Child Hood; Desserts & Sweets,https://www.sabziwala.dk/wp-content/uploads/2022/03/img_4512-scaled.jpeg,https://www.sabziwala.dk/wp-content/uploads/2022/03/img_4512-scaled.jpeg,,0.0,0,https://www.sabziwala.dk/product/naz-pan-masala/,,
11296,Mulethi 250g,mulethi-250g,30.0,30.0,,False,DKK,kr.,True,Herbs and Spices,Herbs and Spices,https://www.sabziwala.dk/wp-content/uploads/2022/02/img_4514-scaled.jpeg,https://www.sabziwala.dk/wp-content/uploads/2022/02/img_4514-scaled.jpeg | https://www.sabziwala.dk/wp-content/uploads/2022/02/img_4515-1-scaled.jpeg,,0.0,0,https://www.sabziwala.dk/product/mulethi-250g/,,Kalra
11292,Go Go Pan Masala,go-go-pan-masala,25.0,25.0,,False,DKK,kr.,True,Child Hood,Child Hood; Regal's Snacks,https://www.sabziwala.dk/wp-content/uploads/2022/02/img_4516-scaled.jpeg,https://www.sabziwala.dk/wp-content/uploads/2022/02/img_4516-scaled.jpeg,,0.0,0,https://www.sabziwala.dk/product/go-go-pan-masala/,,Moughal
11290,Mint Sauce 2.27 Ltr.,mint-sauce-2-27-l,110.0,110.0,,False,DKK,kr.,False,Sauce,Sauce,https://www.sabziwala.dk/wp-content/uploads/2022/02/img_4517-scaled.jpeg,https://www.sabziwala.dk/wp-content/uploads/2022/02/img_4517-scaled.jpeg | https://www.sabziwala.dk/wp-content/uploads/2022/02/img_4518-1-scaled.jpeg,,0.0,0,https://www.sabziwala.dk/product/mint-sauce-2-27-l/,,TRS
11285,Tamarind sauce (hot and spicy),tamarind-sauce-hot-and-spicy,0.0,0.0,,False,DKK,kr.,True,Sauce,Sauce,https://www.sabziwala.dk/wp-content/uploads/2022/02/img_4520-scaled.jpeg,https://www.sabziwala.dk/wp-content/uploads/2022/02/img_4520-scaled.jpeg,,0.0,0,https://www.sabziwala.dk/product/tamarind-sauce-hot-and-spicy/,,Kalra
11283,Tamarind Sauce Mild,tamarind-sauce-mild,0.0,0.0,,False,DKK,kr.,True,Sauce,Sauce,https://www.sabziwala.dk/wp-content/uploads/2022/02/img_4521-scaled.jpeg,https://www.sabziwala.dk/wp-content/uploads/2022/02/img_4521-scaled.jpeg,,0.0,0,https://www.sabziwala.dk/product/tamarind-sauce-mild/,,Kalra
11281,Custard Powder (Banana Flavour) 300g,custard-powder-mango-flavour,20.0,20.0,,False,DKK,kr.,True,Desserts & Sweets,Desserts & Sweets,https://www.sabziwala.dk/wp-content/uploads/2022/02/bana.jpg,https://www.sabziwala.dk/wp-content/uploads/2022/02/bana.jpg,,0.0,0,https://www.sabziwala.dk/product/custard-powder-mango-flavour/,,Laziza
11279,Custard Powder (Vanilla Flavour) 285 g,custard-powder-vanilla,18.0,18.0,,False,DKK,kr.,True,Desserts & Sweets,Desserts & Sweets,https://www.sabziwala.dk/wp-content/uploads/2022/02/img_4523-scaled.jpeg,https://www.sabziwala.dk/wp-content/uploads/2022/02/img_4523-scaled.jpeg,,0.0,0,https://www.sabziwala.dk/product/custard-powder-vanilla/,,Ahmad foods
11276,Ras Malai Mix Pistachio,product-6,20.0,20.0,,False,DKK,kr.,True,Desserts & Sweets,Desserts & Sweets,https://www.sabziwala.dk/wp-content/uploads/2022/02/img_4524-scaled.jpeg,https://www.sabziwala.dk/wp-content/uploads/2022/02/img_4524-scaled.jpeg,,0.0,0,https://www.sabziwala.dk/product/product-6/,,Laziza
11275,Ras Malai Mix Saffron,ras-malai-mix-saffron,20.0,20.0,,False,DKK,kr.,True,Desserts & Sweets,Desserts & Sweets,https://www.sabziwala.dk/wp-content/uploads/2022/02/img_4525-scaled.jpeg,https://www.sabziwala.dk/wp-content/uploads/2022/02/img_4525-scaled.jpeg,,0.0,0,https://www.sabziwala.dk/product/ras-malai-mix-saffron/,,
11273,Ras Malai Mix Almond,ras-malai-mix-almond,20.0,20.0,,False,DKK,kr.,True,Desserts & Sweets,Desserts & Sweets,https://www.sabziwala.dk/wp-content/uploads/2022/02/img_4526-scaled.jpeg,https://www.sabziwala.dk/wp-content/uploads/2022/02/img_4526-scaled.jpeg,,0.0,0,https://www.sabziwala.dk/product/ras-malai-mix-almond/,,
11271,Ras Malai Mix Standard,ras-malai-mix,20.0,20.0,,False,DKK,kr.,True,Desserts & Sweets,Desserts & Sweets,https://www.sabziwala.dk/wp-content/uploads/2022/02/img_4527-scaled.jpeg,https://www.sabziwala.dk/wp-content/uploads/2022/02/img_4527-scaled.jpeg,,0.0,0,https://www.sabziwala.dk/product/ras-malai-mix/,,Laziza
11267,Custard Powder (Vanilla Flavour)300g,custard-powder-vanilla-flavour300g,20.0,20.0,,False,DKK,kr.,True,Desserts & Sweets,Desserts & Sweets,https://www.sabziwala.dk/wp-content/uploads/2022/02/img_4529-scaled.jpeg,https://www.sabziwala.dk/wp-content/uploads/2022/02/img_4529-scaled.jpeg,,0.0,0,https://www.sabziwala.dk/product/custard-powder-vanilla-flavour300g/,,Laziza
11265,Rose Falooda 200g,rose-falooda-200g,20.0,20.0,,False,DKK,kr.,True,Desserts & Sweets,Desserts & Sweets,https://www.sabziwala.dk/wp-content/uploads/2022/02/img_4530-scaled.jpeg,https://www.sabziwala.dk/wp-content/uploads/2022/02/img_4530-scaled.jpeg,,0.0,0,https://www.sabziwala.dk/product/rose-falooda-200g/,,Gits
11263,Custard Powder (Mango Flavour) 300g,laziza-custard-powder-mango-flavour-300g,20.0,20.0,,False,DKK,kr.,True,Desserts & Sweets,Desserts & Sweets,https://www.sabziwala.dk/wp-content/uploads/2022/02/img_4531-scaled.jpeg,https://www.sabziwala.dk/wp-content/uploads/2022/02/img_4531-scaled.jpeg,,0.0,0,https://www.sabziwala.dk/product/laziza-custard-powder-mango-flavour-300g/,,Laziza
11261,Aam papad,aam-papad,26.0,26.0,,False,DKK,kr.,True,Child Hood,Child Hood; Desserts & Sweets,https://www.sabziwala.dk/wp-content/uploads/2022/02/img_4532-scaled.jpeg,https://www.sabziwala.dk/wp-content/uploads/2022/02/img_4532-scaled.jpeg | https://www.sabziwala.dk/wp-content/uploads/2022/02/img_4533-scaled.jpeg,,0.0,0,https://www.sabziwala.dk/product/aam-papad/,,Kalra
11257,Basmati Rice 2 Kg,product-5,45.0,45.0,,False,DKK,kr.,True,Rice,Rice,https://www.sabziwala.dk/wp-content/uploads/2022/02/img_4534-scaled.jpeg,https://www.sabziwala.dk/wp-content/uploads/2022/02/img_4534-scaled.jpeg,,0.0,0,https://www.sabziwala.dk/product/product-5/,,Guard
11254,Milo 400g,milo-nestle-400g,75.0,75.0,,False,DKK,kr.,True,Beauty & Health,Beauty & Health,https://www.sabziwala.dk/wp-content/uploads/2024/04/42834.jpg,https://www.sabziwala.dk/wp-content/uploads/2024/04/42834.jpg,,0.0,0,https://www.sabziwala.dk/product/milo-nestle-400g/,,Nestle
11252,Milo Nestle 1Kg,milo-nestle-1kg,135.0,135.0,,False,DKK,kr.,True,Beauty & Health,Beauty & Health; Frozen Products,https://www.sabziwala.dk/wp-content/uploads/2022/02/img_4539-scaled.jpeg,https://www.sabziwala.dk/wp-content/uploads/2022/02/img_4539-scaled.jpeg,,0.0,0,https://www.sabziwala.dk/product/milo-nestle-1kg/,,
11250,Gram Flour(Besan) 1Kg,gram-flour-1kg,28.0,28.0,,False,DKK,kr.,True,Sooji (Gram flour),Sooji (Gram flour),https://www.sabziwala.dk/wp-content/uploads/2022/02/img_4540-scaled.jpeg,https://www.sabziwala.dk/wp-content/uploads/2022/02/img_4540-scaled.jpeg,,0.0,0,https://www.sabziwala.dk/product/gram-flour-1kg/,,Heera
11248,Gram Flour (Besan) 1Kg,gram-flour-2kg-2,28.0,28.0,,False,DKK,kr.,True,Sooji (Gram flour),Sooji (Gram flour),https://www.sabziwala.dk/wp-content/uploads/2022/02/img_4541-scaled.jpeg,https://www.sabziwala.dk/wp-content/uploads/2022/02/img_4541-scaled.jpeg,,0.0,0,https://www.sabziwala.dk/product/gram-flour-2kg-2/,,Balah
11246,Gram Flour(Besan) 2Kg,gram-flour-2kg,50.0,50.0,,False,DKK,kr.,True,Sooji (Gram flour),Sooji (Gram flour),https://www.sabziwala.dk/wp-content/uploads/2022/02/img_4542-scaled.jpeg,https://www.sabziwala.dk/wp-content/uploads/2022/02/img_4542-scaled.jpeg,,0.0,0,https://www.sabziwala.dk/product/gram-flour-2kg/,,TRS
11244,Gram Flour (Besan) 2Kg,gram-flour-besan-2kg,50.0,50.0,,False,DKK,kr.,False,Sooji (Gram flour),Sooji (Gram flour),https://www.sabziwala.dk/wp-content/uploads/2022/02/img_4543-scaled.jpeg,https://www.sabziwala.dk/wp-content/uploads/2022/02/img_4543-scaled.jpeg,,0.0,0,https://www.sabziwala.dk/product/gram-flour-besan-2kg/,,Ktc
11242,Mehl,mehl,13.0,13.0,,False,DKK,kr.,True,Other Flour,Other Flour,https://www.sabziwala.dk/wp-content/uploads/2022/02/img_4544-scaled.jpeg,https://www.sabziwala.dk/wp-content/uploads/2022/02/img_4544-scaled.jpeg,,0.0,0,https://www.sabziwala.dk/product/mehl/,,Goldstaub
11240,Rice Flour 1.5Kg,rice-flour-1-5kg,45.0,45.0,,False,DKK,kr.,True,Other Flour,Other Flour,https://www.sabziwala.dk/wp-content/uploads/2022/02/img_4545-scaled.jpeg,https://www.sabziwala.dk/wp-content/uploads/2022/02/img_4545-scaled.jpeg,,0.0,0,https://www.sabziwala.dk/product/rice-flour-1-5kg/,,TRS
11238,Semolina Extra Coarse 1.5kg,semolina-extra-coarse-1-5kg-2,42.0,42.0,,False,DKK,kr.,True,Sooji (Gram flour),Sooji (Gram flour),https://www.sabziwala.dk/wp-content/uploads/2022/02/img_4546-scaled.jpeg,https://www.sabziwala.dk/wp-content/uploads/2022/02/img_4546-scaled.jpeg,,0.0,0,https://www.sabziwala.dk/product/semolina-extra-coarse-1-5kg-2/,,Natco
11236,Semolina 900 g,semolina-900-g,30.0,30.0,,False,DKK,kr.,True,Sooji (Gram flour),Sooji (Gram flour),https://www.sabziwala.dk/wp-content/uploads/2022/02/img_4547-scaled.jpeg,https://www.sabziwala.dk/wp-content/uploads/2022/02/img_4547-scaled.jpeg,,0.0,0,https://www.sabziwala.dk/product/semolina-900-g/,,Moughal
11234,Semolina Extra Coarse 1.5kg,semolina-extra-coarse-1-5kg,42.0,42.0,,False,DKK,kr.,True,Sooji (Gram flour),Sooji (Gram flour),https://www.sabziwala.dk/wp-content/uploads/2022/02/img_4548-scaled.jpeg,https://www.sabziwala.dk/wp-content/uploads/2022/02/img_4548-scaled.jpeg,,0.0,0,https://www.sabziwala.dk/product/semolina-extra-coarse-1-5kg/,,TRS
11232,Fine Semolina 500g,fine-semolina-500g,22.0,22.0,,False,DKK,kr.,True,Sooji (Gram flour),Sooji (Gram flour),https://www.sabziwala.dk/wp-content/uploads/2022/02/img_4549-scaled.jpeg,https://www.sabziwala.dk/wp-content/uploads/2022/02/img_4549-scaled.jpeg,,0.0,0,https://www.sabziwala.dk/product/fine-semolina-500g/,,TRS
11230,Majs (Makki)Flour 1 Kg,majs-makkiflour-1kg,30.0,30.0,,False,DKK,kr.,True,Other Flour,Other Flour,https://www.sabziwala.dk/wp-content/uploads/2022/02/img_4550-scaled.jpeg,https://www.sabziwala.dk/wp-content/uploads/2022/02/img_4550-scaled.jpeg | https://www.sabziwala.dk/wp-content/uploads/2022/02/img_4551-scaled.jpeg,,0.0,0,https://www.sabziwala.dk/product/majs-makkiflour-1kg/,,Moughal
11227,Chana Flour 1Kg,chana-flour-1kg,30.0,30.0,,False,DKK,kr.,True,Other Flour,Other Flour,https://www.sabziwala.dk/wp-content/uploads/2022/02/img_4552-scaled.jpeg,https://www.sabziwala.dk/wp-content/uploads/2022/02/img_4552-scaled.jpeg | https://www.sabziwala.dk/wp-content/uploads/2022/02/img_4553-1-scaled.jpeg,,0.0,0,https://www.sabziwala.dk/product/chana-flour-1kg/,,Moughal
11224,Maize Meal 1.5Kg,maize-meal-1-5kg,38.0,38.0,,False,DKK,kr.,True,Other Flour,Other Flour,https://www.sabziwala.dk/wp-content/uploads/2022/02/img_4554-scaled.jpeg,https://www.sabziwala.dk/wp-content/uploads/2022/02/img_4554-scaled.jpeg,,0.0,0,https://www.sabziwala.dk/product/maize-meal-1-5kg/,,مکئی کا آٹا
11222,Dosa Mix 1Kg,dosa-mix-1kg,45.0,45.0,,False,DKK,kr.,True,Other Flour,Other Flour,https://www.sabziwala.dk/wp-content/uploads/2022/02/img_4555-scaled.jpeg,https://www.sabziwala.dk/wp-content/uploads/2022/02/img_4555-scaled.jpeg,,0.0,0,https://www.sabziwala.dk/product/dosa-mix-1kg/,,
11220,Roasted Sooji 1Kg,roasted-sooji-1kg,38.0,38.0,,False,DKK,kr.,True,Sooji (Gram flour),Sooji (Gram flour),https://www.sabziwala.dk/wp-content/uploads/2022/02/img_4556-scaled.jpeg,https://www.sabziwala.dk/wp-content/uploads/2022/02/img_4556-scaled.jpeg,,0.0,0,https://www.sabziwala.dk/product/roasted-sooji-1kg/,,Top op – Semolina
11218,Semolina coarse 1.5kg,semolina-coarse-1-5kg,42.0,42.0,,False,DKK,kr.,True,Sooji (Gram flour),Sooji (Gram flour),https://www.sabziwala.dk/wp-content/uploads/2022/02/img_4557-scaled.jpeg,https://www.sabziwala.dk/wp-content/uploads/2022/02/img_4557-scaled.jpeg,,0.0,0,https://www.sabziwala.dk/product/semolina-coarse-1-5kg/,,Heera
11216,Rice Flour 1Kg,rice-flour-1kg,30.0,30.0,,False,DKK,kr.,True,Atta,Atta,https://www.sabziwala.dk/wp-content/uploads/2022/02/img_4558-scaled.jpeg,https://www.sabziwala.dk/wp-content/uploads/2022/02/img_4558-scaled.jpeg | https://www.sabziwala.dk/wp-content/uploads/2022/02/img_4559-scaled.jpeg,,0.0,0,https://www.sabziwala.dk/product/rice-flour-1kg/,,Moughal
11213,Idli Mix 1Kg,idli-mix-1kg,40.0,40.0,,False,DKK,kr.,True,Other Flour,Other Flour,https://www.sabziwala.dk/wp-content/uploads/2022/02/img_4560-scaled.jpeg,https://www.sabziwala.dk/wp-content/uploads/2022/02/img_4560-scaled.jpeg,,0.0,0,https://www.sabziwala.dk/product/idli-mix-1kg/,,Heera
11211,Ragi Whole – Finger Hirse 1 Kg,ragi-whole,30.0,30.0,,False,DKK,kr.,True,Herbs and Spices,Herbs and Spices,https://www.sabziwala.dk/wp-content/uploads/2022/02/img_4561-scaled.jpeg,https://www.sabziwala.dk/wp-content/uploads/2022/02/img_4561-scaled.jpeg,,0.0,0,https://www.sabziwala.dk/product/ragi-whole/,,
11209,Coconut Powder 1Kg,coconut-powder-1kg,30.0,30.0,,False,DKK,kr.,True,Other Flour,Other Flour,https://www.sabziwala.dk/wp-content/uploads/2022/02/img_4562-scaled.jpeg,https://www.sabziwala.dk/wp-content/uploads/2022/02/img_4562-scaled.jpeg,,0.0,0,https://www.sabziwala.dk/product/coconut-powder-1kg/,,TRS
11207,Cassava Flour 0.91kg,cassava-flour-0-91kg,40.0,40.0,,False,DKK,kr.,False,Other Flour,Other Flour,https://www.sabziwala.dk/wp-content/uploads/2022/02/img_4563-scaled.jpeg,https://www.sabziwala.dk/wp-content/uploads/2022/02/img_4563-scaled.jpeg,,0.0,0,https://www.sabziwala.dk/product/cassava-flour-0-91kg/,,
11205,Jav Whole,jav-whole,40.0,40.0,,False,DKK,kr.,True,"Bean, Peas, Lentils and Daal","Bean, Peas, Lentils and Daal",https://www.sabziwala.dk/wp-content/uploads/2022/02/img_4564-scaled.jpeg,https://www.sabziwala.dk/wp-content/uploads/2022/02/img_4564-scaled.jpeg,,0.0,0,https://www.sabziwala.dk/product/jav-whole/,,Moughal
11202,Fufu Plantain 680g,fufu-plantain-680g,35.0,35.0,,False,DKK,kr.,True,Other Flour,Other Flour,https://www.sabziwala.dk/wp-content/uploads/2022/02/img_4565-scaled.jpeg,https://www.sabziwala.dk/wp-content/uploads/2022/02/img_4565-scaled.jpeg,,0.0,0,https://www.sabziwala.dk/product/fufu-plantain-680g/,,
11200,Gari 2Kg,crispy-quality-gari-2kh,55.0,55.0,,False,DKK,kr.,True,Other Flour,Other Flour,https://www.sabziwala.dk/wp-content/uploads/2022/02/img_4566-scaled.jpeg,https://www.sabziwala.dk/wp-content/uploads/2022/02/img_4566-scaled.jpeg,,0.0,0,https://www.sabziwala.dk/product/crispy-quality-gari-2kh/,,Crispy Quality Ingredients-cassava
11198,Urid Flour 1 Kg,urid-flour-1-kg,45.0,45.0,,False,DKK,kr.,True,Other Flour,Other Flour,https://www.sabziwala.dk/wp-content/uploads/2022/02/img_4567-scaled.jpeg,https://www.sabziwala.dk/wp-content/uploads/2022/02/img_4567-scaled.jpeg,,0.0,0,https://www.sabziwala.dk/product/urid-flour-1-kg/,,TRS
11196,Pillsbury Chakki Atta 2Kg,pillsbury-chakki-atta-2kg,38.0,38.0,,False,DKK,kr.,False,Atta,Atta,https://www.sabziwala.dk/wp-content/uploads/2022/02/img_4568-scaled.jpeg,https://www.sabziwala.dk/wp-content/uploads/2022/02/img_4568-scaled.jpeg,,0.0,0,https://www.sabziwala.dk/product/pillsbury-chakki-atta-2kg/,,
11194,Pillsbury Chakki Atta 5Kg,pillsbury-chakki-atta-5kg,95.0,95.0,,False,DKK,kr.,True,Atta,Atta,https://www.sabziwala.dk/wp-content/uploads/2022/02/img_4569-scaled.jpeg,https://www.sabziwala.dk/wp-content/uploads/2022/02/img_4569-scaled.jpeg,,0.0,0,https://www.sabziwala.dk/product/pillsbury-chakki-atta-5kg/,,
11192,Pillsbury Chakki Atta 10Kg,pillsbury-chakki-atta-10kg,160.0,160.0,,False,DKK,kr.,True,Atta,Atta,https://www.sabziwala.dk/wp-content/uploads/2022/02/img_4570-scaled.jpeg,https://www.sabziwala.dk/wp-content/uploads/2022/02/img_4570-scaled.jpeg,,0.0,0,https://www.sabziwala.dk/product/pillsbury-chakki-atta-10kg/,,
11190,Pillsbury Atta Multi Grain 5Kg,pillsbury-atta-multi-grain-5kg,175.0,175.0,,False,DKK,kr.,False,Atta,Atta,https://www.sabziwala.dk/wp-content/uploads/2022/02/img_4571-scaled.jpeg,https://www.sabziwala.dk/wp-content/uploads/2022/02/img_4571-scaled.jpeg,,0.0,0,https://www.sabziwala.dk/product/pillsbury-atta-multi-grain-5kg/,,
11188,Aashiwaad Atta 5Kg,aashiwaad-atta-5kg,140.0,140.0,,False,DKK,kr.,True,Atta,Atta,https://www.sabziwala.dk/wp-content/uploads/2022/02/img_4572-scaled.jpeg,https://www.sabziwala.dk/wp-content/uploads/2022/02/img_4572-scaled.jpeg,,0.0,0,https://www.sabziwala.dk/product/aashiwaad-atta-5kg/,,
11186,Aashirwaad Atta 10Kg,aashirwaad-atta-10kg,250.0,250.0,,False,DKK,kr.,True,Atta,Atta,https://www.sabziwala.dk/wp-content/uploads/2022/02/img_4573-scaled.jpeg,https://www.sabziwala.dk/wp-content/uploads/2022/02/img_4573-scaled.jpeg,,0.0,0,https://www.sabziwala.dk/product/aashirwaad-atta-10kg/,,
11184,Double Diamond Basmati Rice 5kg,double-diamond-basmati-rice-5kg,165.0,165.0,,False,DKK,kr.,True,5kg Rice,5kg Rice,https://www.sabziwala.dk/wp-content/uploads/2022/02/img_4574-scaled.jpeg,https://www.sabziwala.dk/wp-content/uploads/2022/02/img_4574-scaled.jpeg,,0.0,0,https://www.sabziwala.dk/product/double-diamond-basmati-rice-5kg/,,Great tast
11182,Guard – Basmati Rice 5 Kg,guard-basmati-rice-5-kg,138.0,138.0,,False,DKK,kr.,True,5kg Rice,5kg Rice,https://www.sabziwala.dk/wp-content/uploads/2022/02/img_4575-scaled.jpeg,https://www.sabziwala.dk/wp-content/uploads/2022/02/img_4575-scaled.jpeg,,0.0,0,https://www.sabziwala.dk/product/guard-basmati-rice-5-kg/,,Longest rice
11180,Chenab – Basmati Rice 5kg,chenab-basmati-rice-5kg,140.0,140.0,,False,DKK,kr.,True,5kg Rice,5kg Rice,https://www.sabziwala.dk/wp-content/uploads/2022/07/38507.jpg,https://www.sabziwala.dk/wp-content/uploads/2022/07/38507.jpg,,0.0,0,https://www.sabziwala.dk/product/chenab-basmati-rice-5kg/,,Extra Long grain with great aroma and real tast of rice
11178,Laila – Basmati Rice 5 Kg,basmati-rice-5kg,105.0,105.0,,False,DKK,kr.,False,5kg Rice,5kg Rice,https://www.sabziwala.dk/wp-content/uploads/2022/02/img_4577-scaled.jpeg,https://www.sabziwala.dk/wp-content/uploads/2022/02/img_4577-scaled.jpeg,,0.0,0,https://www.sabziwala.dk/product/basmati-rice-5kg/,,Laila
11176,Nadi – Super Sella Rice 5kg,nadi-super-sella-rice-5kg,150.0,150.0,,False,DKK,kr.,True,5kg Rice,5kg Rice,https://www.sabziwala.dk/wp-content/uploads/2022/02/img_4578-scaled.jpeg,https://www.sabziwala.dk/wp-content/uploads/2022/02/img_4578-scaled.jpeg,,0.0,0,https://www.sabziwala.dk/product/nadi-super-sella-rice-5kg/,,Aahu-barah
11174,Nadi – Super Sella Rice 10 Kg,nadi-super-sella-rice-10-kg,290.0,290.0,,False,DKK,kr.,True,10 kg,10 kg,https://www.sabziwala.dk/wp-content/uploads/2022/02/img_4579-scaled.jpeg,https://www.sabziwala.dk/wp-content/uploads/2022/02/img_4579-scaled.jpeg,,0.0,0,https://www.sabziwala.dk/product/nadi-super-sella-rice-10-kg/,,Aahu-barah
11172,Elephant – Jasmin rice 5 Kg,elephant-jasmin-rice-5-kg,105.0,105.0,,False,DKK,kr.,False,5kg Rice,5kg Rice,https://www.sabziwala.dk/wp-content/uploads/2022/02/img_4580-scaled.jpeg,https://www.sabziwala.dk/wp-content/uploads/2022/02/img_4580-scaled.jpeg,,0.0,0,https://www.sabziwala.dk/product/elephant-jasmin-rice-5-kg/,,Lucky elephant brand
11170,Jai Sriram – Sona Masoori Rice 10 Kg,jai-sriram-sona-masoori-rice-10-kg,185.0,185.0,,False,DKK,kr.,False,10 kg,10 kg,https://www.sabziwala.dk/wp-content/uploads/2022/02/img_4581-scaled.jpeg,https://www.sabziwala.dk/wp-content/uploads/2022/02/img_4581-scaled.jpeg,,0.0,0,https://www.sabziwala.dk/product/jai-sriram-sona-masoori-rice-10-kg/,,Jai shiri ram
11168,Chenab – Sella Rice 10 Kg,chenab-sella-rice-10kg,175.0,175.0,,False,DKK,kr.,False,10 kg,10 kg,https://www.sabziwala.dk/wp-content/uploads/2022/02/img_4582-scaled.jpeg,https://www.sabziwala.dk/wp-content/uploads/2022/02/img_4582-scaled.jpeg,,0.0,0,https://www.sabziwala.dk/product/chenab-sella-rice-10kg/,,1121 rice with great tast and great aroma
11166,Elephant Atta (Medium)10Kg,elephant-atta-medium10kg,115.0,115.0,,False,DKK,kr.,True,Atta,Atta; Atta and other flour,https://www.sabziwala.dk/wp-content/uploads/2022/02/img_4583-scaled.jpeg,https://www.sabziwala.dk/wp-content/uploads/2022/02/img_4583-scaled.jpeg,,0.0,0,https://www.sabziwala.dk/product/elephant-atta-medium10kg/,,Chapati flour
11160,Chilli Powder (Extra Hot) 1 Kg,chilli-pulver-ekstra-staerk-1-kg,85.0,85.0,,False,DKK,kr.,True,Herbs and Spices,Herbs and Spices,https://www.sabziwala.dk/wp-content/uploads/2022/02/img_4350-scaled.jpg,https://www.sabziwala.dk/wp-content/uploads/2022/02/img_4350-scaled.jpg,,0.0,0,https://www.sabziwala.dk/product/chilli-pulver-ekstra-staerk-1-kg/,,Moughal
11159,Whole Red Chillies 150 g,whole-red-chillies-150-g,40.0,40.0,,False,DKK,kr.,True,Herbs and Spices,Herbs and Spices,https://www.sabziwala.dk/wp-content/uploads/2022/02/img_4367-scaled.jpeg,https://www.sabziwala.dk/wp-content/uploads/2022/02/img_4367-scaled.jpeg | https://www.sabziwala.dk/wp-content/uploads/2024/04/42688.jpg,,0.0,0,https://www.sabziwala.dk/product/whole-red-chillies-150-g/,,TRS
11157,Toor Dal 1Kg,toor-dal-1kg,38.0,38.0,,False,DKK,kr.,True,"Bean, Peas, Lentils and Daal","Bean, Peas, Lentils and Daal; Lentils and Daal",https://www.sabziwala.dk/wp-content/uploads/2023/07/41227.jpg,https://www.sabziwala.dk/wp-content/uploads/2023/07/41227.jpg,,0.0,0,https://www.sabziwala.dk/product/toor-dal-1kg/,"Toor / Tur dal is famous in Southern and Western India. Pigeon Peas are a greenish-tan color when whole, but they’re usually sold skinned and split. The flavor of pigeon peas is often described as nutty, like a rich grain. Though this pulse originated in Africa. According to Ayurveda, it is an anti-inflammatory. Peas are an excellent source of protein and essential amino acids. In addition, we can find spots B group vitamins, vitamins A, C, E, and K, folic acid and pantothenic acid, and minerals such as potassium, magnesium, phosphorus, iron, calcium. Beans contain a large amount of dietary fiber that improves intestinal function, lowers blood sugar levels, and cholesterol levels, and blood pressure. Pea is recommended in the fight against cancer and reduces the risk of its occurrence; it is also de-acidifying the body. Toor Dal is a ready source of proteins for a balanced diet containing little or no meat. Dal is typically around 25% protein by weight, giving it a comparable protein content to meats. Dal is also high in carbohydrates whilst being virtually fat-free. Dal is also rich in the B vitamins thiamine and folic acid, as well as several minerals, notably iron and zinc. Preparation Instructions: First, rinse 1cup of Toor dal in cold water. Wash it thoroughly to remove surface impurities such as dirt and drain the water. To reduce cooking time, the optional step could be to soak it before in cold water for 15 minutes. It will yield 2 cups of Lentils. Now Place Toor dal in a closed pan with water and put it on a high flame for 5-7 minutes and let it cook. Now cooked Toor dal is ready to prepare varieties of delicious Indian recipes.",
11156,Black Eye Beans 1Kg,black-eye-beans-1-kg,33.0,33.0,,False,DKK,kr.,True,Lentils and Daal,Lentils and Daal,https://www.sabziwala.dk/wp-content/uploads/2022/02/img_4366-scaled.jpg,https://www.sabziwala.dk/wp-content/uploads/2022/02/img_4366-scaled.jpg,,0.0,0,https://www.sabziwala.dk/product/black-eye-beans-1-kg/,,
11155,Brown Lentils 1 Kg,brown-lentils-1-kg,33.0,33.0,,False,DKK,kr.,True,Lentils and Daal,Lentils and Daal,https://www.sabziwala.dk/wp-content/uploads/2022/02/img_4363-scaled.jpg,https://www.sabziwala.dk/wp-content/uploads/2022/02/img_4363-scaled.jpg,,0.0,0,https://www.sabziwala.dk/product/brown-lentils-1-kg/,,TRS
11154,Green Tea Cardamom,green-tea-cardamom,45.0,45.0,,False,DKK,kr.,True,Tea & Coffe,Tea & Coffe,https://www.sabziwala.dk/wp-content/uploads/2022/02/img_4369-1-scaled.jpg,https://www.sabziwala.dk/wp-content/uploads/2022/02/img_4369-1-scaled.jpg,,0.0,0,https://www.sabziwala.dk/product/green-tea-cardamom/,,Mokhtar tea
11153,Tetley Tea 240 bags,tetley-chai-original,85.0,85.0,,False,DKK,kr.,True,Tea & Coffe,Tea & Coffe,https://www.sabziwala.dk/wp-content/uploads/2022/02/Tetley-Tea-Bags-–-240-bags.jpg,https://www.sabziwala.dk/wp-content/uploads/2022/02/Tetley-Tea-Bags-–-240-bags.jpg,,0.0,0,https://www.sabziwala.dk/product/tetley-chai-original/,,Tetley
11152,Garam Masala Whole 200g,garam-masala-whole-200g,35.0,35.0,,False,DKK,kr.,True,Herbs and Spices,Herbs and Spices,https://www.sabziwala.dk/wp-content/uploads/2022/02/img_4374-scaled.jpeg,https://www.sabziwala.dk/wp-content/uploads/2022/02/img_4374-scaled.jpeg,,0.0,0,https://www.sabziwala.dk/product/garam-masala-whole-200g/,,Heera
11149,Coriander Powder 1 Kg,coriander-powder-1kg-2,65.0,65.0,,False,DKK,kr.,True,Herbs and Spices,Herbs and Spices,https://www.sabziwala.dk/wp-content/uploads/2022/02/1312_4.jpeg,https://www.sabziwala.dk/wp-content/uploads/2022/02/1312_4.jpeg,,0.0,0,https://www.sabziwala.dk/product/coriander-powder-1kg-2/,,Heera
11147,Urid Beans 1 Kg,urid-beans-1-kg,33.0,33.0,,False,DKK,kr.,True,"Bean, Peas, Lentils and Daal","Bean, Peas, Lentils and Daal; Lentils and Daal",https://www.sabziwala.dk/wp-content/uploads/2022/02/img_4365-scaled.jpg,https://www.sabziwala.dk/wp-content/uploads/2022/02/img_4365-scaled.jpg,,0.0,0,https://www.sabziwala.dk/product/urid-beans-1-kg/,,TRS
11146,Coriander Powder 400g,dhania-powder-400g-2,40.0,40.0,,False,DKK,kr.,True,Herbs and Spices,Herbs and Spices,https://www.sabziwala.dk/wp-content/uploads/2022/02/img_4376-scaled.jpeg,https://www.sabziwala.dk/wp-content/uploads/2022/02/img_4376-scaled.jpeg,,0.0,0,https://www.sabziwala.dk/product/dhania-powder-400g-2/,,(Dhania) – Ground Coriander
11145,Kashmiri Pink Tea 150 g,kashmiri-pink-tea-150-g,45.0,45.0,,False,DKK,kr.,True,Tea & Coffe,Tea & Coffe,https://www.sabziwala.dk/wp-content/uploads/2022/02/img_4370.jpg,https://www.sabziwala.dk/wp-content/uploads/2022/02/img_4370.jpg,,0.0,0,https://www.sabziwala.dk/product/kashmiri-pink-tea-150-g/,,Regal
11142,Whole Dhania (Coriander Seeds) 250g,whole-dhaniya-250-g,25.0,25.0,,False,DKK,kr.,True,Herbs and Spices,Herbs and Spices,https://www.sabziwala.dk/wp-content/uploads/2022/02/img_4372-scaled.jpg,https://www.sabziwala.dk/wp-content/uploads/2022/02/img_4372-scaled.jpg,,0.0,0,https://www.sabziwala.dk/product/whole-dhaniya-250-g/,,TRS
11140,Whole Mix Masala 800g,whole-mix-masala800g,85.0,85.0,,False,DKK,kr.,True,Herbs and Spices,Herbs and Spices,https://www.sabziwala.dk/wp-content/uploads/2022/02/img_4378-scaled.jpeg,https://www.sabziwala.dk/wp-content/uploads/2022/02/img_4378-scaled.jpeg,,0.0,0,https://www.sabziwala.dk/product/whole-mix-masala800g/,,Moughal
11137,Chilli Whole 750 gram,chilli-whole-750-gram,110.0,110.0,,False,DKK,kr.,True,Herbs and Spices,Herbs and Spices,https://www.sabziwala.dk/wp-content/uploads/2022/02/img_4373-scaled.jpg,https://www.sabziwala.dk/wp-content/uploads/2022/02/img_4373-scaled.jpg,,0.0,0,https://www.sabziwala.dk/product/chilli-whole-750-gram/,,Chilli whole 750 gram
11135,Coriander Whole 750g,coriander-whole-750g,65.0,65.0,,False,DKK,kr.,True,Herbs and Spices,Herbs and Spices,https://www.sabziwala.dk/wp-content/uploads/2022/02/img_4380-scaled.jpeg,https://www.sabziwala.dk/wp-content/uploads/2022/02/img_4380-scaled.jpeg,,0.0,0,https://www.sabziwala.dk/product/coriander-whole-750g/,,
11050,Taaza Black Tea 400g,taaza-black-tea-400g,35.0,35.0,,False,DKK,kr.,True,Tea & Coffe,Tea & Coffe,https://www.sabziwala.dk/wp-content/uploads/2022/02/img_4381-scaled.jpeg,https://www.sabziwala.dk/wp-content/uploads/2022/02/img_4381-scaled.jpeg,,0.0,0,https://www.sabziwala.dk/product/taaza-black-tea-400g/,,
11048,Poppy Seeds White 400g,poppy-seeds-white,40.0,40.0,,False,DKK,kr.,True,Herbs and Spices,Herbs and Spices,https://www.sabziwala.dk/wp-content/uploads/2022/02/img_4382-scaled.jpeg,https://www.sabziwala.dk/wp-content/uploads/2022/02/img_4382-scaled.jpeg,,0.0,0,https://www.sabziwala.dk/product/poppy-seeds-white/,,Moughal
11046,Mung Beans (Whole) 500g,mung-beans-500g,20.0,20.0,,False,DKK,kr.,True,"Bean, Peas, Lentils and Daal","Bean, Peas, Lentils and Daal; Beans",https://www.sabziwala.dk/wp-content/uploads/2022/02/img_4383-scaled.jpeg,https://www.sabziwala.dk/wp-content/uploads/2022/02/img_4383-scaled.jpeg,,0.0,0,https://www.sabziwala.dk/product/mung-beans-500g/,,TRS
11044,Chana Dal 500g,chana-dal-500g,20.0,20.0,,False,DKK,kr.,True,"Bean, Peas, Lentils and Daal","Bean, Peas, Lentils and Daal; Lentils and Daal",https://www.sabziwala.dk/wp-content/uploads/2022/02/alibaba_chanadal500g.webp,https://www.sabziwala.dk/wp-content/uploads/2022/02/alibaba_chanadal500g.webp,,0.0,0,https://www.sabziwala.dk/product/chana-dal-500g/,"Chana Dal is a popular Indian delicacy, which is prepared with some easily available ingredients and makes for a perfect main-course dish. Dal has always been an essential part of every Indian meal and goes perfect with Roti as well as rice. Chana Dal is undoubtedly one of the most delicious pulses and makes for a perfect dish for every occasion”",
11042,Brown Chick Peas 500g,brown-chick-peas-500g,18.0,18.0,,False,DKK,kr.,True,"Bean, Peas, Lentils and Daal","Bean, Peas, Lentils and Daal; Peas",https://www.sabziwala.dk/wp-content/uploads/2022/02/trs-brown-chick-peas-kala-chana-500g.jpg,https://www.sabziwala.dk/wp-content/uploads/2022/02/trs-brown-chick-peas-kala-chana-500g.jpg,,0.0,0,https://www.sabziwala.dk/product/brown-chick-peas-500g/,,Kala Chana
11040,Toor Dal 500g,toor-dal-500g,23.0,23.0,,False,DKK,kr.,True,"Bean, Peas, Lentils and Daal","Bean, Peas, Lentils and Daal; Lentils and Daal",https://www.sabziwala.dk/wp-content/uploads/2022/02/TOOR-DAL-500G.webp,https://www.sabziwala.dk/wp-content/uploads/2022/02/TOOR-DAL-500G.webp,,0.0,0,https://www.sabziwala.dk/product/toor-dal-500g/,"Toor / Tur dal is famous in Southern and Western India. Pigeon Peas are a greenish-tan color when whole, but they’re usually sold skinned and split. The flavor of pigeon peas is often described as nutty, like a rich grain. Though this pulse originated in Africa. According to Ayurveda, it is an anti-inflammatory. Peas are an excellent source of protein and essential amino acids. In addition, we can find spots B group vitamins, vitamins A, C, E, and K, folic acid and pantothenic acid, and minerals such as potassium, magnesium, phosphorus, iron, calcium. Beans contain a large amount of dietary fiber that improves intestinal function, lowers blood sugar levels, and cholesterol levels, and blood pressure. Pea is recommended in the fight against cancer and reduces the risk of its occurrence; it is also de-acidifying the body. Toor Dal is a ready source of proteins for a balanced diet containing little or no meat. Dal is typically around 25% protein by weight, giving it a comparable protein content to meats. Dal is also high in carbohydrates whilst being virtually fat-free. Dal is also rich in the B vitamins thiamine and folic acid, as well as several minerals, notably iron and zinc. Preparation Instructions: First, rinse 1cup of Toor dal in cold water. Wash it thoroughly to remove surface impurities such as dirt and drain the water. To reduce cooking time, the optional step could be to soak it before in cold water for 15 minutes. It will yield 2 cups of Lentils. Now Place Toor dal in a closed pan with water and put it on a high flame for 5-7 minutes and let it cook. Now cooked Toor dal is ready to prepare varieties of delicious Indian recipes.",
11038,Urid Dal Chilka 500g,urid-dal-chilka-500g,23.0,23.0,,False,DKK,kr.,True,"Bean, Peas, Lentils and Daal","Bean, Peas, Lentils and Daal; Lentils and Daal",https://www.sabziwala.dk/wp-content/uploads/2023/07/41230.jpg,https://www.sabziwala.dk/wp-content/uploads/2023/07/41230.jpg,,0.0,0,https://www.sabziwala.dk/product/urid-dal-chilka-500g/,"Urid Dal or Ulutham Paruppu are black lentils that have been split and skinned. A common and popular legume, they are widely used all over Ind/Pak for making dhal or soups. Urid dal, along with rice, are used to make dosas, the crisp pancakes of southern India and also to make poppadums. Black lentils contains a lot of protein, folic acid, low fat, carbohydrates, and lots of fiber and minerals. It is also very calorific and has a low glycemic index, so I can safely consume diabetes because it stabilizes blood sugar levels. Preparation Instructions: Take one Urad Dal in a bowl and add 4 cups of water in it and leave it for at least 8 hours. It will yield 3 cups of Urad Dal. Soaked Urad Dal can be directly used in salad. Traditionally in sount India this soakedurad dal is grind to form a paste and used as a main ingredients for making Dosa, masala dosa, idli and Dahi Vada. It is also used in making pan fry dishes. To prepare Traditional panjai cuisine from Urad Dal, take soaked dal in closed pan with water and put it on a high flame for 10 minutes and let it partially cook. Now cooked Urad Dal is ready to prepare varieties of delicious Indian Recipes. Indian recipe: Urad Dal with onion and tomatoes.",
11036,Green Lentils 500g,green-lentils-500g,18.0,18.0,,False,DKK,kr.,True,"Bean, Peas, Lentils and Daal","Bean, Peas, Lentils and Daal",https://www.sabziwala.dk/wp-content/uploads/2022/02/img_4388-scaled.jpeg,https://www.sabziwala.dk/wp-content/uploads/2022/02/img_4388-scaled.jpeg,,0.0,0,https://www.sabziwala.dk/product/green-lentils-500g/,,TRS
11034,Chick peas 500g,chick-peas-500g,18.0,18.0,,False,DKK,kr.,True,"Bean, Peas, Lentils and Daal","Bean, Peas, Lentils and Daal",https://www.sabziwala.dk/wp-content/uploads/2022/02/img_4389-scaled.jpeg,https://www.sabziwala.dk/wp-content/uploads/2022/02/img_4389-scaled.jpeg,,0.0,0,https://www.sabziwala.dk/product/chick-peas-500g/,,TRS
11032,Red Split Lentils 500g,red-split-lentils-500g,20.0,20.0,,False,DKK,kr.,True,"Bean, Peas, Lentils and Daal","Bean, Peas, Lentils and Daal; Lentils and Daal",https://www.sabziwala.dk/wp-content/uploads/2022/02/AliBaba-LentilsRedSplit500g.webp,https://www.sabziwala.dk/wp-content/uploads/2022/02/AliBaba-LentilsRedSplit500g.webp,,0.0,0,https://www.sabziwala.dk/product/red-split-lentils-500g/,,Masoor Dal
11030,Mung Dal Washed 500g,mung-dal-yellow-500g,25.0,25.0,,False,DKK,kr.,True,"Bean, Peas, Lentils and Daal","Bean, Peas, Lentils and Daal; Lentils and Daal",https://www.sabziwala.dk/wp-content/uploads/2022/02/img_4391-scaled.jpeg,https://www.sabziwala.dk/wp-content/uploads/2022/02/img_4391-scaled.jpeg,,0.0,0,https://www.sabziwala.dk/product/mung-dal-yellow-500g/,"Mung dal refers to moong beans that have been skinned and split so that they’re flat, yellow, and quick-cooking. They’re relatively easy to digest. Mung dal is low in Saturated Fat and Sodium, and very low in Cholesterol. It is also a good source of Protein, Thiamin, Niacin, Vitamin B6, Pantothenic Acid, Iron, Magnesium, Phosphorus, and Potassium, and a very good source of Dietary Fiber, Vitamin C, Vitamin K, Riboflavin, Folate, Copper, and Manganese. Mung beans can be eaten both cooked and raw. It is a great addition to salads, soups, and main dishes as vegetable and meat. Mung beans are removed from the body all the toxins and improve the functioning of the liver. It contains large amounts of easily digestible protein and vitamins A, B, C, and E, as well as mineral salts. Mung bean lowers cholesterol also contains large quantities of antioxidants, which prevent heart disease. Energy value [kJ] 1452 kJ Value Energy [kcal] 347 kcal water 9g ash 3.3g Total protein 23.9g Animal protein 0g Vegetable protein 23.9g cholesterol 0mg Total carbohydrates 62.6g sucrose 6.6g Preparation Instructions: Mung dal is very soft in nature so pre-soaking is not required. Generally, one cup of dried yellow Mung dal will inflate to 3 cups of yellow Mung dal (For making delicious South Indian Recipes such as Dosa and Vada grind this soaked yellow mung dal in a grinder and make a paste ). Place this Yellow Mung dal in a closed pan or pressure cooker and add 5 cups of water and heat it on high flame for 5-7 minutes. Now cooked yellow Mung dal is ready to prepare desired varieties of spicy curry or Tarka dal.",Natco
11028,Cumin Seeds (Jeera)300g,cumin-seeds-300g,38.0,38.0,,False,DKK,kr.,True,Herbs and Spices,Herbs and Spices,https://www.sabziwala.dk/wp-content/uploads/2022/02/img_4392-scaled.jpeg,https://www.sabziwala.dk/wp-content/uploads/2022/02/img_4392-scaled.jpeg,,0.0,0,https://www.sabziwala.dk/product/cumin-seeds-300g/,,Natco
11026,Brown Lentils 500g,brown-lentils-500g,20.0,20.0,,False,DKK,kr.,True,"Bean, Peas, Lentils and Daal","Bean, Peas, Lentils and Daal",https://www.sabziwala.dk/wp-content/uploads/2022/02/img_4393-scaled.jpeg,https://www.sabziwala.dk/wp-content/uploads/2022/02/img_4393-scaled.jpeg,,0.0,0,https://www.sabziwala.dk/product/brown-lentils-500g/,,TRS
11024,Urid Dal Washed 500g,urid-dal-500g,25.0,25.0,,False,DKK,kr.,True,"Bean, Peas, Lentils and Daal","Bean, Peas, Lentils and Daal",https://www.sabziwala.dk/wp-content/uploads/2022/02/img_4394-scaled.jpeg,https://www.sabziwala.dk/wp-content/uploads/2022/02/img_4394-scaled.jpeg,,0.0,0,https://www.sabziwala.dk/product/urid-dal-500g/,,TRS
11022,PG Tips Loose Leaf,pg-tips-loose-leaf,142.0,142.0,,False,DKK,kr.,True,Tea & Coffe,Tea & Coffe,https://www.sabziwala.dk/wp-content/uploads/2022/02/img_4395-scaled.jpeg,https://www.sabziwala.dk/wp-content/uploads/2022/02/img_4395-scaled.jpeg | https://www.sabziwala.dk/wp-content/uploads/2022/02/img_4396-scaled.jpeg,,0.0,0,https://www.sabziwala.dk/product/pg-tips-loose-leaf/,,
11019,PG Tips 300 Bags,pg-tips-300-bags,100.0,100.0,,False,DKK,kr.,True,Tea & Coffe,Tea & Coffe,https://www.sabziwala.dk/wp-content/uploads/2022/02/img_4397-scaled.jpeg,https://www.sabziwala.dk/wp-content/uploads/2022/02/img_4397-scaled.jpeg | https://www.sabziwala.dk/wp-content/uploads/2022/02/img_4398-scaled.jpeg,,0.0,0,https://www.sabziwala.dk/product/pg-tips-300-bags/,,
11016,PG Tips Tea 40 Bags,pg-tips-tea-40bags,35.0,35.0,,False,DKK,kr.,True,Tea & Coffe,Tea & Coffe,https://www.sabziwala.dk/wp-content/uploads/2022/02/img_4399.jpeg,https://www.sabziwala.dk/wp-content/uploads/2022/02/img_4399.jpeg,,0.0,0,https://www.sabziwala.dk/product/pg-tips-tea-40bags/,,
11014,PG Tips  240 Bags,pg-tips-240-bags,75.0,75.0,,False,DKK,kr.,True,Tea & Coffe,Tea & Coffe,https://www.sabziwala.dk/wp-content/uploads/2022/02/img_4400-scaled.jpeg,https://www.sabziwala.dk/wp-content/uploads/2022/02/img_4400-scaled.jpeg,,0.0,0,https://www.sabziwala.dk/product/pg-tips-240-bags/,,
11010,Tapal – Danedar Loose 450g,tapal-black-tea-450g,50.0,50.0,,False,DKK,kr.,True,Tea & Coffe,Tea & Coffe,https://www.sabziwala.dk/wp-content/uploads/2022/02/img_4402-scaled.jpeg,https://www.sabziwala.dk/wp-content/uploads/2022/02/img_4402-scaled.jpeg,,0.0,0,https://www.sabziwala.dk/product/tapal-black-tea-450g/,,(Black tea )
11008,Black Tea (Danedar)900g,black-tea-danedar900g,75.0,75.0,,False,DKK,kr.,True,Tea & Coffe,Tea & Coffe,https://www.sabziwala.dk/wp-content/uploads/2022/02/img_4403-scaled.jpeg,https://www.sabziwala.dk/wp-content/uploads/2022/02/img_4403-scaled.jpeg,,0.0,0,https://www.sabziwala.dk/product/black-tea-danedar900g/,,
11006,Plain Urid Papad 200g,plain-urid-papad-200g,0.0,0.0,,False,DKK,kr.,True,Snack & savories,Snack & savories,https://www.sabziwala.dk/wp-content/uploads/2022/02/img_4404-scaled.jpeg,https://www.sabziwala.dk/wp-content/uploads/2022/02/img_4404-scaled.jpeg,,0.0,0,https://www.sabziwala.dk/product/plain-urid-papad-200g/,,
11004,Pure Butter Ghee 500g,pure-butter-ghee-500g,75.0,75.0,,False,DKK,kr.,True,Oil & Ghee,Oil & Ghee,https://www.sabziwala.dk/wp-content/uploads/2022/02/img_4406.jpeg,https://www.sabziwala.dk/wp-content/uploads/2022/02/img_4406.jpeg,,0.0,0,https://www.sabziwala.dk/product/pure-butter-ghee-500g/,,KHANUM
11002,Powa 1 Kg,medium-powa-1kg-rice-flakes,42.0,42.0,,False,DKK,kr.,True,Rice flakes,Rice flakes,https://www.sabziwala.dk/wp-content/uploads/2022/02/RICE-FLAKES.jpeg,https://www.sabziwala.dk/wp-content/uploads/2022/02/RICE-FLAKES.jpeg,,0.0,0,https://www.sabziwala.dk/product/medium-powa-1kg-rice-flakes/,,Rice Flakes – 1 Kg
11000,Zeera Papad 200g,zeera-papad-200g,25.0,25.0,,False,DKK,kr.,False,Snack & savories,Snack & savories,https://www.sabziwala.dk/wp-content/uploads/2022/02/img_4409-scaled.jpeg,https://www.sabziwala.dk/wp-content/uploads/2022/02/img_4409-scaled.jpeg,,0.0,0,https://www.sabziwala.dk/product/zeera-papad-200g/,,Datar
10998,Soya Chunk 500g,soya-chunk-500g,45.0,45.0,,False,DKK,kr.,True,"Bean, Peas, Lentils and Daal","Bean, Peas, Lentils and Daal",https://www.sabziwala.dk/wp-content/uploads/2022/02/img_4410-scaled.jpeg,https://www.sabziwala.dk/wp-content/uploads/2022/02/img_4410-scaled.jpeg,,0.0,0,https://www.sabziwala.dk/product/soya-chunk-500g/,,Kalra
10996,Pearl Barley 2Kg,pearl-barley-2kg-2,45.0,45.0,,False,DKK,kr.,True,"Bean, Peas, Lentils and Daal","Bean, Peas, Lentils and Daal",https://www.sabziwala.dk/wp-content/uploads/2022/02/img_4411-scaled.jpeg,https://www.sabziwala.dk/wp-content/uploads/2022/02/img_4411-scaled.jpeg,,0.0,0,https://www.sabziwala.dk/product/pearl-barley-2kg-2/,,Heera
10994,Soya Chunks 500g,soya-chunks-500g,45.0,45.0,,False,DKK,kr.,True,"Bean, Peas, Lentils and Daal","Bean, Peas, Lentils and Daal",https://www.sabziwala.dk/wp-content/uploads/2022/02/img_4412-scaled.jpeg,https://www.sabziwala.dk/wp-content/uploads/2022/02/img_4412-scaled.jpeg | https://www.sabziwala.dk/wp-content/uploads/2022/02/img_4413-scaled.jpeg,,0.0,0,https://www.sabziwala.dk/product/soya-chunks-500g/,,Moughal
10991,Vegetable Ghee 1kg,vegetable-ghee-1kg,50.0,50.0,,False,DKK,kr.,False,Oil & Ghee,Oil & Ghee,https://www.sabziwala.dk/wp-content/uploads/2022/02/img_4414-scaled.jpeg,https://www.sabziwala.dk/wp-content/uploads/2022/02/img_4414-scaled.jpeg,,0.0,0,https://www.sabziwala.dk/product/vegetable-ghee-1kg/,,KHANUM
10989,Cow Ghee 1Kg,cow-ghee-1kg,148.0,148.0,,False,DKK,kr.,True,Oil & Ghee,Oil & Ghee,https://www.sabziwala.dk/wp-content/uploads/2022/02/img_4415-scaled.jpeg,https://www.sabziwala.dk/wp-content/uploads/2022/02/img_4415-scaled.jpeg,,0.0,0,https://www.sabziwala.dk/product/cow-ghee-1kg/,,Patanjali
10987,Aloubukhara Afgan 200g,aloubukhara-afgan-200g,30.0,30.0,,False,DKK,kr.,True,Dry fruits and Nuts,Dry fruits and Nuts; Herbs and Spices,https://www.sabziwala.dk/wp-content/uploads/2022/02/img_4416-scaled.jpeg,https://www.sabziwala.dk/wp-content/uploads/2022/02/img_4416-scaled.jpeg,,0.0,0,https://www.sabziwala.dk/product/aloubukhara-afgan-200g/,,
10985,Pure Butter Ghee 2 Kg,pure-butter-ghee,285.0,285.0,,False,DKK,kr.,True,Oil & Ghee,Oil & Ghee,https://www.sabziwala.dk/wp-content/uploads/2022/02/img_4417-1-scaled.jpeg,https://www.sabziwala.dk/wp-content/uploads/2022/02/img_4417-1-scaled.jpeg | https://www.sabziwala.dk/wp-content/uploads/2022/02/img_4418-1-scaled.jpeg | https://www.sabziwala.dk/wp-content/uploads/2022/02/Khanum-Desi-Ghee-2-Kg.webp,,0.0,0,https://www.sabziwala.dk/product/pure-butter-ghee/,,For cooking (TRS) + Khanum Desi Ghee
10977,Chanachur Bar-BQ,product-4,28.0,28.0,,False,DKK,kr.,True,Snack & savories,Snack & savories,https://www.sabziwala.dk/wp-content/uploads/2022/02/img_4420-scaled.jpeg,https://www.sabziwala.dk/wp-content/uploads/2022/02/img_4420-scaled.jpeg,,0.0,0,https://www.sabziwala.dk/product/product-4/,,Ruchi
10976,Chanachur hot snack,chanachur-hot-snack,28.0,28.0,,False,DKK,kr.,True,Snack & savories,Snack & savories,https://www.sabziwala.dk/wp-content/uploads/2022/02/img_4421-scaled.jpeg,https://www.sabziwala.dk/wp-content/uploads/2022/02/img_4421-scaled.jpeg,,0.0,0,https://www.sabziwala.dk/product/chanachur-hot-snack/,,Ruchi
10974,Sugar Coated Fennel 300g,sugar-coated-fennel-300g,25.0,25.0,,False,DKK,kr.,True,Child Hood,Child Hood; Desserts & Sweets,https://www.sabziwala.dk/wp-content/uploads/2022/02/img_4422-scaled.jpeg,https://www.sabziwala.dk/wp-content/uploads/2022/02/img_4422-scaled.jpeg,,0.0,0,https://www.sabziwala.dk/product/sugar-coated-fennel-300g/,,Heera
10972,Mamra basmati 200g,mamra-basmati-200g,25.0,25.0,,False,DKK,kr.,True,Rice flakes,Rice flakes,https://www.sabziwala.dk/wp-content/uploads/2022/02/img_4423-scaled.jpeg,https://www.sabziwala.dk/wp-content/uploads/2022/02/img_4423-scaled.jpeg,,0.0,0,https://www.sabziwala.dk/product/mamra-basmati-200g/,,Kalra
10970,Whole Wheat 500g,whole-wheat-500g,20.0,20.0,,False,DKK,kr.,False,"Bean, Peas, Lentils and Daal","Bean, Peas, Lentils and Daal",https://www.sabziwala.dk/wp-content/uploads/2022/02/img_4424-scaled.jpeg,https://www.sabziwala.dk/wp-content/uploads/2022/02/img_4424-scaled.jpeg,,0.0,0,https://www.sabziwala.dk/product/whole-wheat-500g/,,Heera
10968,Tukmaria 100g,tukmaria,18.0,18.0,,False,DKK,kr.,True,Herbs and Spices,Herbs and Spices,https://www.sabziwala.dk/wp-content/uploads/2022/02/img_4210.jpeg,https://www.sabziwala.dk/wp-content/uploads/2022/02/img_4210.jpeg,,0.0,0,https://www.sabziwala.dk/product/tukmaria/,,TRS
10966,Coriander Powder 100g,ground-coriander-100g,15.0,15.0,,False,DKK,kr.,True,Herbs and Spices,Herbs and Spices,https://www.sabziwala.dk/wp-content/uploads/2022/02/img_4211-scaled.jpeg,https://www.sabziwala.dk/wp-content/uploads/2022/02/img_4211-scaled.jpeg,,0.0,0,https://www.sabziwala.dk/product/ground-coriander-100g/,,Ground
10964,Cumin Powder (Jeera) 1Kg,ground-cumin-zeera-powder-1kg,90.0,90.0,,False,DKK,kr.,True,Herbs and Spices,Herbs and Spices,https://www.sabziwala.dk/wp-content/uploads/2022/02/Cumin-Powder-1-Kg.jpeg,https://www.sabziwala.dk/wp-content/uploads/2022/02/Cumin-Powder-1-Kg.jpeg,,0.0,0,https://www.sabziwala.dk/product/ground-cumin-zeera-powder-1kg/,,Ground Cumin – (Zeera) Heera
10962,Madras Curry Powder 1Kg,madras-curry-powder-1kg,68.0,68.0,,False,DKK,kr.,True,Herbs and Spices,Herbs and Spices,https://www.sabziwala.dk/wp-content/uploads/2022/02/img_4214-scaled.jpeg,https://www.sabziwala.dk/wp-content/uploads/2022/02/img_4214-scaled.jpeg,,0.0,0,https://www.sabziwala.dk/product/madras-curry-powder-1kg/,,TRS
10960,Turmeric Powder (Haldi)1Kg,turmeric-powder-haldi1kg,70.0,70.0,,False,DKK,kr.,True,Herbs and Spices,Herbs and Spices,https://www.sabziwala.dk/wp-content/uploads/2022/02/Turmeric-Powder.jpeg,https://www.sabziwala.dk/wp-content/uploads/2022/02/Turmeric-Powder.jpeg,,0.0,0,https://www.sabziwala.dk/product/turmeric-powder-haldi1kg/,,Heera
10958,Tukmaria 300g,tukmaria-300g,40.0,40.0,,False,DKK,kr.,True,Herbs and Spices,Herbs and Spices,https://www.sabziwala.dk/wp-content/uploads/2022/02/img_4217-scaled.jpeg,https://www.sabziwala.dk/wp-content/uploads/2022/02/img_4217-scaled.jpeg,,0.0,0,https://www.sabziwala.dk/product/tukmaria-300g/,,TRS
10956,Black Cardamom 50g,black-cardamom-50g,25.0,25.0,,False,DKK,kr.,True,Herbs and Spices,Herbs and Spices,https://www.sabziwala.dk/wp-content/uploads/2022/02/Black-Cardamom.png,https://www.sabziwala.dk/wp-content/uploads/2022/02/Black-Cardamom.png,,0.0,0,https://www.sabziwala.dk/product/black-cardamom-50g/,,Moti Elaichi
10954,Cardamom Powder 50g,cardamom-powder-50g,45.0,45.0,,False,DKK,kr.,False,Herbs and Spices,Herbs and Spices,https://www.sabziwala.dk/wp-content/uploads/2022/02/img_4219-scaled.jpeg,https://www.sabziwala.dk/wp-content/uploads/2022/02/img_4219-scaled.jpeg,,0.0,0,https://www.sabziwala.dk/product/cardamom-powder-50g/,,Heera
10951,Cumin Whole (Jeera) 1Kg,cumin-whole-1kg,110.0,110.0,,False,DKK,kr.,True,Herbs and Spices,Herbs and Spices,https://www.sabziwala.dk/wp-content/uploads/2022/02/Cumin-whole.jpeg,https://www.sabziwala.dk/wp-content/uploads/2022/02/Cumin-whole.jpeg,,0.0,0,https://www.sabziwala.dk/product/cumin-whole-1kg/,,Heera
10949,Green Cardamom (Elaichi) 100g,cardamom-green-jumbo-100g,65.0,65.0,,False,DKK,kr.,True,Herbs and Spices,Herbs and Spices,https://www.sabziwala.dk/wp-content/uploads/2022/02/img_4221-scaled.jpeg,https://www.sabziwala.dk/wp-content/uploads/2022/02/img_4221-scaled.jpeg,,0.0,0,https://www.sabziwala.dk/product/cardamom-green-jumbo-100g/,,Jumbo
10947,Star Aniseeds (Star Anise) 50g,star-aniseeds-star-anise-50g,18.0,18.0,,False,DKK,kr.,True,Herbs and Spices,Herbs and Spices,https://www.sabziwala.dk/wp-content/uploads/2022/02/img_4222-scaled.jpeg,https://www.sabziwala.dk/wp-content/uploads/2022/02/img_4222-scaled.jpeg,,0.0,0,https://www.sabziwala.dk/product/star-aniseeds-star-anise-50g/,,TRS
10945,Green Cardamom (Elaichi) 50g,green-cardamom-elaichi-50g,35.0,35.0,,False,DKK,kr.,True,Herbs and Spices,Herbs and Spices,https://www.sabziwala.dk/wp-content/uploads/2022/02/img_4223-scaled.jpeg,https://www.sabziwala.dk/wp-content/uploads/2022/02/img_4223-scaled.jpeg,,0.0,0,https://www.sabziwala.dk/product/green-cardamom-elaichi-50g/,,TRS
10943,Fennel Seeds (Soonf) 100g,fennel-seeds-100g,16.0,16.0,,False,DKK,kr.,True,Herbs and Spices,Herbs and Spices,https://www.sabziwala.dk/wp-content/uploads/2022/02/img_4224-scaled.jpeg,https://www.sabziwala.dk/wp-content/uploads/2022/02/img_4224-scaled.jpeg,,0.0,0,https://www.sabziwala.dk/product/fennel-seeds-100g/,,KHANUM
10941,Amla Powder 100g,amla-powder-100g,18.0,18.0,,False,DKK,kr.,True,Herbs and Spices,Herbs and Spices,https://www.sabziwala.dk/wp-content/uploads/2022/02/img_4225-scaled.jpeg,https://www.sabziwala.dk/wp-content/uploads/2022/02/img_4225-scaled.jpeg,,0.0,0,https://www.sabziwala.dk/product/amla-powder-100g/,,Heera
10939,Amchur 100g,amchur-100g,20.0,20.0,,False,DKK,kr.,True,Herbs and Spices,Herbs and Spices,https://www.sabziwala.dk/wp-content/uploads/2022/02/img_4227.jpeg,https://www.sabziwala.dk/wp-content/uploads/2022/02/img_4227.jpeg,,0.0,0,https://www.sabziwala.dk/product/amchur-100g/,,Dried mango powder
10935,Cloves(Laung) 50g,whole-cloves-50g,18.0,18.0,,False,DKK,kr.,True,Herbs and Spices,Herbs and Spices,https://www.sabziwala.dk/wp-content/uploads/2022/02/Cloves.jpeg,https://www.sabziwala.dk/wp-content/uploads/2022/02/Cloves.jpeg,,0.0,0,https://www.sabziwala.dk/product/whole-cloves-50g/,,Whole Cloves – Heera
10931,"Arabic Gum,Goond Katira 100g",goond-katira-100g,30.0,30.0,,False,DKK,kr.,True,Herbs and Spices,Herbs and Spices,https://www.sabziwala.dk/wp-content/uploads/2022/02/img_4231-scaled.jpeg,https://www.sabziwala.dk/wp-content/uploads/2022/02/img_4231-scaled.jpeg,,0.0,0,https://www.sabziwala.dk/product/goond-katira-100g/,,Heera-Arbic gum
10929,Charmagaz 100g,charmagaz-100g,33.0,33.0,,False,DKK,kr.,True,Herbs and Spices,Herbs and Spices,https://www.sabziwala.dk/wp-content/uploads/2024/02/42365.jpg,https://www.sabziwala.dk/wp-content/uploads/2024/02/42365.jpg,,0.0,0,https://www.sabziwala.dk/product/charmagaz-100g/,,Dried melon Seeds
10927,Paprika Powder 1Kg,paprika-powder-1kg,60.0,60.0,,False,DKK,kr.,True,Herbs and Spices,Herbs and Spices,https://www.sabziwala.dk/wp-content/uploads/2022/02/img_4233-scaled.jpeg,https://www.sabziwala.dk/wp-content/uploads/2022/02/img_4233-scaled.jpeg,,0.0,0,https://www.sabziwala.dk/product/paprika-powder-1kg/,,TRS
10925,Tandoori Masala 1Kg,tandoori-masala-1kg,75.0,75.0,,False,DKK,kr.,True,Herbs and Spices,Herbs and Spices,https://www.sabziwala.dk/wp-content/uploads/2022/02/img_4234-scaled.jpeg,https://www.sabziwala.dk/wp-content/uploads/2022/02/img_4234-scaled.jpeg,,0.0,0,https://www.sabziwala.dk/product/tandoori-masala-1kg/,,Trs
10923,Chilli Powder (Extra Hot) 1Kg,chilli-powder-extra-hot-1kg,85.0,85.0,,False,DKK,kr.,True,Herbs and Spices,Herbs and Spices,https://www.sabziwala.dk/wp-content/uploads/2022/02/img_4235-scaled.jpeg,https://www.sabziwala.dk/wp-content/uploads/2022/02/img_4235-scaled.jpeg,,0.0,0,https://www.sabziwala.dk/product/chilli-powder-extra-hot-1kg/,,TRS
10921,Chilli Powder 1Kg,chilli-powder-1kg,110.0,110.0,,False,DKK,kr.,True,Herbs and Spices,Herbs and Spices,https://www.sabziwala.dk/wp-content/uploads/2022/02/img_4236-scaled.jpeg,https://www.sabziwala.dk/wp-content/uploads/2022/02/img_4236-scaled.jpeg,,0.0,0,https://www.sabziwala.dk/product/chilli-powder-1kg/,,Trs
10919,Kashmiri Basaar Mix 300g,kashmiri-basaar-mix-300g-2,35.0,35.0,,False,DKK,kr.,True,Herbs and Spices,Herbs and Spices,https://www.sabziwala.dk/wp-content/uploads/2022/02/img_4237-scaled.jpeg,https://www.sabziwala.dk/wp-content/uploads/2022/02/img_4237-scaled.jpeg,,0.0,0,https://www.sabziwala.dk/product/kashmiri-basaar-mix-300g-2/,,Heera Curry spices mix
10917,Green Raisins 100g,green-raisins-100g,15.0,15.0,,False,DKK,kr.,True,Herbs and Spices,Herbs and Spices,https://www.sabziwala.dk/wp-content/uploads/2022/02/img_4238-scaled.jpeg,https://www.sabziwala.dk/wp-content/uploads/2022/02/img_4238-scaled.jpeg,,0.0,0,https://www.sabziwala.dk/product/green-raisins-100g/,,Trs
10915,Kalonji 300g,kalonji-300g,40.0,40.0,,False,DKK,kr.,True,Herbs and Spices,Herbs and Spices,https://www.sabziwala.dk/wp-content/uploads/2022/02/img_4239-scaled.jpeg,https://www.sabziwala.dk/wp-content/uploads/2022/02/img_4239-scaled.jpeg,,0.0,0,https://www.sabziwala.dk/product/kalonji-300g/,,Trs
10913,Fennel Seeds (Soonf) 400g,soonf-fennel-seeds400g,45.0,45.0,,False,DKK,kr.,True,Herbs and Spices,Herbs and Spices,https://www.sabziwala.dk/wp-content/uploads/2022/02/img_4240-scaled.jpeg,https://www.sabziwala.dk/wp-content/uploads/2022/02/img_4240-scaled.jpeg,,0.0,0,https://www.sabziwala.dk/product/soonf-fennel-seeds400g/,,TRS
10911,Chilli Powder 400g,chilli-powder-400g,38.0,38.0,,False,DKK,kr.,True,Herbs and Spices,Herbs and Spices,https://www.sabziwala.dk/wp-content/uploads/2022/02/img_4241-scaled.jpeg,https://www.sabziwala.dk/wp-content/uploads/2022/02/img_4241-scaled.jpeg,,0.0,0,https://www.sabziwala.dk/product/chilli-powder-400g/,,Trs
10909,Chilli Powder (Extra Hot) 400g,chilli-powder-extra-hot400g,45.0,45.0,,False,DKK,kr.,True,Herbs and Spices,Herbs and Spices,https://www.sabziwala.dk/wp-content/uploads/2022/02/img_4242-scaled.jpeg,https://www.sabziwala.dk/wp-content/uploads/2022/02/img_4242-scaled.jpeg,,0.0,0,https://www.sabziwala.dk/product/chilli-powder-extra-hot400g/,,Heera
10907,Ajwain Seeds 300g,ajween-300g,45.0,45.0,,False,DKK,kr.,True,Herbs and Spices,Herbs and Spices,https://www.sabziwala.dk/wp-content/uploads/2022/02/img_4243-scaled.jpeg,https://www.sabziwala.dk/wp-content/uploads/2022/02/img_4243-scaled.jpeg,,0.0,0,https://www.sabziwala.dk/product/ajween-300g/,,Lovage seeds TRS
10905,Crushed Chilli (Extra Hot) 750g,crushed-chilli-extra-hot-750g,95.0,95.0,,False,DKK,kr.,True,Herbs and Spices,Herbs and Spices,https://www.sabziwala.dk/wp-content/uploads/2022/02/img_4244-scaled.jpeg,https://www.sabziwala.dk/wp-content/uploads/2022/02/img_4244-scaled.jpeg,,0.0,0,https://www.sabziwala.dk/product/crushed-chilli-extra-hot-750g/,,Trs
10903,Paprika Powder 400g,paprika-powder-400g,40.0,40.0,,False,DKK,kr.,True,Herbs and Spices,Herbs and Spices,https://www.sabziwala.dk/wp-content/uploads/2022/02/img_4245-scaled.jpeg,https://www.sabziwala.dk/wp-content/uploads/2022/02/img_4245-scaled.jpeg,,0.0,0,https://www.sabziwala.dk/product/paprika-powder-400g/,,Trs
10901,Ajwain Seeds 1 Kg,ajween-seeds-1kg,98.0,98.0,,False,DKK,kr.,True,Herbs and Spices,Herbs and Spices,https://www.sabziwala.dk/wp-content/uploads/2022/02/img_4246-scaled.jpeg,https://www.sabziwala.dk/wp-content/uploads/2022/02/img_4246-scaled.jpeg,,0.0,0,https://www.sabziwala.dk/product/ajween-seeds-1kg/,,
10899,Tandoori Masala 400g,tandoori-masala-400g,38.0,38.0,,False,DKK,kr.,True,Herbs and Spices,Herbs and Spices,https://www.sabziwala.dk/wp-content/uploads/2022/02/img_4247-scaled.jpeg,https://www.sabziwala.dk/wp-content/uploads/2022/02/img_4247-scaled.jpeg,,0.0,0,https://www.sabziwala.dk/product/tandoori-masala-400g/,,TRS
10897,Crushed Chilli (Extra Hot) 250g,crushed-chilli-extra-hot-250g,30.0,30.0,,False,DKK,kr.,True,Herbs and Spices,Herbs and Spices,https://www.sabziwala.dk/wp-content/uploads/2022/02/img_4248-scaled.jpeg,https://www.sabziwala.dk/wp-content/uploads/2022/02/img_4248-scaled.jpeg,,0.0,0,https://www.sabziwala.dk/product/crushed-chilli-extra-hot-250g/,,Trs
10895,Mild Madras Curry Powder 400g,mild-madras-curry-powder-400g,30.0,30.0,,False,DKK,kr.,True,Herbs and Spices,Herbs and Spices,https://www.sabziwala.dk/wp-content/uploads/2022/02/img_4249-scaled.jpeg,https://www.sabziwala.dk/wp-content/uploads/2022/02/img_4249-scaled.jpeg,,0.0,0,https://www.sabziwala.dk/product/mild-madras-curry-powder-400g/,,TRS
10893,Turmeric Powder (Haldi) 400g,turmeric-powder-400g,40.0,40.0,,False,DKK,kr.,True,Herbs and Spices,Herbs and Spices,https://www.sabziwala.dk/wp-content/uploads/2022/02/HALDI-PWD-ALI-BABA-10X400G.webp,https://www.sabziwala.dk/wp-content/uploads/2022/02/HALDI-PWD-ALI-BABA-10X400G.webp,,0.0,0,https://www.sabziwala.dk/product/turmeric-powder-400g/,,Alibaba
10891,Cumin Powder (Jeera)400g,cumin-powder-jeera400g,48.0,48.0,,False,DKK,kr.,True,Herbs and Spices,Herbs and Spices,https://www.sabziwala.dk/wp-content/uploads/2022/02/img_4251-scaled.jpeg,https://www.sabziwala.dk/wp-content/uploads/2022/02/img_4251-scaled.jpeg | https://www.sabziwala.dk/wp-content/uploads/2022/02/trs-ground-cumin-400-01_800x.webp,,0.0,0,https://www.sabziwala.dk/product/cumin-powder-jeera400g/,,Ground Zeera Heera + TRS
10889,Garam Masala 400g,gram-masala-400g,50.0,50.0,,False,DKK,kr.,True,Herbs and Spices,Herbs and Spices,https://www.sabziwala.dk/wp-content/uploads/2022/02/img_4252-scaled.jpeg,https://www.sabziwala.dk/wp-content/uploads/2022/02/img_4252-scaled.jpeg,,0.0,0,https://www.sabziwala.dk/product/gram-masala-400g/,,Aromatic spice blend
10887,Curry Powder Hot 400g,madras-hot-curry-powder-400g,38.0,38.0,,False,DKK,kr.,True,Herbs and Spices,Herbs and Spices,https://www.sabziwala.dk/wp-content/uploads/2023/08/41547.jpg,https://www.sabziwala.dk/wp-content/uploads/2023/08/41547.jpg,,0.0,0,https://www.sabziwala.dk/product/madras-hot-curry-powder-400g/,,Ali Baba
10883,Sugar Candi 375g,sugar-candi-375g,35.0,35.0,,False,DKK,kr.,True,Salt and Sugar,Salt and Sugar; Child Hood; Desserts & Sweets; Herbs and Spices,https://www.sabziwala.dk/wp-content/uploads/2022/02/img_4255-scaled.jpeg,https://www.sabziwala.dk/wp-content/uploads/2022/02/img_4255-scaled.jpeg,,0.0,0,https://www.sabziwala.dk/product/sugar-candi-375g/,,Natco
10881,Sugar Candy 100g,sugar-candy,15.0,15.0,,False,DKK,kr.,True,Salt and Sugar,Salt and Sugar; Child Hood; Desserts & Sweets; Herbs and Spices,https://www.sabziwala.dk/wp-content/uploads/2022/02/img_4256-scaled.jpeg,https://www.sabziwala.dk/wp-content/uploads/2022/02/img_4256-scaled.jpeg,,0.0,0,https://www.sabziwala.dk/product/sugar-candy/,,Heera
10879,Cumin Seeds (Jeera)300g,cumin-seeds-jeera300g,38.0,38.0,,False,DKK,kr.,True,Herbs and Spices,Herbs and Spices,https://www.sabziwala.dk/wp-content/uploads/2022/02/img_4257-scaled.jpeg,https://www.sabziwala.dk/wp-content/uploads/2022/02/img_4257-scaled.jpeg,,0.0,0,https://www.sabziwala.dk/product/cumin-seeds-jeera300g/,,KHANUM
10877,Anardana Whole 100g,anardana-whole-100g,20.0,20.0,,False,DKK,kr.,True,Herbs and Spices,Herbs and Spices,https://www.sabziwala.dk/wp-content/uploads/2022/02/img_4258-scaled.jpeg,https://www.sabziwala.dk/wp-content/uploads/2022/02/img_4258-scaled.jpeg,,0.0,0,https://www.sabziwala.dk/product/anardana-whole-100g/,,Pomegranate whole
10875,Anardana Powder 100g,anardana-powder-100g,20.0,20.0,,False,DKK,kr.,True,Herbs and Spices,Herbs and Spices,https://www.sabziwala.dk/wp-content/uploads/2022/02/img_4259.jpeg,https://www.sabziwala.dk/wp-content/uploads/2022/02/img_4259.jpeg,,0.0,0,https://www.sabziwala.dk/product/anardana-powder-100g/,,Permanganate powder (TRS)
10873,Cinnamon Sticks(Dalchini) 50g,dalchini-cinnamon-sticks50g,15.0,15.0,,False,DKK,kr.,True,Herbs and Spices,Herbs and Spices,https://www.sabziwala.dk/wp-content/uploads/2022/02/img_4261-scaled.jpeg,https://www.sabziwala.dk/wp-content/uploads/2022/02/img_4261-scaled.jpeg,,0.0,0,https://www.sabziwala.dk/product/dalchini-cinnamon-sticks50g/,,Trs
10871,Ajwain Seeds 100g,ajwan-seeds-100g,18.0,18.0,,False,DKK,kr.,True,Herbs and Spices,Herbs and Spices,https://www.sabziwala.dk/wp-content/uploads/2022/02/img_4262-scaled.jpeg,https://www.sabziwala.dk/wp-content/uploads/2022/02/img_4262-scaled.jpeg,,0.0,0,https://www.sabziwala.dk/product/ajwan-seeds-100g/,,TRS
10869,Whole Dhania (Coriander Seeds) 100g,whole-dhania-coriander-seeds100g,13.0,13.0,,False,DKK,kr.,True,Herbs and Spices,Herbs and Spices,https://www.sabziwala.dk/wp-content/uploads/2022/02/img_4263-scaled.jpeg,https://www.sabziwala.dk/wp-content/uploads/2022/02/img_4263-scaled.jpeg,,0.0,0,https://www.sabziwala.dk/product/whole-dhania-coriander-seeds100g/,,TRS
10867,Turmeric Powder (Haldi) 100g,turmeric-powder-100g,16.0,16.0,,False,DKK,kr.,True,Herbs and Spices,Herbs and Spices,https://www.sabziwala.dk/wp-content/uploads/2022/02/Turmeric-Powder-100g.jpeg,https://www.sabziwala.dk/wp-content/uploads/2022/02/Turmeric-Powder-100g.jpeg,,0.0,0,https://www.sabziwala.dk/product/turmeric-powder-100g/,,Haldi
10865,Curry Powder Hot 100g,hot-madras-curry-powder-100g,15.0,15.0,,False,DKK,kr.,True,Herbs and Spices,Herbs and Spices,https://www.sabziwala.dk/wp-content/uploads/2023/08/41535.jpg,https://www.sabziwala.dk/wp-content/uploads/2023/08/41535.jpg,,0.0,0,https://www.sabziwala.dk/product/hot-madras-curry-powder-100g/,,Ali Baba
10863,Mild Madras Curry Powder 100g,mild-madras-curry-powder-100g,13.0,13.0,,False,DKK,kr.,True,Herbs and Spices,Herbs and Spices,https://www.sabziwala.dk/wp-content/uploads/2022/02/img_4267-scaled.jpeg,https://www.sabziwala.dk/wp-content/uploads/2022/02/img_4267-scaled.jpeg,,0.0,0,https://www.sabziwala.dk/product/mild-madras-curry-powder-100g/,,Trs
10861,Cumin Seeds (Jeera)100g,cumin-seeds-jeera100g,18.0,18.0,,False,DKK,kr.,True,Herbs and Spices,Herbs and Spices,https://www.sabziwala.dk/wp-content/uploads/2022/02/img_4268.jpeg,https://www.sabziwala.dk/wp-content/uploads/2022/02/img_4268.jpeg,,0.0,0,https://www.sabziwala.dk/product/cumin-seeds-jeera100g/,,KHANUM
10859,Garam Masala 100g,garam-masala-100g,18.0,18.0,,False,DKK,kr.,True,Herbs and Spices,Herbs and Spices,https://www.sabziwala.dk/wp-content/uploads/2022/02/img_4269.jpeg,https://www.sabziwala.dk/wp-content/uploads/2022/02/img_4269.jpeg,,0.0,0,https://www.sabziwala.dk/product/garam-masala-100g/,,TRS
10857,Cumin Powder (Jeera)100g,cumin-powder-jeera-powder,18.0,18.0,,False,DKK,kr.,True,Herbs and Spices,Herbs and Spices,https://www.sabziwala.dk/wp-content/uploads/2022/02/img_4270-scaled.jpeg,https://www.sabziwala.dk/wp-content/uploads/2022/02/img_4270-scaled.jpeg,,0.0,0,https://www.sabziwala.dk/product/cumin-powder-jeera-powder/,,
10855,Kala Jeera 50g,kala-jeera-50g,23.0,23.0,,False,DKK,kr.,True,Herbs and Spices,Herbs and Spices,https://www.sabziwala.dk/wp-content/uploads/2022/02/img_4271.jpeg,https://www.sabziwala.dk/wp-content/uploads/2022/02/img_4271.jpeg,,0.0,0,https://www.sabziwala.dk/product/kala-jeera-50g/,,
10853,Black Pepper Whole 100g,black-pepper-100g,20.0,20.0,,False,DKK,kr.,True,Herbs and Spices,Herbs and Spices,https://www.sabziwala.dk/wp-content/uploads/2022/02/img_4272-scaled.jpeg,https://www.sabziwala.dk/wp-content/uploads/2022/02/img_4272-scaled.jpeg,,0.0,0,https://www.sabziwala.dk/product/black-pepper-100g/,,
10851,Black Pepper Powder 100g,black-pepper-powder-100g,20.0,20.0,,False,DKK,kr.,True,Herbs and Spices,Herbs and Spices,https://www.sabziwala.dk/wp-content/uploads/2022/02/img_4273.jpeg,https://www.sabziwala.dk/wp-content/uploads/2022/02/img_4273.jpeg,,0.0,0,https://www.sabziwala.dk/product/black-pepper-powder-100g/,,Trs
10849,Chilli Powder 100g,chilli-powder-100g,15.0,15.0,,False,DKK,kr.,True,Herbs and Spices,Herbs and Spices,https://www.sabziwala.dk/wp-content/uploads/2024/01/42254.jpg,https://www.sabziwala.dk/wp-content/uploads/2024/01/42254.jpg,,0.0,0,https://www.sabziwala.dk/product/chilli-powder-100g/,,
10847,Black Pepper (Coarse) 100g,black-pepper-coarse-100g,20.0,20.0,,False,DKK,kr.,True,Herbs and Spices,Herbs and Spices,https://www.sabziwala.dk/wp-content/uploads/2022/02/img_4275.jpeg,https://www.sabziwala.dk/wp-content/uploads/2022/02/img_4275.jpeg,,0.0,0,https://www.sabziwala.dk/product/black-pepper-coarse-100g/,,Trs
10845,Kashmiri Chilli Powder 100g,kashmiri-chilli-powder-100g,26.0,26.0,,False,DKK,kr.,True,Herbs and Spices,Herbs and Spices,https://www.sabziwala.dk/wp-content/uploads/2023/10/41793.jpg,https://www.sabziwala.dk/wp-content/uploads/2023/10/41793.jpg,,0.0,0,https://www.sabziwala.dk/product/kashmiri-chilli-powder-100g/,,TRS
10843,Crushed Red Chilli 50g,crushed-red-chilli-50g,13.0,13.0,,False,DKK,kr.,True,Cake Rusk & Cookies,Cake Rusk & Cookies; Herbs and Spices,https://www.sabziwala.dk/wp-content/uploads/2022/02/img_4277-scaled.jpeg,https://www.sabziwala.dk/wp-content/uploads/2022/02/img_4277-scaled.jpeg,,0.0,0,https://www.sabziwala.dk/product/crushed-red-chilli-50g/,,KHANUM
10841,Paprika Powder 100g,paprika-100g,18.0,18.0,,False,DKK,kr.,True,Herbs and Spices,Herbs and Spices,https://www.sabziwala.dk/wp-content/uploads/2022/02/img_4278-scaled.jpeg,https://www.sabziwala.dk/wp-content/uploads/2022/02/img_4278-scaled.jpeg,,0.0,0,https://www.sabziwala.dk/product/paprika-100g/,,TRS
10839,Mace / Javentry 50g,mace-javitri-40g,45.0,45.0,,False,DKK,kr.,True,Herbs and Spices,Herbs and Spices,https://www.sabziwala.dk/wp-content/uploads/2022/02/TRS-Jawantry-mace-50g.webp,https://www.sabziwala.dk/wp-content/uploads/2022/02/TRS-Jawantry-mace-50g.webp,,0.0,0,https://www.sabziwala.dk/product/mace-javitri-40g/,,
10837,Birds Eye Chilli 50g,birds-eye-chilli-50g,18.0,18.0,,False,DKK,kr.,True,Herbs and Spices,Herbs and Spices,https://www.sabziwala.dk/wp-content/uploads/2022/02/img_4280-scaled.jpeg,https://www.sabziwala.dk/wp-content/uploads/2022/02/img_4280-scaled.jpeg,,0.0,0,https://www.sabziwala.dk/product/birds-eye-chilli-50g/,,Premium quality
10835,Nutmegs / Jaifal 100g,nutmegs-jaifal-100g,45.0,45.0,,False,DKK,kr.,True,Herbs and Spices,Herbs and Spices,https://www.sabziwala.dk/wp-content/uploads/2023/12/42181.jpg,https://www.sabziwala.dk/wp-content/uploads/2023/12/42181.jpg,,0.0,0,https://www.sabziwala.dk/product/nutmegs-jaifal-100g/,,TRS
10833,Black Salt Powder 200g,black-salt-powder-200g,25.0,25.0,,False,DKK,kr.,True,Herbs and Spices,Herbs and Spices,https://www.sabziwala.dk/wp-content/uploads/2022/02/img_4282.jpeg,https://www.sabziwala.dk/wp-content/uploads/2022/02/img_4282.jpeg,,0.0,0,https://www.sabziwala.dk/product/black-salt-powder-200g/,,TRS
10831,Monosodium Glutamate 100g,monosodium-glutamate-100g,13.0,13.0,,False,DKK,kr.,True,Herbs and Spices,Herbs and Spices,https://www.sabziwala.dk/wp-content/uploads/2022/02/img_4283-scaled.jpeg,https://www.sabziwala.dk/wp-content/uploads/2022/02/img_4283-scaled.jpeg,,0.0,0,https://www.sabziwala.dk/product/monosodium-glutamate-100g/,,Heera
10829,Whole Round Chilli 25g,whole-round-chilli-25g,18.0,18.0,,False,DKK,kr.,True,Herbs and Spices,Herbs and Spices,https://www.sabziwala.dk/wp-content/uploads/2022/02/img_4284-scaled.jpeg,https://www.sabziwala.dk/wp-content/uploads/2022/02/img_4284-scaled.jpeg,,0.0,0,https://www.sabziwala.dk/product/whole-round-chilli-25g/,,Stem cut
10827,Tandoori Masala 100g,tandoori-masala-100g,15.0,15.0,,False,DKK,kr.,True,Herbs and Spices,Herbs and Spices,https://www.sabziwala.dk/wp-content/uploads/2023/12/42175.jpg,https://www.sabziwala.dk/wp-content/uploads/2023/12/42175.jpg,,0.0,0,https://www.sabziwala.dk/product/tandoori-masala-100g/,,Barbecue spice blend
10825,Chilli Powder (Extra Hot) 100g,chilli-powder-extra-hot-100g,15.0,15.0,,False,DKK,kr.,True,Herbs and Spices,Herbs and Spices,https://www.sabziwala.dk/wp-content/uploads/2022/02/img_4286-scaled.jpeg,https://www.sabziwala.dk/wp-content/uploads/2022/02/img_4286-scaled.jpeg,,0.0,0,https://www.sabziwala.dk/product/chilli-powder-extra-hot-100g/,,TRS
10823,Black Salt Powder 100g,black-salt-powder-100g,15.0,15.0,,False,DKK,kr.,True,Herbs and Spices,Herbs and Spices,https://www.sabziwala.dk/wp-content/uploads/2023/12/42169.jpg,https://www.sabziwala.dk/wp-content/uploads/2023/12/42169.jpg,,0.0,0,https://www.sabziwala.dk/product/black-salt-powder-100g/,,Kala Nimak
10819,Ginger Powder 1Kg,ginger-powder-1kg,85.0,85.0,,False,DKK,kr.,True,Herbs and Spices,Herbs and Spices,https://www.sabziwala.dk/wp-content/uploads/2022/02/img_4289-scaled.jpeg,https://www.sabziwala.dk/wp-content/uploads/2022/02/img_4289-scaled.jpeg,,0.0,0,https://www.sabziwala.dk/product/ginger-powder-1kg/,,TRS
10817,Ginger Powder 400g,ginger-powder-400g,45.0,45.0,,False,DKK,kr.,True,Herbs and Spices,Herbs and Spices,https://www.sabziwala.dk/wp-content/uploads/2022/02/img_4290-scaled.jpeg,https://www.sabziwala.dk/wp-content/uploads/2022/02/img_4290-scaled.jpeg,,0.0,0,https://www.sabziwala.dk/product/ginger-powder-400g/,,TRS
10815,Garlic Powder 1Kg,garlic-powder-1kg,55.0,55.0,,False,DKK,kr.,True,Herbs and Spices,Herbs and Spices,https://www.sabziwala.dk/wp-content/uploads/2022/02/img_4291-scaled.jpeg,https://www.sabziwala.dk/wp-content/uploads/2022/02/img_4291-scaled.jpeg,,0.0,0,https://www.sabziwala.dk/product/garlic-powder-1kg/,,Trs
10812,Black Sesame Seeds 100g,black-sesame-seeds-100g,15.0,15.0,,False,DKK,kr.,True,Herbs and Spices,Herbs and Spices,https://www.sabziwala.dk/wp-content/uploads/2022/02/img_4293.jpeg,https://www.sabziwala.dk/wp-content/uploads/2022/02/img_4293.jpeg,,0.0,0,https://www.sabziwala.dk/product/black-sesame-seeds-100g/,,Heera
10810,Garlic Powder 100g,garlic-powder-100g,13.0,13.0,,False,DKK,kr.,True,Herbs and Spices,Herbs and Spices,https://www.sabziwala.dk/wp-content/uploads/2022/02/img_4294.jpeg,https://www.sabziwala.dk/wp-content/uploads/2022/02/img_4294.jpeg,,0.0,0,https://www.sabziwala.dk/product/garlic-powder-100g/,,Trs
10808,All Purpose Seasoning Spices,all-purpose-seasoning-spices,13.0,13.0,,False,DKK,kr.,True,Herbs and Spices,Herbs and Spices,https://www.sabziwala.dk/wp-content/uploads/2022/02/img_4295-1-scaled.jpeg,https://www.sabziwala.dk/wp-content/uploads/2022/02/img_4295-1-scaled.jpeg,,0.0,0,https://www.sabziwala.dk/product/all-purpose-seasoning-spices/,,Natco
10717,Bicarbonate of Soda,bicarbonate-of-soda,18.0,18.0,,False,DKK,kr.,True,Herbs and Spices,Herbs and Spices,https://www.sabziwala.dk/wp-content/uploads/2022/02/img_4296.jpeg,https://www.sabziwala.dk/wp-content/uploads/2022/02/img_4296.jpeg,,0.0,0,https://www.sabziwala.dk/product/bicarbonate-of-soda/,,TRS
10715,Pistachio Kernels 100g,pistachio-kernels-100g-2,35.0,35.0,,False,DKK,kr.,False,Dry fruits and Nuts,Dry fruits and Nuts,https://www.sabziwala.dk/wp-content/uploads/2022/02/img_4297.jpeg,https://www.sabziwala.dk/wp-content/uploads/2022/02/img_4297.jpeg,,0.0,0,https://www.sabziwala.dk/product/pistachio-kernels-100g-2/,,Pistaciekerner
10713,Fenugreek Seeds (Methi Seeds) 100g,methi-seeds-100g,15.0,15.0,,False,DKK,kr.,True,Herbs and Spices,Herbs and Spices,https://www.sabziwala.dk/wp-content/uploads/2022/02/img_4299.jpeg,https://www.sabziwala.dk/wp-content/uploads/2022/02/img_4299.jpeg,,0.0,0,https://www.sabziwala.dk/product/methi-seeds-100g/,,Fenugreek seeds
10711,Amla Whole 100g,amla-whole-100g,25.0,25.0,,False,DKK,kr.,True,Herbs and Spices,Herbs and Spices,https://www.sabziwala.dk/wp-content/uploads/2022/02/img_4300.jpeg,https://www.sabziwala.dk/wp-content/uploads/2022/02/img_4300.jpeg,,0.0,0,https://www.sabziwala.dk/product/amla-whole-100g/,,Heera
10709,Sesame Seeds Hulled 100g,sesame-seeds-hulled-100g,15.0,15.0,,False,DKK,kr.,True,Herbs and Spices,Herbs and Spices,https://www.sabziwala.dk/wp-content/uploads/2024/01/42256.jpg,https://www.sabziwala.dk/wp-content/uploads/2024/01/42256.jpg,,0.0,0,https://www.sabziwala.dk/product/sesame-seeds-hulled-100g/,,
10707,Mustard Seeds Brown 100g,brown-mustard-seeds-100g,15.0,15.0,,False,DKK,kr.,True,Herbs and Spices,Herbs and Spices,https://www.sabziwala.dk/wp-content/uploads/2024/01/42255.jpg,https://www.sabziwala.dk/wp-content/uploads/2024/01/42255.jpg,,0.0,0,https://www.sabziwala.dk/product/brown-mustard-seeds-100g/,,
10705,Poppy Seeds White 100g,poppy-seeds-white-100g,20.0,20.0,,False,DKK,kr.,True,Herbs and Spices,Herbs and Spices,https://www.sabziwala.dk/wp-content/uploads/2022/02/img_4303-scaled.jpeg,https://www.sabziwala.dk/wp-content/uploads/2022/02/img_4303-scaled.jpeg | https://www.sabziwala.dk/wp-content/uploads/2022/02/poppy-seeds-100g-heera.webp,,0.0,0,https://www.sabziwala.dk/product/poppy-seeds-white-100g/,,
10703,Cinnamon Powder 100g,cinnamon-powder-100g,13.0,13.0,,False,DKK,kr.,True,Herbs and Spices,Herbs and Spices,https://www.sabziwala.dk/wp-content/uploads/2022/02/img_4304-scaled.jpeg,https://www.sabziwala.dk/wp-content/uploads/2022/02/img_4304-scaled.jpeg,,0.0,0,https://www.sabziwala.dk/product/cinnamon-powder-100g/,,TRS
10699,Punch Puren 100g,punch-puren-100g,0.0,0.0,,False,DKK,kr.,False,Herbs and Spices,Herbs and Spices,https://www.sabziwala.dk/wp-content/uploads/2022/02/img_4306.jpeg,https://www.sabziwala.dk/wp-content/uploads/2022/02/img_4306.jpeg,,0.0,0,https://www.sabziwala.dk/product/punch-puren-100g/,,TRS
10697,Garam Masala Whole 100g,garam-masala-whole100g,18.0,18.0,,False,DKK,kr.,True,Herbs and Spices,Herbs and Spices,https://www.sabziwala.dk/wp-content/uploads/2022/02/img_4307.jpeg,https://www.sabziwala.dk/wp-content/uploads/2022/02/img_4307.jpeg,,0.0,0,https://www.sabziwala.dk/product/garam-masala-whole100g/,,Mix whole masala
10695,Kalonji 100g,kalonji-negella-seeds100g,15.0,15.0,,False,DKK,kr.,True,Herbs and Spices,Herbs and Spices,https://www.sabziwala.dk/wp-content/uploads/2023/12/42170.jpg,https://www.sabziwala.dk/wp-content/uploads/2023/12/42170.jpg,,0.0,0,https://www.sabziwala.dk/product/kalonji-negella-seeds100g/,,Black Seed / Nigella Seed
10693,Punch Puran 400g,punch-puran-400g,56.0,56.0,,False,DKK,kr.,True,Herbs and Spices,Herbs and Spices,https://www.sabziwala.dk/wp-content/uploads/2022/02/img_4309-scaled.jpeg,https://www.sabziwala.dk/wp-content/uploads/2022/02/img_4309-scaled.jpeg,,0.0,0,https://www.sabziwala.dk/product/punch-puran-400g/,,Five spice mix
10691,Green Raisins 750g,green-raisins-750g,75.0,75.0,,False,DKK,kr.,True,Dry fruits and Nuts,Dry fruits and Nuts,https://www.sabziwala.dk/wp-content/uploads/2022/02/img_4310-scaled.jpeg,https://www.sabziwala.dk/wp-content/uploads/2022/02/img_4310-scaled.jpeg,,0.0,0,https://www.sabziwala.dk/product/green-raisins-750g/,,TRS
10645,Indian Amla 500g,indian-amla-500g,30.0,30.0,,False,DKK,kr.,True,Fruits,Fruits,https://www.sabziwala.dk/wp-content/uploads/2022/02/img_4167.jpeg,https://www.sabziwala.dk/wp-content/uploads/2022/02/img_4167.jpeg,,0.0,0,https://www.sabziwala.dk/product/indian-amla-500g/,,
10644,Indian ash gourd (kola)500g,indian-ash-gourd-kola500g,0.0,0.0,,False,DKK,kr.,True,Vegetables,Vegetables,https://www.sabziwala.dk/wp-content/uploads/2022/02/img_4168.jpeg,https://www.sabziwala.dk/wp-content/uploads/2022/02/img_4168.jpeg,,0.0,0,https://www.sabziwala.dk/product/indian-ash-gourd-kola500g/,,
10643,Indian Green Apple Bear / Bair 500g,indian-green-apple-bear-bair-500g,30.0,30.0,,False,DKK,kr.,False,Fruits,Fruits,https://www.sabziwala.dk/wp-content/uploads/2022/02/img_4169.jpeg,https://www.sabziwala.dk/wp-content/uploads/2022/02/img_4169.jpeg,,0.0,0,https://www.sabziwala.dk/product/indian-green-apple-bear-bair-500g/,,
10642,Indian banana stem 500g,indian-banana-stem-500g,15.0,15.0,,False,DKK,kr.,True,Vegetables,Vegetables,https://www.sabziwala.dk/wp-content/uploads/2022/02/img_4170.gif,https://www.sabziwala.dk/wp-content/uploads/2022/02/img_4170.gif,,0.0,0,https://www.sabziwala.dk/product/indian-banana-stem-500g/,,
10641,Indian banana flower 500g,indian-banana-flower-500g,28.0,28.0,,False,DKK,kr.,False,Vegetables,Vegetables,https://www.sabziwala.dk/wp-content/uploads/2022/02/img_4171.jpeg,https://www.sabziwala.dk/wp-content/uploads/2022/02/img_4171.jpeg,,0.0,0,https://www.sabziwala.dk/product/indian-banana-flower-500g/,,
10640,Indian chow chow 500g,indian-chow-chow-500g,0.0,0.0,,False,DKK,kr.,True,Vegetables,Vegetables,https://www.sabziwala.dk/wp-content/uploads/2022/02/img_4172.png,https://www.sabziwala.dk/wp-content/uploads/2022/02/img_4172.png,,0.0,0,https://www.sabziwala.dk/product/indian-chow-chow-500g/,,
10639,Indian galka/ sponge gourd 500g,indian-galka-sponge-gourd-500g,30.0,30.0,,False,DKK,kr.,True,Vegetables,Vegetables,https://www.sabziwala.dk/wp-content/uploads/2022/02/img_4173.jpeg,https://www.sabziwala.dk/wp-content/uploads/2022/02/img_4173.jpeg,,0.0,0,https://www.sabziwala.dk/product/indian-galka-sponge-gourd-500g/,,
10638,Indian long beans(chawali)500g,indian-long-beanschawali500g,35.0,35.0,,False,DKK,kr.,True,Vegetables,Vegetables,https://www.sabziwala.dk/wp-content/uploads/2022/02/img_4174.jpeg,https://www.sabziwala.dk/wp-content/uploads/2022/02/img_4174.jpeg,,0.0,0,https://www.sabziwala.dk/product/indian-long-beanschawali500g/,,
10637,Indian raw jackfruit 1 kg,indian-raw-jackfruit-1-kg,65.0,65.0,,False,DKK,kr.,True,Vegetables,Vegetables,https://www.sabziwala.dk/wp-content/uploads/2022/02/img_4175.jpeg,https://www.sabziwala.dk/wp-content/uploads/2022/02/img_4175.jpeg,,0.0,0,https://www.sabziwala.dk/product/indian-raw-jackfruit-1-kg/,,
10636,Indian Raw Papaya 1Kg,indian-raw-papaya-1kg,40.0,40.0,,False,DKK,kr.,True,Vegetables,Vegetables,https://www.sabziwala.dk/wp-content/uploads/2022/02/img_4176.jpeg,https://www.sabziwala.dk/wp-content/uploads/2022/02/img_4176.jpeg,,0.0,0,https://www.sabziwala.dk/product/indian-raw-papaya-1kg/,,
10635,Banana Ripe 3 Stk,banana-ripe-1kg,10.0,10.0,,False,DKK,kr.,True,Fruits,Fruits,https://www.sabziwala.dk/wp-content/uploads/2022/02/img_4208.jpeg,https://www.sabziwala.dk/wp-content/uploads/2022/02/img_4208.jpeg,,0.0,0,https://www.sabziwala.dk/product/banana-ripe-1kg/,,
10634,Green Apple 5 stk,green-apple-1kg,15.0,15.0,,False,DKK,kr.,True,Fruits,Fruits,https://www.sabziwala.dk/wp-content/uploads/2022/02/img_4207.jpeg,https://www.sabziwala.dk/wp-content/uploads/2022/02/img_4207.jpeg,,0.0,0,https://www.sabziwala.dk/product/green-apple-1kg/,,
10633,Red Apple 5 Stk,red-apple-1kg,18.0,18.0,,False,DKK,kr.,True,Fruits,Fruits,https://www.sabziwala.dk/wp-content/uploads/2022/02/img_4206.jpeg,https://www.sabziwala.dk/wp-content/uploads/2022/02/img_4206.jpeg,,0.0,0,https://www.sabziwala.dk/product/red-apple-1kg/,,
10632,Pomegranate 3 Stk,pomegranate-1kg,15.0,15.0,,False,DKK,kr.,False,Fruits,Fruits,https://www.sabziwala.dk/wp-content/uploads/2022/02/img_4205.jpeg,https://www.sabziwala.dk/wp-content/uploads/2022/02/img_4205.jpeg,,0.0,0,https://www.sabziwala.dk/product/pomegranate-1kg/,,
10631,Green Capsicum 500 gm,green-capsicum-500-gm,0.0,0.0,,False,DKK,kr.,True,Vegetables,Vegetables,https://www.sabziwala.dk/wp-content/uploads/2022/02/img_4204.jpeg,https://www.sabziwala.dk/wp-content/uploads/2022/02/img_4204.jpeg,,0.0,0,https://www.sabziwala.dk/product/green-capsicum-500-gm/,,
10630,Cauliflower 1kg,cauliflower-1kg,0.0,0.0,,False,DKK,kr.,True,Vegetables,Vegetables,https://www.sabziwala.dk/wp-content/uploads/2022/02/img_4203.png,https://www.sabziwala.dk/wp-content/uploads/2022/02/img_4203.png,,0.0,0,https://www.sabziwala.dk/product/cauliflower-1kg/,,
10629,Spinach -1 bunch,spinach-1-bunch,10.0,10.0,,False,DKK,kr.,True,Vegetables,Vegetables,https://www.sabziwala.dk/wp-content/uploads/2022/02/img_4202.jpeg,https://www.sabziwala.dk/wp-content/uploads/2022/02/img_4202.jpeg,,0.0,0,https://www.sabziwala.dk/product/spinach-1-bunch/,,
10628,Red Onion -1 Kg,red-onion-1kg,18.0,18.0,,False,DKK,kr.,True,Vegetables,Vegetables,https://www.sabziwala.dk/wp-content/uploads/2022/02/img_4201.jpeg,https://www.sabziwala.dk/wp-content/uploads/2022/02/img_4201.jpeg,,0.0,0,https://www.sabziwala.dk/product/red-onion-1kg/,,
10627,Coriander-1 Bunch,coriander-1bunch,14.0,14.0,,False,DKK,kr.,True,Vegetables,Vegetables,https://www.sabziwala.dk/wp-content/uploads/2022/02/img_4200.jpeg,https://www.sabziwala.dk/wp-content/uploads/2022/02/img_4200.jpeg,,0.0,0,https://www.sabziwala.dk/product/coriander-1bunch/,,
10626,Mint -1 bunch,mint-1-bunch,14.0,14.0,,False,DKK,kr.,True,Vegetables,Vegetables,https://www.sabziwala.dk/wp-content/uploads/2022/02/img_4199.jpeg,https://www.sabziwala.dk/wp-content/uploads/2022/02/img_4199.jpeg,,0.0,0,https://www.sabziwala.dk/product/mint-1-bunch/,,
10625,Potatoes -5 Kg,potatoes-1kg,35.0,35.0,,False,DKK,kr.,True,Vegetables,Vegetables,https://www.sabziwala.dk/wp-content/uploads/2022/02/img_4198.jpeg,https://www.sabziwala.dk/wp-content/uploads/2022/02/img_4198.jpeg,,0.0,0,https://www.sabziwala.dk/product/potatoes-1kg/,,
10624,Tomatoes -500 g,tomatoes-1kg,16.5,16.5,,False,DKK,kr.,True,Vegetables,Vegetables,https://www.sabziwala.dk/wp-content/uploads/2022/02/img_4197.jpeg,https://www.sabziwala.dk/wp-content/uploads/2022/02/img_4197.jpeg,,0.0,0,https://www.sabziwala.dk/product/tomatoes-1kg/,,
10623,Cucumber-1stk,cucumber-1stk,6.0,8.0,6.0,True,DKK,kr.,True,Vegetables,Vegetables,https://www.sabziwala.dk/wp-content/uploads/2022/02/img_4196.jpeg,https://www.sabziwala.dk/wp-content/uploads/2022/02/img_4196.jpeg,,0.0,0,https://www.sabziwala.dk/product/cucumber-1stk/,,
10622,Garlic-500g,garlic-500g,20.0,35.0,20.0,True,DKK,kr.,True,Vegetables,Vegetables,https://www.sabziwala.dk/wp-content/uploads/2022/02/img_4195.jpeg,https://www.sabziwala.dk/wp-content/uploads/2022/02/img_4195.jpeg,,0.0,0,https://www.sabziwala.dk/product/garlic-500g/,,
10621,Yellow Onion – 5 kg,yellow-onion-1kg,52.0,52.0,,False,DKK,kr.,True,Vegetables,Vegetables,https://www.sabziwala.dk/wp-content/uploads/2022/02/img_4194.png,https://www.sabziwala.dk/wp-content/uploads/2022/02/img_4194.png,,0.0,0,https://www.sabziwala.dk/product/yellow-onion-1kg/,,
10620,Green Lemon-3 Stk,green-lemon-1stk,10.0,10.0,,False,DKK,kr.,True,Vegetables,Vegetables,https://www.sabziwala.dk/wp-content/uploads/2022/02/img_4193.jpeg,https://www.sabziwala.dk/wp-content/uploads/2022/02/img_4193.jpeg,,0.0,0,https://www.sabziwala.dk/product/green-lemon-1stk/,,
10619,Ginger -500g,ginger-500g,37.5,37.5,,False,DKK,kr.,True,Vegetables,Vegetables,https://www.sabziwala.dk/wp-content/uploads/2022/02/img_4191.jpeg,https://www.sabziwala.dk/wp-content/uploads/2022/02/img_4191.jpeg,,0.0,0,https://www.sabziwala.dk/product/ginger-500g/,,
10617,Fresh Carrots 500g,fresh-carrots-1kg,25.0,25.0,,False,DKK,kr.,False,Vegetables,Vegetables,https://www.sabziwala.dk/wp-content/uploads/2022/02/img_4189.jpeg,https://www.sabziwala.dk/wp-content/uploads/2022/02/img_4189.jpeg,,0.0,0,https://www.sabziwala.dk/product/fresh-carrots-1kg/,,
10616,Green Raw Mango 500g,green-raw-mango-500g,20.0,30.0,20.0,True,DKK,kr.,True,Vegetables,Vegetables,https://www.sabziwala.dk/wp-content/uploads/2022/02/img_4188.jpeg,https://www.sabziwala.dk/wp-content/uploads/2022/02/img_4188.jpeg,,0.0,0,https://www.sabziwala.dk/product/green-raw-mango-500g/,,
10615,Snake Gourd – Long Paywall (500 g),snake-gourd-long-paywall-500-g,30.0,30.0,,False,DKK,kr.,False,Vegetables,Vegetables,https://www.sabziwala.dk/wp-content/uploads/2022/02/img_4187.jpeg,https://www.sabziwala.dk/wp-content/uploads/2022/02/img_4187.jpeg,,0.0,0,https://www.sabziwala.dk/product/snake-gourd-long-paywall-500-g/,,
10614,Fresh Curry Leaves 40g,fresh-curry-leaves-per-stk,26.0,32.0,26.0,True,DKK,kr.,True,Vegetables,Vegetables,https://www.sabziwala.dk/wp-content/uploads/2022/02/img_4186.jpeg,https://www.sabziwala.dk/wp-content/uploads/2022/02/img_4186.jpeg,,0.0,0,https://www.sabziwala.dk/product/fresh-curry-leaves-per-stk/,,
10613,Indian Green Pumpkin 500g,indian-green-pumpkin-500g,18.0,18.0,,False,DKK,kr.,False,Vegetables,Vegetables,https://www.sabziwala.dk/wp-content/uploads/2022/02/img_4185.jpeg,https://www.sabziwala.dk/wp-content/uploads/2022/02/img_4185.jpeg,,0.0,0,https://www.sabziwala.dk/product/indian-green-pumpkin-500g/,,
10612,Apple Ber Fruit 500g,apple-ber-fruit-500g,30.0,30.0,,False,DKK,kr.,False,Fruits,Fruits,https://www.sabziwala.dk/wp-content/uploads/2022/02/img_4184.jpeg,https://www.sabziwala.dk/wp-content/uploads/2022/02/img_4184.jpeg,,0.0,0,https://www.sabziwala.dk/product/apple-ber-fruit-500g/,,
10611,Dragon Fruit 500g,dragon-fruit-500g,30.0,45.0,30.0,True,DKK,kr.,True,Fruits,Fruits,https://www.sabziwala.dk/wp-content/uploads/2022/02/img_4183.jpeg,https://www.sabziwala.dk/wp-content/uploads/2022/02/img_4183.jpeg,,0.0,0,https://www.sabziwala.dk/product/dragon-fruit-500g/,,
10610,Red Banana 500g,red-banana-500g,30.0,30.0,,False,DKK,kr.,False,Fruits,Fruits,https://www.sabziwala.dk/wp-content/uploads/2022/02/img_4182.jpeg,https://www.sabziwala.dk/wp-content/uploads/2022/02/img_4182.jpeg,,0.0,0,https://www.sabziwala.dk/product/red-banana-500g/,,
10609,Fresh Turmeric (Haldi) 250g,fresh-turmeric-haldi-250g,11.5,22.0,11.5,True,DKK,kr.,False,Vegetables,Vegetables,https://www.sabziwala.dk/wp-content/uploads/2022/02/img_4181.jpeg,https://www.sabziwala.dk/wp-content/uploads/2022/02/img_4181.jpeg,,0.0,0,https://www.sabziwala.dk/product/fresh-turmeric-haldi-250g/,,
10608,Indian cluster beans / gwar-500g,guwar-500g,25.0,25.0,,False,DKK,kr.,True,Vegetables,Vegetables,https://www.sabziwala.dk/wp-content/uploads/2022/02/img_4180.jpeg,https://www.sabziwala.dk/wp-content/uploads/2022/02/img_4180.jpeg,,0.0,0,https://www.sabziwala.dk/product/guwar-500g/,,
10607,Indian sugar cane 500g,indian-sugar-cane-500g,30.0,30.0,,False,DKK,kr.,True,Fruits,Fruits,https://www.sabziwala.dk/wp-content/uploads/2022/02/img_4179.jpeg,https://www.sabziwala.dk/wp-content/uploads/2022/02/img_4179.jpeg,,0.0,0,https://www.sabziwala.dk/product/indian-sugar-cane-500g/,,
10606,Chameli Beer 500g,chameli-ber-500g,25.0,25.0,,False,DKK,kr.,True,Fruits,Fruits,https://www.sabziwala.dk/wp-content/uploads/2022/02/img_4178.jpeg,https://www.sabziwala.dk/wp-content/uploads/2022/02/img_4178.jpeg,,0.0,0,https://www.sabziwala.dk/product/chameli-ber-500g/,,
10605,Green Chilli 500g,green-chilli-200g,32.5,32.5,,False,DKK,kr.,True,Vegetables,Vegetables,https://www.sabziwala.dk/wp-content/uploads/2022/02/img_4166.jpeg,https://www.sabziwala.dk/wp-content/uploads/2022/02/img_4166.jpeg,,0.0,0,https://www.sabziwala.dk/product/green-chilli-200g/,,
10603,Valor Papdi 500g,valor-papdi-500g,30.0,30.0,,False,DKK,kr.,True,Vegetables,Vegetables,https://www.sabziwala.dk/wp-content/uploads/2022/02/img_4165.jpeg,https://www.sabziwala.dk/wp-content/uploads/2022/02/img_4165.jpeg,,0.0,0,https://www.sabziwala.dk/product/valor-papdi-500g/,,
10601,Okra 500g,okra-500g,32.5,32.5,,False,DKK,kr.,True,Vegetables,Vegetables,https://www.sabziwala.dk/wp-content/uploads/2022/02/img_4163.jpeg,https://www.sabziwala.dk/wp-content/uploads/2022/02/img_4163.jpeg,,0.0,0,https://www.sabziwala.dk/product/okra-500g/,,
10599,Ripe Papaya 1 Stk,ripe-papaya-per-stk,45.0,45.0,,False,DKK,kr.,True,Fruits,Fruits,https://www.sabziwala.dk/wp-content/uploads/2022/02/img_4177.jpeg,https://www.sabziwala.dk/wp-content/uploads/2022/02/img_4177.jpeg,,0.0,0,https://www.sabziwala.dk/product/ripe-papaya-per-stk/,,
10597,L.Dudhi (Bottle Gourd) 500g,l-dudhi-bottle-gourd-500g,20.0,30.0,20.0,True,DKK,kr.,True,Vegetables,Vegetables,https://www.sabziwala.dk/wp-content/uploads/2022/02/img_4158.jpeg,https://www.sabziwala.dk/wp-content/uploads/2022/02/img_4158.jpeg,,0.0,0,https://www.sabziwala.dk/product/l-dudhi-bottle-gourd-500g/,,
10595,Arvi 500g,arvi-500g,30.0,30.0,,False,DKK,kr.,True,Vegetables,Vegetables,https://www.sabziwala.dk/wp-content/uploads/2022/02/img_4157.jpeg,https://www.sabziwala.dk/wp-content/uploads/2022/02/img_4157.jpeg,,0.0,0,https://www.sabziwala.dk/product/arvi-500g/,,
10593,Small Onion 500g,small-onion-500g,30.0,30.0,,False,DKK,kr.,True,Vegetables,Vegetables,https://www.sabziwala.dk/wp-content/uploads/2022/02/img_4154.jpeg,https://www.sabziwala.dk/wp-content/uploads/2022/02/img_4154.jpeg,,0.0,0,https://www.sabziwala.dk/product/small-onion-500g/,,
10591,Suran 500g,suran-500g,25.0,25.0,,False,DKK,kr.,True,Vegetables,Vegetables,https://www.sabziwala.dk/wp-content/uploads/2022/02/img_4153.jpeg,https://www.sabziwala.dk/wp-content/uploads/2022/02/img_4153.jpeg,,0.0,0,https://www.sabziwala.dk/product/suran-500g/,,
10589,Vallerika (Dosakaya)500g,vallerika-dosakaya500g,25.0,25.0,,False,DKK,kr.,True,Vegetables,Vegetables,https://www.sabziwala.dk/wp-content/uploads/2022/02/img_4152.jpeg,https://www.sabziwala.dk/wp-content/uploads/2022/02/img_4152.jpeg,,0.0,0,https://www.sabziwala.dk/product/vallerika-dosakaya500g/,,
10587,Guava(Indian) 500g,guava-500g,23.0,33.0,23.0,True,DKK,kr.,True,Fruits,Fruits,https://www.sabziwala.dk/wp-content/uploads/2022/02/img_4160.jpeg,https://www.sabziwala.dk/wp-content/uploads/2022/02/img_4160.jpeg,,0.0,0,https://www.sabziwala.dk/product/guava-500g/,,
10585,Drumstick 250g,drumstick-250g,17.0,17.0,,False,DKK,kr.,True,Vegetables,Vegetables,https://www.sabziwala.dk/wp-content/uploads/2022/02/img_4149.jpeg,https://www.sabziwala.dk/wp-content/uploads/2022/02/img_4149.jpeg,,0.0,0,https://www.sabziwala.dk/product/drumstick-250g/,,
10583,Chikoo (Sapota) 500g,chiku-sapota-500g,28.0,28.0,,False,DKK,kr.,True,Fruits,Fruits,https://www.sabziwala.dk/wp-content/uploads/2022/02/img_4148.jpeg,https://www.sabziwala.dk/wp-content/uploads/2022/02/img_4148.jpeg,,0.0,0,https://www.sabziwala.dk/product/chiku-sapota-500g/,,
10581,Coconut with Tail(Stk),coconut-with-tailstk,15.0,15.0,,False,DKK,kr.,True,Fruits,Fruits,https://www.sabziwala.dk/wp-content/uploads/2022/02/img_4147.jpeg,https://www.sabziwala.dk/wp-content/uploads/2022/02/img_4147.jpeg,,0.0,0,https://www.sabziwala.dk/product/coconut-with-tailstk/,,
10579,Turia (Ridge Gourd) 500g,turia-ridge-gourd-500g,25.0,25.0,,False,DKK,kr.,True,Vegetables,Vegetables,https://www.sabziwala.dk/wp-content/uploads/2022/02/img_4150.jpeg,https://www.sabziwala.dk/wp-content/uploads/2022/02/img_4150.jpeg,,0.0,0,https://www.sabziwala.dk/product/turia-ridge-gourd-500g/,,
10577,Indian Papdi (Keenya) 500g,indian-papdi,28.0,28.0,,False,DKK,kr.,True,Vegetables,Vegetables,https://www.sabziwala.dk/wp-content/uploads/2022/02/img_4155.jpeg,https://www.sabziwala.dk/wp-content/uploads/2022/02/img_4155.jpeg,,0.0,0,https://www.sabziwala.dk/product/indian-papdi/,,
10575,Fresh Peanuts 500 g,fresh-peanuts-500-g,40.0,50.0,40.0,True,DKK,kr.,True,Vegetables,Vegetables,https://www.sabziwala.dk/wp-content/uploads/2022/02/img_4162.jpeg,https://www.sabziwala.dk/wp-content/uploads/2022/02/img_4162.jpeg,,0.0,0,https://www.sabziwala.dk/product/fresh-peanuts-500-g/,,
10571,Brinjal 500g,brinjal-500g,25.0,25.0,,False,DKK,kr.,True,Vegetables,Vegetables,https://www.sabziwala.dk/wp-content/uploads/2022/02/img_4161.jpeg,https://www.sabziwala.dk/wp-content/uploads/2022/02/img_4161.jpeg,,0.0,0,https://www.sabziwala.dk/product/brinjal-500g/,,
10569,Methi Leaves (1 Bunch),methi-leaves-bunch,15.0,15.0,,False,DKK,kr.,True,Vegetables,Vegetables,https://www.sabziwala.dk/wp-content/uploads/2022/02/img_4146.jpeg,https://www.sabziwala.dk/wp-content/uploads/2022/02/img_4146.jpeg,,0.0,0,https://www.sabziwala.dk/product/methi-leaves-bunch/,,
10567,Telugu-Chekadilu,chekadilu,0.0,0.0,,False,DKK,kr.,True,Snack & savories,Snack & savories,https://www.sabziwala.dk/wp-content/uploads/2022/02/tf-_chekodilu-_170g.png,https://www.sabziwala.dk/wp-content/uploads/2022/02/tf-_chekodilu-_170g.png,,0.0,0,https://www.sabziwala.dk/product/chekadilu/,,Telugu- Traditional snacks
10565,Telugu-Tapioca finger chips,tapioca-finger-chips,0.0,0.0,,False,DKK,kr.,True,Snack & savories,Snack & savories,https://www.sabziwala.dk/wp-content/uploads/2022/02/tapicoa-finger-chips.png,https://www.sabziwala.dk/wp-content/uploads/2022/02/tapicoa-finger-chips.png,,0.0,0,https://www.sabziwala.dk/product/tapioca-finger-chips/,,Telugu-Traditional snacks
10563,Telugu-Sanna karapusa,sanna-karapusa,0.0,0.0,,False,DKK,kr.,True,Snack & savories,Snack & savories,https://www.sabziwala.dk/wp-content/uploads/2022/02/sanna-karapusa.png,https://www.sabziwala.dk/wp-content/uploads/2022/02/sanna-karapusa.png,,0.0,0,https://www.sabziwala.dk/product/sanna-karapusa/,,Telugu-Traditional snacks
10561,Telugu-Sakinalu (spicy),sakinalu-spicy-2,0.0,0.0,,False,DKK,kr.,True,Snack & savories,Snack & savories,https://www.sabziwala.dk/wp-content/uploads/2022/02/sakinalu_spicy_new.png,https://www.sabziwala.dk/wp-content/uploads/2022/02/sakinalu_spicy_new.png,,0.0,0,https://www.sabziwala.dk/product/sakinalu-spicy-2/,,Telugu-Traditional snacks
10559,Telugu-Sakinalu,sakinalu,0.0,0.0,,False,DKK,kr.,True,Snack & savories,Snack & savories,https://www.sabziwala.dk/wp-content/uploads/2022/02/sakinalu_png.png,https://www.sabziwala.dk/wp-content/uploads/2022/02/sakinalu_png.png,,0.0,0,https://www.sabziwala.dk/product/sakinalu/,,Telugu-Traditional snacks
10557,Telugu-Ribbon Pakoda,ribbon-pakoda,0.0,0.0,,False,DKK,kr.,True,Snack & savories,Snack & savories,https://www.sabziwala.dk/wp-content/uploads/2022/02/ribbon-pakoda.png,https://www.sabziwala.dk/wp-content/uploads/2022/02/ribbon-pakoda.png,,0.0,0,https://www.sabziwala.dk/product/ribbon-pakoda/,,Telugu-Traditional snacks
10555,Telugu-Pappu chegodilu,pappu-chegodilu,0.0,0.0,,False,DKK,kr.,True,Snack & savories,Snack & savories,https://www.sabziwala.dk/wp-content/uploads/2022/02/pappu-chekodilu.png,https://www.sabziwala.dk/wp-content/uploads/2022/02/pappu-chekodilu.png,,0.0,0,https://www.sabziwala.dk/product/pappu-chegodilu/,,Telugu-Traditional snacks
10553,Telugu-Onion Murukku/Onion Chakralu,onion-murukku-onion-chakralu,0.0,0.0,,False,DKK,kr.,True,Others,Others,https://www.sabziwala.dk/wp-content/uploads/2022/02/onion-murukku_new1.png,https://www.sabziwala.dk/wp-content/uploads/2022/02/onion-murukku_new1.png,,0.0,0,https://www.sabziwala.dk/product/onion-murukku-onion-chakralu/,,Telugu-Traditional snacks
10551,Telugu-Mullu Murukulu,mullu-murukulu-2,0.0,0.0,,False,DKK,kr.,True,Snack & savories,Snack & savories,https://www.sabziwala.dk/wp-content/uploads/2022/02/mullu-murukulu.png,https://www.sabziwala.dk/wp-content/uploads/2022/02/mullu-murukulu.png,,0.0,0,https://www.sabziwala.dk/product/mullu-murukulu-2/,,Telugu-Traditional snacks
10549,Telugu-Madras Mixture,madras-mixture-2,0.0,0.0,,False,DKK,kr.,True,Snack & savories,Snack & savories,https://www.sabziwala.dk/wp-content/uploads/2022/02/madras-mixture-1.jpeg,https://www.sabziwala.dk/wp-content/uploads/2022/02/madras-mixture-1.jpeg,,0.0,0,https://www.sabziwala.dk/product/madras-mixture-2/,,Telugu-Traditional snacks
10547,Telugu-Kerala Mixture,kerala-mixture-2,0.0,0.0,,False,DKK,kr.,True,Snack & savories,Snack & savories,https://www.sabziwala.dk/wp-content/uploads/2022/02/kerala-mixture_new-1.png,https://www.sabziwala.dk/wp-content/uploads/2022/02/kerala-mixture_new-1.png,,0.0,0,https://www.sabziwala.dk/product/kerala-mixture-2/,,Telugu-Traditional snacks
10545,Telugu-Karapusa,karapusa-2,0.0,0.0,,False,DKK,kr.,True,Snack & savories,Snack & savories,https://www.sabziwala.dk/wp-content/uploads/2022/02/karapusa-1.png,https://www.sabziwala.dk/wp-content/uploads/2022/02/karapusa-1.png,,0.0,0,https://www.sabziwala.dk/product/karapusa-2/,,Telugu-Traditional snacks
10543,Telugu-Kara Boondhi,kara-boondhi,0.0,0.0,,False,DKK,kr.,True,Snack & savories,Snack & savories,https://www.sabziwala.dk/wp-content/uploads/2022/02/kara-boondhi-1.png,https://www.sabziwala.dk/wp-content/uploads/2022/02/kara-boondhi-1.png,,0.0,0,https://www.sabziwala.dk/product/kara-boondhi/,,Telugu-Traditional snacks
10541,Telugu-Janthikalu Chekkidalu,janthikalu-chekkidalu,0.0,0.0,,False,DKK,kr.,True,Snack & savories,Snack & savories,https://www.sabziwala.dk/wp-content/uploads/2022/02/janthikalu-1.png,https://www.sabziwala.dk/wp-content/uploads/2022/02/janthikalu-1.png,,0.0,0,https://www.sabziwala.dk/product/janthikalu-chekkidalu/,,Telugu-Traditional snacks
10539,Telugu-Jackfruit Chips,jackfruit-chips-2,15.0,15.0,,False,DKK,kr.,True,Snack & savories,Snack & savories,https://www.sabziwala.dk/wp-content/uploads/2022/02/jack-fruit-chips_png-1.png,https://www.sabziwala.dk/wp-content/uploads/2022/02/jack-fruit-chips_png-1.png,,0.0,0,https://www.sabziwala.dk/product/jackfruit-chips-2/,,Telugu-Traditional snacks
10537,Telugu-Ginger Chukralu,ginger-chukralu,0.0,0.0,,False,DKK,kr.,True,Snack & savories,Snack & savories,https://www.sabziwala.dk/wp-content/uploads/2022/02/ginger-chakralu-1.png,https://www.sabziwala.dk/wp-content/uploads/2022/02/ginger-chakralu-1.png,,0.0,0,https://www.sabziwala.dk/product/ginger-chukralu/,,Telugu-Traditional snacks
10535,Telugu-Garlic Murukku,garlic-murukku,0.0,0.0,,False,DKK,kr.,True,Snack & savories,Snack & savories,https://www.sabziwala.dk/wp-content/uploads/2022/02/garlic-murukku_new1-1.png,https://www.sabziwala.dk/wp-content/uploads/2022/02/garlic-murukku_new1-1.png,,0.0,0,https://www.sabziwala.dk/product/garlic-murukku/,,Telugu-Traditional snacks
10533,Telugu-Chethi Chekkalu,chethi-chekkalu-3,0.0,0.0,,False,DKK,kr.,True,Snack & savories,Snack & savories,https://www.sabziwala.dk/wp-content/uploads/2022/02/chethi-chekkalu-1.png,https://www.sabziwala.dk/wp-content/uploads/2022/02/chethi-chekkalu-1.png,,0.0,0,https://www.sabziwala.dk/product/chethi-chekkalu-3/,,Telugu-Baaru chekkalu
10531,Chekkalu  ( Telugu),chekkalu-telugu,15.0,15.0,,False,DKK,kr.,True,Snack & savories,Snack & savories,https://www.sabziwala.dk/wp-content/uploads/2022/02/chekkalu-1.png,https://www.sabziwala.dk/wp-content/uploads/2022/02/chekkalu-1.png,,0.0,0,https://www.sabziwala.dk/product/chekkalu-telugu/,,Telugu-Traditional snacks
10529,Telugu-Banana Chips,banana-chips,0.0,0.0,,False,DKK,kr.,True,Snack & savories,Snack & savories,https://www.sabziwala.dk/wp-content/uploads/2022/02/banana-chips.jpeg,https://www.sabziwala.dk/wp-content/uploads/2022/02/banana-chips.jpeg,,0.0,0,https://www.sabziwala.dk/product/banana-chips/,,Telugu-Nendran kerala style
10527,Telugu-Atukala mixture,atukala-mixture,0.0,0.0,,False,DKK,kr.,True,Snack & savories,Snack & savories,https://www.sabziwala.dk/wp-content/uploads/2022/02/atukula-mixture-1.png,https://www.sabziwala.dk/wp-content/uploads/2022/02/atukula-mixture-1.png,,0.0,0,https://www.sabziwala.dk/product/atukala-mixture/,,Traditional snacks
10525,Telugu-Andhra mixture,andhra-mixture,0.0,0.0,,False,DKK,kr.,True,Snack & savories,Snack & savories,https://www.sabziwala.dk/wp-content/uploads/2022/02/andhra-mixture-1.png,https://www.sabziwala.dk/wp-content/uploads/2022/02/andhra-mixture-1.png,,0.0,0,https://www.sabziwala.dk/product/andhra-mixture/,,Telugu-Traditional snacks
10523,Telugu-Velluli karam podi,velluli-karam-podi,0.0,0.0,,False,DKK,kr.,True,Ready Masala,Ready Masala,https://www.sabziwala.dk/wp-content/uploads/2022/02/velluli-karam-1.png,https://www.sabziwala.dk/wp-content/uploads/2022/02/velluli-karam-1.png,,0.0,0,https://www.sabziwala.dk/product/velluli-karam-podi/,,Telugu-Garlic mix powder
10521,Telugu-Putnala karam podi,putnala-karam-podi,0.0,0.0,,False,DKK,kr.,True,Ready Masala,Ready Masala,https://www.sabziwala.dk/wp-content/uploads/2022/02/pudina-karam-1.png,https://www.sabziwala.dk/wp-content/uploads/2022/02/pudina-karam-1.png,,0.0,0,https://www.sabziwala.dk/product/putnala-karam-podi/,,Telugu-Roasted chickpea spice mix powder
10519,Telugu-Palli Karam Podi,palli-karam-podi,0.0,0.0,,False,DKK,kr.,True,Ready Masala,Ready Masala,https://www.sabziwala.dk/wp-content/uploads/2022/02/palli-karam-1.png,https://www.sabziwala.dk/wp-content/uploads/2022/02/palli-karam-1.png,,0.0,0,https://www.sabziwala.dk/product/palli-karam-podi/,,Telugu-Peanut spice mix powder
10517,Telugu-Navvula karam podi,navvula-karam-podi,0.0,0.0,,False,DKK,kr.,True,Ready Masala,Ready Masala,https://www.sabziwala.dk/wp-content/uploads/2022/02/nuvvula-karam-1.png,https://www.sabziwala.dk/wp-content/uploads/2022/02/nuvvula-karam-1.png,,0.0,0,https://www.sabziwala.dk/product/navvula-karam-podi/,,Telugu-Sesame spice mix powder
10515,Telugu-Nalla Karam Podi,nalla-karam-podi,0.0,0.0,,False,DKK,kr.,True,Ready Masala,Ready Masala,https://www.sabziwala.dk/wp-content/uploads/2022/02/nalla-karam-1.png,https://www.sabziwala.dk/wp-content/uploads/2022/02/nalla-karam-1.png,,0.0,0,https://www.sabziwala.dk/product/nalla-karam-podi/,,Telugu-Chilli spice mix powder
10513,Telugu-Kura karam podi,kura-karam-podi,0.0,0.0,,False,DKK,kr.,True,Ready Masala,Ready Masala,https://www.sabziwala.dk/wp-content/uploads/2022/02/kura-karam-2.png,https://www.sabziwala.dk/wp-content/uploads/2022/02/kura-karam-2.png,,0.0,0,https://www.sabziwala.dk/product/kura-karam-podi/,,Telugu-Curry powder
10511,Telugu-Kothimera Karam Podi,kothimera-karam-podi,0.0,0.0,,False,DKK,kr.,True,Ready Masala,Ready Masala,https://www.sabziwala.dk/wp-content/uploads/2022/02/kothimeeru-2.png,https://www.sabziwala.dk/wp-content/uploads/2022/02/kothimeeru-2.png,,0.0,0,https://www.sabziwala.dk/product/kothimera-karam-podi/,,Telugu-Coriander leaf spice mix powder
10509,Telugu-Kabbari karam podi,kabbari-karam-podi,0.0,0.0,,False,DKK,kr.,True,Ready Masala,Ready Masala,https://www.sabziwala.dk/wp-content/uploads/2022/02/kura-karam-1.png,https://www.sabziwala.dk/wp-content/uploads/2022/02/kura-karam-1.png,,0.0,0,https://www.sabziwala.dk/product/kabbari-karam-podi/,,Telugu-Coconut spice mix powder
10507,Telugu-Karivepaku karam podi,karivepaku-karam-podi,0.0,0.0,,False,DKK,kr.,True,Ready Masala,Ready Masala,https://www.sabziwala.dk/wp-content/uploads/2022/02/karivepaku-karam-podi-2.png,https://www.sabziwala.dk/wp-content/uploads/2022/02/karivepaku-karam-podi-2.png,,0.0,0,https://www.sabziwala.dk/product/karivepaku-karam-podi/,,Telugu-Curry leaf spice mix powder
10505,Telugu-Kandi podi 100g,kandi-podi-100g,0.0,0.0,,False,DKK,kr.,True,Ready Masala,Ready Masala,https://www.sabziwala.dk/wp-content/uploads/2022/02/kandi-podi-2.png,https://www.sabziwala.dk/wp-content/uploads/2022/02/kandi-podi-2.png,,0.0,0,https://www.sabziwala.dk/product/kandi-podi-100g/,,Telugu-Lentils spice mix powder
10503,Telugu-Kakara karam podi,kakara-karam-podi,0.0,0.0,,False,DKK,kr.,True,Ready Masala,Ready Masala,https://www.sabziwala.dk/wp-content/uploads/2022/02/kakarakaya-karam-2.png,https://www.sabziwala.dk/wp-content/uploads/2022/02/kakarakaya-karam-2.png,,0.0,0,https://www.sabziwala.dk/product/kakara-karam-podi/,,Telugu-Bitter melon spice mix powder
10501,Telugu- Idli karam podi,idli-karam-podi,0.0,0.0,,False,DKK,kr.,True,Ready Masala,Ready Masala,https://www.sabziwala.dk/wp-content/uploads/2022/02/idli-karam-podi-2.png,https://www.sabziwala.dk/wp-content/uploads/2022/02/idli-karam-podi-2.png,,0.0,0,https://www.sabziwala.dk/product/idli-karam-podi/,,Telugu-Lentil spice mis powder
10499,Telugu-Munagaku karam podi,munagaku-karam-podi,0.0,0.0,,False,DKK,kr.,True,Ready Masala,Ready Masala,https://www.sabziwala.dk/wp-content/uploads/2022/02/drumstick-2.png,https://www.sabziwala.dk/wp-content/uploads/2022/02/drumstick-2.png,,0.0,0,https://www.sabziwala.dk/product/munagaku-karam-podi/,,Telugu-Drumstick leaf spice mix powder
10497,Telugu-Avisaginjala karam podi,avisaginjala-karam-podi,0.0,0.0,,False,DKK,kr.,True,Ready Masala,Ready Masala,https://www.sabziwala.dk/wp-content/uploads/2022/02/avisaginjala-karam-podi-2.png,https://www.sabziwala.dk/wp-content/uploads/2022/02/avisaginjala-karam-podi-2.png,,0.0,0,https://www.sabziwala.dk/product/avisaginjala-karam-podi/,,Telugu-Flax seed spice mix powder
10495,Telugu-Tomato Pickle 300g,tomato-pickle-300g,20.0,20.0,,False,DKK,kr.,True,Pickle,Pickle,https://www.sabziwala.dk/wp-content/uploads/2022/02/tomata-pickle_bottle-1.png,https://www.sabziwala.dk/wp-content/uploads/2022/02/tomata-pickle_bottle-1.png,,0.0,0,https://www.sabziwala.dk/product/tomato-pickle-300g/,,Telugu-No preservatives
10493,Telugu-Tamarind pickle 300g,tamarind-pickle-300g,0.0,0.0,,False,DKK,kr.,True,Pickle,Pickle,https://www.sabziwala.dk/wp-content/uploads/2022/02/tamarind-pickle_bottle-1.png,https://www.sabziwala.dk/wp-content/uploads/2022/02/tamarind-pickle_bottle-1.png,,0.0,0,https://www.sabziwala.dk/product/tamarind-pickle-300g/,,Telugu-No preservatives
10491,Telugu-Red Chilli Pickle 300g,red-chilli-pickle-300g,20.0,20.0,,False,DKK,kr.,True,Pickle,Pickle,https://www.sabziwala.dk/wp-content/uploads/2022/02/red-chilli-pickle_bottle-1.png,https://www.sabziwala.dk/wp-content/uploads/2022/02/red-chilli-pickle_bottle-1.png,,0.0,0,https://www.sabziwala.dk/product/red-chilli-pickle-300g/,,Telugu-No preservatives
10487,Telugu-Mint Leaf Pickle 300g,mint-leaf-pickle-300g,20.0,20.0,,False,DKK,kr.,True,Pickle,Pickle,https://www.sabziwala.dk/wp-content/uploads/2022/02/mint-leaf-pickle_bottle-2.png,https://www.sabziwala.dk/wp-content/uploads/2022/02/mint-leaf-pickle_bottle-2.png,,0.0,0,https://www.sabziwala.dk/product/mint-leaf-pickle-300g/,,No preservatives
10485,Telugu-Mango thokku pickle,mango-thokku-pickle,0.0,0.0,,False,DKK,kr.,True,Pickle,Pickle,https://www.sabziwala.dk/wp-content/uploads/2022/02/mango-thokku-pickle_bottle-2.png,https://www.sabziwala.dk/wp-content/uploads/2022/02/mango-thokku-pickle_bottle-2.png,,0.0,0,https://www.sabziwala.dk/product/mango-thokku-pickle/,,Telugu-No preservatives
10483,Telugu-Mango avakaya pickle 300g,mango-avakaya-pickle-300g,0.0,0.0,,False,DKK,kr.,True,Pickle,Pickle,https://www.sabziwala.dk/wp-content/uploads/2022/02/mango-avakaya-pickle_bottle-2.png,https://www.sabziwala.dk/wp-content/uploads/2022/02/mango-avakaya-pickle_bottle-2.png,,0.0,0,https://www.sabziwala.dk/product/mango-avakaya-pickle-300g/,,Telugu-No preservatives
10481,Telugu-Lime Pickle (in oil) 300g,lime-pickle-in-oil-300g,0.0,0.0,,False,DKK,kr.,True,Pickle,Pickle,https://www.sabziwala.dk/wp-content/uploads/2022/02/lime-in-oil-pickle_bottle-1.png,https://www.sabziwala.dk/wp-content/uploads/2022/02/lime-in-oil-pickle_bottle-1.png,,0.0,0,https://www.sabziwala.dk/product/lime-pickle-in-oil-300g/,,Telugu-No preservatives
10479,Telgu-Lime Pickle (in juice)300g,lime-pickle,0.0,0.0,,False,DKK,kr.,True,Pickle,Pickle,https://www.sabziwala.dk/wp-content/uploads/2022/02/lime-in-juice-pickle_bottle.png,https://www.sabziwala.dk/wp-content/uploads/2022/02/lime-in-juice-pickle_bottle.png,,0.0,0,https://www.sabziwala.dk/product/lime-pickle/,,No preservatives
10477,Telugu-Karela pickle 300g,karela-pickle-300g,0.0,0.0,,False,DKK,kr.,True,Pickle,Pickle,https://www.sabziwala.dk/wp-content/uploads/2022/02/karela-pickle_bottle-2.png,https://www.sabziwala.dk/wp-content/uploads/2022/02/karela-pickle_bottle-2.png,,0.0,0,https://www.sabziwala.dk/product/karela-pickle-300g/,,No preservatives
10475,Telugu-Gongura pickle,gongura-pickle,0.0,0.0,,False,DKK,kr.,True,Pickle,Pickle,https://www.sabziwala.dk/wp-content/uploads/2022/02/gongura-pickle-bottel-1-2.png,https://www.sabziwala.dk/wp-content/uploads/2022/02/gongura-pickle-bottel-1-2.png,,0.0,0,https://www.sabziwala.dk/product/gongura-pickle/,,No preservatives
10473,Telugu-Garlic pickle 300g,garlic-pickle-300g,0.0,0.0,,False,DKK,kr.,True,Pickle,Pickle,https://www.sabziwala.dk/wp-content/uploads/2022/02/garlic-pickle_bottle-1.png,https://www.sabziwala.dk/wp-content/uploads/2022/02/garlic-pickle_bottle-1.png,,0.0,0,https://www.sabziwala.dk/product/garlic-pickle-300g/,,No preservatives
10471,Telugu-Drumstick pickle,drumstick-pickle,0.0,0.0,,False,DKK,kr.,True,Pickle,Pickle,https://www.sabziwala.dk/wp-content/uploads/2022/02/drumstick-pickle_bottle-2.png,https://www.sabziwala.dk/wp-content/uploads/2022/02/drumstick-pickle_bottle-2.png,,0.0,0,https://www.sabziwala.dk/product/drumstick-pickle/,,No preservatives
10469,Telugu-Dondakaya pickle,dondakaya-pickle,0.0,0.0,,False,DKK,kr.,True,Pickle,Pickle,https://www.sabziwala.dk/wp-content/uploads/2022/02/donkaya-pickle_bottle-2.png,https://www.sabziwala.dk/wp-content/uploads/2022/02/donkaya-pickle_bottle-2.png,,0.0,0,https://www.sabziwala.dk/product/dondakaya-pickle/,,No preservatives
10467,Telugu-Cut mango 300g,cut-mango-300g,0.0,0.0,,False,DKK,kr.,True,Pickle,Pickle,https://www.sabziwala.dk/wp-content/uploads/2022/02/cut-mango-pickle_bottle-1.png,https://www.sabziwala.dk/wp-content/uploads/2022/02/cut-mango-pickle_bottle-1.png,,0.0,0,https://www.sabziwala.dk/product/cut-mango-300g/,,No preservatives
10465,Telugu-Coriander Pickle 300g,coriander-pickle-300g,0.0,0.0,,False,DKK,kr.,True,Pickle,Pickle,https://www.sabziwala.dk/wp-content/uploads/2022/02/coriander-pickle_bottle-1.png,https://www.sabziwala.dk/wp-content/uploads/2022/02/coriander-pickle_bottle-1.png,,0.0,0,https://www.sabziwala.dk/product/coriander-pickle-300g/,,No preservatives
10463,Telugu-Amla Pickle 300g,amla-pickle-300g,0.0,0.0,,False,DKK,kr.,True,Pickle,Pickle,https://www.sabziwala.dk/wp-content/uploads/2022/03/amla-pickle_bottle.png,https://www.sabziwala.dk/wp-content/uploads/2022/03/amla-pickle_bottle.png,,0.0,0,https://www.sabziwala.dk/product/amla-pickle-300g/,,Gooseberry
10461,Telugu-Veg curry paste,veg-curry-paste,0.0,0.0,,False,DKK,kr.,True,Paste,Paste,https://www.sabziwala.dk/wp-content/uploads/2022/02/veg-curry-paste-1.png,https://www.sabziwala.dk/wp-content/uploads/2022/02/veg-curry-paste-1.png,,0.0,0,https://www.sabziwala.dk/product/veg-curry-paste/,,Special blend (Telugu)
10459,Telugu-Tamarind paste,tamarind-paste,0.0,0.0,,False,DKK,kr.,True,Paste,Paste,https://www.sabziwala.dk/wp-content/uploads/2022/02/tamarind-paste-2.png,https://www.sabziwala.dk/wp-content/uploads/2022/02/tamarind-paste-2.png,,0.0,0,https://www.sabziwala.dk/product/tamarind-paste/,,South Indian special (Telugu)
10457,Telugu-Pulihora paste 300g,pulihora-paste-300g,0.0,0.0,,False,DKK,kr.,True,Paste,Paste,https://www.sabziwala.dk/wp-content/uploads/2022/02/pulihore-paste_new-1.png,https://www.sabziwala.dk/wp-content/uploads/2022/02/pulihore-paste_new-1.png,,0.0,0,https://www.sabziwala.dk/product/pulihora-paste-300g/,,South Indian special rice mix
10455,Telugu/Non veg Curry masala paste,non-veg-curry-masala-paste,0.0,0.0,,False,DKK,kr.,True,Paste,Paste,https://www.sabziwala.dk/wp-content/uploads/2022/02/non-veg-curry-paste-1.png,https://www.sabziwala.dk/wp-content/uploads/2022/02/non-veg-curry-paste-1.png,,0.0,0,https://www.sabziwala.dk/product/non-veg-curry-masala-paste/,,South Indian special (Telugu)
10453,Telugu-Ginger Paste,ginger-paste-2,0.0,0.0,,False,DKK,kr.,True,Paste,Paste,https://www.sabziwala.dk/wp-content/uploads/2022/02/ginger-paste-1.png,https://www.sabziwala.dk/wp-content/uploads/2022/02/ginger-paste-1.png,,0.0,0,https://www.sabziwala.dk/product/ginger-paste-2/,,South Indian special (Telugu)
10451,Telugu-Ginger Garlic Paste,ginger-garlic-paste-2,20.0,20.0,,False,DKK,kr.,True,Paste,Paste,https://www.sabziwala.dk/wp-content/uploads/2022/02/ggp-1.png,https://www.sabziwala.dk/wp-content/uploads/2022/02/ggp-1.png,,0.0,0,https://www.sabziwala.dk/product/ginger-garlic-paste-2/,,South Indian specials (Telugu)
10449,Telugu/Garlic paste 300g,garlic-paste-300g,0.0,0.0,,False,DKK,kr.,True,Paste,Paste,https://www.sabziwala.dk/wp-content/uploads/2022/02/garlic-paste-1.png,https://www.sabziwala.dk/wp-content/uploads/2022/02/garlic-paste-1.png,,0.0,0,https://www.sabziwala.dk/product/garlic-paste-300g/,,South Indian special (Telugu)
10447,Telugu-Biryani past(300g),biryani-past300g,0.0,0.0,,False,DKK,kr.,True,Paste,Paste,https://www.sabziwala.dk/wp-content/uploads/2022/02/biryani-paste-1.png,https://www.sabziwala.dk/wp-content/uploads/2022/02/biryani-paste-1.png,,0.0,0,https://www.sabziwala.dk/product/biryani-past300g/,,South India special
10445,Telugu-Proso millet,proso-millet,0.0,0.0,,False,DKK,kr.,True,Rice,Rice,https://www.sabziwala.dk/wp-content/uploads/2022/02/5.jpeg,https://www.sabziwala.dk/wp-content/uploads/2022/02/5.jpeg,,0.0,0,https://www.sabziwala.dk/product/proso-millet/,,Low glycemic index than rice
10443,Telugu-Little millet,little-millet,0.0,0.0,,False,DKK,kr.,True,Rice,Rice,https://www.sabziwala.dk/wp-content/uploads/2022/02/4.jpeg,https://www.sabziwala.dk/wp-content/uploads/2022/02/4.jpeg,,0.0,0,https://www.sabziwala.dk/product/little-millet/,,Low glycemic index than rice
10441,Telugu/Kodo millet,kodo-millet,0.0,0.0,,False,DKK,kr.,True,Rice,Rice,https://www.sabziwala.dk/wp-content/uploads/2022/02/3.jpeg,https://www.sabziwala.dk/wp-content/uploads/2022/02/3.jpeg,,0.0,0,https://www.sabziwala.dk/product/kodo-millet/,,Telugu-Low glycemic index than rice
10439,Foxtail millet (Telugu foods),foxtail-millet-telugu-foods,0.0,0.0,,False,DKK,kr.,True,Rice,Rice,https://www.sabziwala.dk/wp-content/uploads/2022/02/2.jpeg,https://www.sabziwala.dk/wp-content/uploads/2022/02/2.jpeg,,0.0,0,https://www.sabziwala.dk/product/foxtail-millet-telugu-foods/,,Low gylycemic index than rice
10437,Barnyard millet (Telugu),barnyard-millet-telugu,0.0,0.0,,False,DKK,kr.,True,Rice,Rice,https://www.sabziwala.dk/wp-content/uploads/2022/02/1-2.jpeg,https://www.sabziwala.dk/wp-content/uploads/2022/02/1-2.jpeg,,0.0,0,https://www.sabziwala.dk/product/barnyard-millet-telugu/,,Low glycemic index than rice
10432,Sambar powder ( Telugu),sambar-powder-telugu,0.0,0.0,,False,DKK,kr.,True,Ready Masala,Ready Masala,https://www.sabziwala.dk/wp-content/uploads/2022/02/sambar-powder-1.png,https://www.sabziwala.dk/wp-content/uploads/2022/02/sambar-powder-1.png,,0.0,0,https://www.sabziwala.dk/product/sambar-powder-telugu/,,Seasonal mix
10430,Rasam powder (Telugu),rasam-powder-telugu,0.0,0.0,,False,DKK,kr.,True,Ready Masala,Ready Masala,https://www.sabziwala.dk/wp-content/uploads/2022/02/rasam-powder-1.png,https://www.sabziwala.dk/wp-content/uploads/2022/02/rasam-powder-1.png,,0.0,0,https://www.sabziwala.dk/product/rasam-powder-telugu/,,Curry powder
10428,Meat masala (Telugu),meat-masala-telugu,0.0,0.0,,False,DKK,kr.,True,Ready Masala,Ready Masala,https://www.sabziwala.dk/wp-content/uploads/2022/02/meat-masala-1.png,https://www.sabziwala.dk/wp-content/uploads/2022/02/meat-masala-1.png,,0.0,0,https://www.sabziwala.dk/product/meat-masala-telugu/,,Seasonal mix
10426,Garam Masala (Telugu),garam-masala-telugu,0.0,0.0,,False,DKK,kr.,True,Ready Masala,Ready Masala,https://www.sabziwala.dk/wp-content/uploads/2022/02/garama-masala-1.png,https://www.sabziwala.dk/wp-content/uploads/2022/02/garama-masala-1.png,,0.0,0,https://www.sabziwala.dk/product/garam-masala-telugu/,,Seasonal mix
10424,Fish masala (Telugu),fish-masala-telugu,0.0,0.0,,False,DKK,kr.,True,Ready Masala,Ready Masala,https://www.sabziwala.dk/wp-content/uploads/2022/02/fish-masala-1.png,https://www.sabziwala.dk/wp-content/uploads/2022/02/fish-masala-1.png,,0.0,0,https://www.sabziwala.dk/product/fish-masala-telugu/,,Seasonal mix
10422,Chilli Chicken Masala (Telugu),chilli-chicken-masala-telugu,0.0,0.0,,False,DKK,kr.,True,Ready Masala,Ready Masala,https://www.sabziwala.dk/wp-content/uploads/2022/02/chilli-checken-masala-1.png,https://www.sabziwala.dk/wp-content/uploads/2022/02/chilli-checken-masala-1.png,,0.0,0,https://www.sabziwala.dk/product/chilli-chicken-masala-telugu/,,Seasonal mix
10420,Chicken masala (Telugu),chicken-masala-telugu,0.0,0.0,,False,DKK,kr.,True,Ready Masala,Ready Masala,https://www.sabziwala.dk/wp-content/uploads/2022/02/checken-masala-1.png,https://www.sabziwala.dk/wp-content/uploads/2022/02/checken-masala-1.png,,0.0,0,https://www.sabziwala.dk/product/chicken-masala-telugu/,,Seasonal mix
10418,Chicken 65 masala (Telugu),chicken-65-masala-telugu,0.0,0.0,,False,DKK,kr.,True,Ready Masala,Ready Masala,https://www.sabziwala.dk/wp-content/uploads/2022/02/checken-65-masala-1.png,https://www.sabziwala.dk/wp-content/uploads/2022/02/checken-65-masala-1.png,,0.0,0,https://www.sabziwala.dk/product/chicken-65-masala-telugu/,,Seasonal mix
10416,Chat masala (Telugu),chat-masala-telugu,0.0,0.0,,False,DKK,kr.,True,Ready Masala,Ready Masala,https://www.sabziwala.dk/wp-content/uploads/2022/02/img_4055-1.png,https://www.sabziwala.dk/wp-content/uploads/2022/02/img_4055-1.png,,0.0,0,https://www.sabziwala.dk/product/chat-masala-telugu/,,Seasonal mix
10414,Biryani Masala (Telugu),biryani-masala-telugu,0.0,0.0,,False,DKK,kr.,True,Ready Masala,Ready Masala,https://www.sabziwala.dk/wp-content/uploads/2022/02/img_4054-2.png,https://www.sabziwala.dk/wp-content/uploads/2022/02/img_4054-2.png,,0.0,0,https://www.sabziwala.dk/product/biryani-masala-telugu/,,Season mix
10412,Madras mixture(Telugu),madras-mixturetelugu,0.0,0.0,,False,DKK,kr.,True,Snack & savories,Snack & savories,https://www.sabziwala.dk/wp-content/uploads/2022/02/madras-mixture.jpeg,https://www.sabziwala.dk/wp-content/uploads/2022/02/madras-mixture.jpeg,,0.0,0,https://www.sabziwala.dk/product/madras-mixturetelugu/,,Traditional snacks
10410,Broast Masala (Laziza),breast-masala-laziza,22.0,22.0,,False,DKK,kr.,True,Ready Masala,Ready Masala,https://www.sabziwala.dk/wp-content/uploads/2022/02/img_4026.jpeg,https://www.sabziwala.dk/wp-content/uploads/2022/02/img_4026.jpeg,,0.0,0,https://www.sabziwala.dk/product/breast-masala-laziza/,,Spice mix
10408,Haleem(laziza),haleemlaziza,35.0,35.0,,False,DKK,kr.,True,Ready Masala,Ready Masala,https://www.sabziwala.dk/wp-content/uploads/2022/02/img_4025-scaled.jpeg,https://www.sabziwala.dk/wp-content/uploads/2022/02/img_4025-scaled.jpeg,,0.0,0,https://www.sabziwala.dk/product/haleemlaziza/,,Mix recipe
10406,Fish Masala (Laziza ),fish-masala-laziza,22.0,22.0,,False,DKK,kr.,True,Ready Masala,Ready Masala,https://www.sabziwala.dk/wp-content/uploads/2022/02/img_4024.jpeg,https://www.sabziwala.dk/wp-content/uploads/2022/02/img_4024.jpeg,,0.0,0,https://www.sabziwala.dk/product/fish-masala-laziza/,,Mix recipe
10404,Pasanda (laziza),pasanda-laziza,22.0,22.0,,False,DKK,kr.,True,Ready Masala,Ready Masala,https://www.sabziwala.dk/wp-content/uploads/2022/02/img_4023.jpeg,https://www.sabziwala.dk/wp-content/uploads/2022/02/img_4023.jpeg,,0.0,0,https://www.sabziwala.dk/product/pasanda-laziza/,,Mix recipe
10402,Qeema(laziza),qeemalaziza,22.0,22.0,,False,DKK,kr.,True,Ready Masala,Ready Masala,https://www.sabziwala.dk/wp-content/uploads/2022/02/img_4022.jpeg,https://www.sabziwala.dk/wp-content/uploads/2022/02/img_4022.jpeg,,0.0,0,https://www.sabziwala.dk/product/qeemalaziza/,,Mix recipe
10400,Yakhni pulao(laziza),yakhni-pulaolaziza,22.0,22.0,,False,DKK,kr.,True,Ready Masala,Ready Masala,https://www.sabziwala.dk/wp-content/uploads/2022/02/img_4021-scaled.jpeg,https://www.sabziwala.dk/wp-content/uploads/2022/02/img_4021-scaled.jpeg,,0.0,0,https://www.sabziwala.dk/product/yakhni-pulaolaziza/,,Mix recipe
10398,Plum Chutney Mix (laziza)275g,plum-chutney-mix-laziza,30.0,30.0,,False,DKK,kr.,True,Sauce,Sauce,https://www.sabziwala.dk/wp-content/uploads/2022/02/img_4020.jpeg,https://www.sabziwala.dk/wp-content/uploads/2022/02/img_4020.jpeg,,0.0,0,https://www.sabziwala.dk/product/plum-chutney-mix-laziza/,,Mix recipe
10396,Chutney Raita(Laziza),chutney-raitalaziza,22.0,22.0,,False,DKK,kr.,True,Ready to Eat,Ready to Eat,https://www.sabziwala.dk/wp-content/uploads/2022/02/img_4019.jpeg,https://www.sabziwala.dk/wp-content/uploads/2022/02/img_4019.jpeg,,0.0,0,https://www.sabziwala.dk/product/chutney-raitalaziza/,,Mix recipe
10394,Masaledar Bombay Biryani(National),bombay-biryani-2,15.0,15.0,,False,DKK,kr.,True,Ready Masala,Ready Masala,https://www.sabziwala.dk/wp-content/uploads/2022/02/img_4018.jpeg,https://www.sabziwala.dk/wp-content/uploads/2022/02/img_4018.jpeg,,0.0,0,https://www.sabziwala.dk/product/bombay-biryani-2/,,Mix recipe
10392,Chicken Masala (National),chicken-masala-2,15.0,15.0,,False,DKK,kr.,True,Ready Masala,Ready Masala,https://www.sabziwala.dk/wp-content/uploads/2022/02/img_4017.jpeg,https://www.sabziwala.dk/wp-content/uploads/2022/02/img_4017.jpeg,,0.0,0,https://www.sabziwala.dk/product/chicken-masala-2/,,Mix recipe
10390,Chicken Jalfregi(National),chicken-jalfreginational,15.0,15.0,,False,DKK,kr.,True,Ready Masala,Ready Masala,https://www.sabziwala.dk/wp-content/uploads/2022/02/img_4013-scaled.jpeg,https://www.sabziwala.dk/wp-content/uploads/2022/02/img_4013-scaled.jpeg,,0.0,0,https://www.sabziwala.dk/product/chicken-jalfreginational/,,Mix recipe
10388,Quorma,quorma-national,15.0,15.0,,False,DKK,kr.,True,Ready Masala,Ready Masala,https://www.sabziwala.dk/wp-content/uploads/2022/02/img_4012.jpeg,https://www.sabziwala.dk/wp-content/uploads/2022/02/img_4012.jpeg,,0.0,0,https://www.sabziwala.dk/product/quorma-national/,,Mix Recipe
10386,Fruit Chaat (National ),fruit-chaatnational,15.0,15.0,,False,DKK,kr.,True,Ready Masala,Ready Masala,https://www.sabziwala.dk/wp-content/uploads/2022/02/img_4011.jpeg,https://www.sabziwala.dk/wp-content/uploads/2022/02/img_4011.jpeg,,0.0,0,https://www.sabziwala.dk/product/fruit-chaatnational/,,Mix recipe
10384,Malai tikka (National),malai-tikka-national,15.0,15.0,,False,DKK,kr.,True,Ready Masala,Ready Masala,https://www.sabziwala.dk/wp-content/uploads/2022/02/img_4016.jpeg,https://www.sabziwala.dk/wp-content/uploads/2022/02/img_4016.jpeg,,0.0,0,https://www.sabziwala.dk/product/malai-tikka-national/,,Mix recipe
10382,Aaloo Palak(National),aaloo-palak-2,15.0,15.0,,False,DKK,kr.,True,Ready Masala,Ready Masala,https://www.sabziwala.dk/wp-content/uploads/2022/02/img_4010.jpeg,https://www.sabziwala.dk/wp-content/uploads/2022/02/img_4010.jpeg,,0.0,0,https://www.sabziwala.dk/product/aaloo-palak-2/,,Mix recipe (National)
10380,Chatt Pata Pakora Mix(National),chatt-pata-pakora-mixnational,15.0,15.0,,False,DKK,kr.,True,Ready Masala,Ready Masala,https://www.sabziwala.dk/wp-content/uploads/2022/02/img_4009.jpeg,https://www.sabziwala.dk/wp-content/uploads/2022/02/img_4009.jpeg,,0.0,0,https://www.sabziwala.dk/product/chatt-pata-pakora-mixnational/,,Mix recipe
10378,Lahori fish,lahori-fish,15.0,15.0,,False,DKK,kr.,True,Ready Masala,Ready Masala,https://www.sabziwala.dk/wp-content/uploads/2022/02/img_4008.jpeg,https://www.sabziwala.dk/wp-content/uploads/2022/02/img_4008.jpeg,,0.0,0,https://www.sabziwala.dk/product/lahori-fish/,,Mix recipe
10376,Chat Masala (National),chat-masala-national,15.0,15.0,,False,DKK,kr.,True,Ready Masala,Ready Masala,https://www.sabziwala.dk/wp-content/uploads/2022/02/img_4007.jpeg,https://www.sabziwala.dk/wp-content/uploads/2022/02/img_4007.jpeg,,0.0,0,https://www.sabziwala.dk/product/chat-masala-national/,,Mix recipe
10374,Butter Chicken (National),butter-chicken-national,15.0,15.0,,False,DKK,kr.,True,Ready Masala,Ready Masala,https://www.sabziwala.dk/wp-content/uploads/2022/02/img_4005.jpeg,https://www.sabziwala.dk/wp-content/uploads/2022/02/img_4005.jpeg,,0.0,0,https://www.sabziwala.dk/product/butter-chicken-national/,,Mix recipe
10372,Karahi gosht(National),karahi-goshtnational,18.0,18.0,,False,DKK,kr.,True,Ready Masala,Ready Masala,https://www.sabziwala.dk/wp-content/uploads/2022/02/img_4004.jpeg,https://www.sabziwala.dk/wp-content/uploads/2022/02/img_4004.jpeg,,0.0,0,https://www.sabziwala.dk/product/karahi-goshtnational/,,Mix recipe
10370,Delhi Nihari(National),delhi-niharinational,13.0,13.0,,False,DKK,kr.,True,Ready Masala,Ready Masala,https://www.sabziwala.dk/wp-content/uploads/2022/02/img_4003.jpeg,https://www.sabziwala.dk/wp-content/uploads/2022/02/img_4003.jpeg,,0.0,0,https://www.sabziwala.dk/product/delhi-niharinational/,,Mix recipe
10368,Tikka boti(national),tikka-botinational,15.0,15.0,,False,DKK,kr.,True,Ready Masala,Ready Masala,https://www.sabziwala.dk/wp-content/uploads/2022/02/img_4002.jpeg,https://www.sabziwala.dk/wp-content/uploads/2022/02/img_4002.jpeg,,0.0,0,https://www.sabziwala.dk/product/tikka-botinational/,,Mix recipe
10366,Chapli Kabab (National),chapli-kabab-national,15.0,15.0,,False,DKK,kr.,True,Ready Masala,Ready Masala,https://www.sabziwala.dk/wp-content/uploads/2022/02/img_4001.jpeg,https://www.sabziwala.dk/wp-content/uploads/2022/02/img_4001.jpeg,,0.0,0,https://www.sabziwala.dk/product/chapli-kabab-national/,,Mix recipe
10364,Shami kabab(National),shami-kababnational,15.0,15.0,,False,DKK,kr.,True,Ready Masala,Ready Masala,https://www.sabziwala.dk/wp-content/uploads/2022/02/img_3999.jpeg,https://www.sabziwala.dk/wp-content/uploads/2022/02/img_3999.jpeg,,0.0,0,https://www.sabziwala.dk/product/shami-kababnational/,,Mix recipe
10362,Seekh kabab(National),seekh-kababnational,15.0,15.0,,False,DKK,kr.,True,Ready Masala,Ready Masala,https://www.sabziwala.dk/wp-content/uploads/2022/02/img_3998.jpeg,https://www.sabziwala.dk/wp-content/uploads/2022/02/img_3998.jpeg,,0.0,0,https://www.sabziwala.dk/product/seekh-kababnational/,,Mix recipe
10360,Chicken Hara Hyderabadi  (National),chicken-hara-hyderabadi-national,15.0,15.0,,False,DKK,kr.,True,Ready Masala,Ready Masala,https://www.sabziwala.dk/wp-content/uploads/2022/02/img_3997.jpeg,https://www.sabziwala.dk/wp-content/uploads/2022/02/img_3997.jpeg,,0.0,0,https://www.sabziwala.dk/product/chicken-hara-hyderabadi-national/,,Mix recipe
10358,Bihari Kabab(National),bihari-kababnational,13.0,13.0,,False,DKK,kr.,True,Ready Masala,Ready Masala,https://www.sabziwala.dk/wp-content/uploads/2022/02/img_3996.jpeg,https://www.sabziwala.dk/wp-content/uploads/2022/02/img_3996.jpeg,,0.0,0,https://www.sabziwala.dk/product/bihari-kababnational/,,Mix recipe
10354,Kheer Mix 155g,kheer-mix-laziza,23.0,23.0,,False,DKK,kr.,True,Desserts & Sweets,Desserts & Sweets,https://www.sabziwala.dk/wp-content/uploads/2022/02/img_3994.jpeg,https://www.sabziwala.dk/wp-content/uploads/2022/02/img_3994.jpeg,,0.0,0,https://www.sabziwala.dk/product/kheer-mix-laziza/,,Rice pudding
10352,Sheer Khurma 160g,sheer-khurma-laziza,18.0,18.0,,False,DKK,kr.,True,Desserts & Sweets,Desserts & Sweets,https://www.sabziwala.dk/wp-content/uploads/2022/02/img_3993.jpeg,https://www.sabziwala.dk/wp-content/uploads/2022/02/img_3993.jpeg,,0.0,0,https://www.sabziwala.dk/product/sheer-khurma-laziza/,,Dessert mix
10350,Firni Khas 150g,firni-khas-laziza,18.0,18.0,,False,DKK,kr.,True,Desserts & Sweets,Desserts & Sweets,https://www.sabziwala.dk/wp-content/uploads/2022/02/img_3992.jpeg,https://www.sabziwala.dk/wp-content/uploads/2022/02/img_3992.jpeg,,0.0,0,https://www.sabziwala.dk/product/firni-khas-laziza/,,Ground rice pudding
10348,Vermicelli Kheer 155g,kheer-laziza,23.0,23.0,,False,DKK,kr.,True,Desserts & Sweets,Desserts & Sweets,https://www.sabziwala.dk/wp-content/uploads/2022/02/img_3991.jpeg,https://www.sabziwala.dk/wp-content/uploads/2022/02/img_3991.jpeg,,0.0,0,https://www.sabziwala.dk/product/kheer-laziza/,,Mixed recipe
10346,Tikka boti / seek kabab(National),tikka-boti-seek-kababnational,15.0,15.0,,False,DKK,kr.,True,Ready Masala,Ready Masala,https://www.sabziwala.dk/wp-content/uploads/2022/02/img_3990.jpeg,https://www.sabziwala.dk/wp-content/uploads/2022/02/img_3990.jpeg,,0.0,0,https://www.sabziwala.dk/product/tikka-boti-seek-kababnational/,,Mix recipe
10344,Beef Biryani (National),beef-biryani-national,15.0,15.0,,False,DKK,kr.,True,Ready Masala,Ready Masala,https://www.sabziwala.dk/wp-content/uploads/2022/02/img_3989.jpeg,https://www.sabziwala.dk/wp-content/uploads/2022/02/img_3989.jpeg,,0.0,0,https://www.sabziwala.dk/product/beef-biryani-national/,,Mix recipe
10342,Sabzi/Pav Bhaji,sabzi-pav-bhaji-nationl,15.0,15.0,,False,DKK,kr.,True,Ready Masala,Ready Masala,https://www.sabziwala.dk/wp-content/uploads/2022/02/img_3988.jpeg,https://www.sabziwala.dk/wp-content/uploads/2022/02/img_3988.jpeg,,0.0,0,https://www.sabziwala.dk/product/sabzi-pav-bhaji-nationl/,,Mix recipe
10340,Achar  gosht (Shan),achar-gosht-shan,15.0,15.0,,False,DKK,kr.,True,Ready Masala,Ready Masala,https://www.sabziwala.dk/wp-content/uploads/2022/02/img_3987.jpeg,https://www.sabziwala.dk/wp-content/uploads/2022/02/img_3987.jpeg,,0.0,0,https://www.sabziwala.dk/product/achar-gosht-shan/,,Mix recipe
10338,Korma (Shan),korma-shan,15.0,15.0,,False,DKK,kr.,True,Ready Masala,Ready Masala,https://www.sabziwala.dk/wp-content/uploads/2022/02/img_3986.jpeg,https://www.sabziwala.dk/wp-content/uploads/2022/02/img_3986.jpeg,,0.0,0,https://www.sabziwala.dk/product/korma-shan/,,Mix recipe
10336,Chapli Kabab(Shan),chapli-kababshan,15.0,15.0,,False,DKK,kr.,True,Ready Masala,Ready Masala,https://www.sabziwala.dk/wp-content/uploads/2022/02/img_3985.jpeg,https://www.sabziwala.dk/wp-content/uploads/2022/02/img_3985.jpeg,,0.0,0,https://www.sabziwala.dk/product/chapli-kababshan/,,Mix recipe
10334,Sabji masala (Everest),sabji-masala-everest,18.0,18.0,,False,DKK,kr.,True,Ready Masala,Ready Masala,https://www.sabziwala.dk/wp-content/uploads/2022/02/img_3984.jpeg,https://www.sabziwala.dk/wp-content/uploads/2022/02/img_3984.jpeg,,0.0,0,https://www.sabziwala.dk/product/sabji-masala-everest/,,Mix recipe
10332,Lahori Charga (Shan),lahori-chargashan,15.0,15.0,,False,DKK,kr.,True,Ready Masala,Ready Masala,https://www.sabziwala.dk/wp-content/uploads/2022/02/img_3983.jpeg,https://www.sabziwala.dk/wp-content/uploads/2022/02/img_3983.jpeg,,0.0,0,https://www.sabziwala.dk/product/lahori-chargashan/,,Mix recipe
10330,Sindhi biryani (Shan),sindhi-biryani-shan,15.0,15.0,,False,DKK,kr.,True,Ready Masala,Ready Masala,https://www.sabziwala.dk/wp-content/uploads/2022/02/img_3982.jpeg,https://www.sabziwala.dk/wp-content/uploads/2022/02/img_3982.jpeg,,0.0,0,https://www.sabziwala.dk/product/sindhi-biryani-shan/,,Mix recipe
10328,Tikka (Shan),tikka-shan,15.0,15.0,,False,DKK,kr.,True,Ready Masala,Ready Masala,https://www.sabziwala.dk/wp-content/uploads/2022/02/img_3981.jpeg,https://www.sabziwala.dk/wp-content/uploads/2022/02/img_3981.jpeg,,0.0,0,https://www.sabziwala.dk/product/tikka-shan/,,Mix recipe
10326,Punjabi Yakhni Pilao (Shan),punjabi-yakhni-pilao-shan,15.0,15.0,,False,DKK,kr.,True,Ready Masala,Ready Masala,https://www.sabziwala.dk/wp-content/uploads/2022/02/img_3980.jpeg,https://www.sabziwala.dk/wp-content/uploads/2022/02/img_3980.jpeg,,0.0,0,https://www.sabziwala.dk/product/punjabi-yakhni-pilao-shan/,,Mix recipe
10324,Butter Chicken (Shan),butter-chicken-shan,15.0,15.0,,False,DKK,kr.,True,Ready Masala,Ready Masala,https://www.sabziwala.dk/wp-content/uploads/2022/02/img_3979.jpeg,https://www.sabziwala.dk/wp-content/uploads/2022/02/img_3979.jpeg,,0.0,0,https://www.sabziwala.dk/product/butter-chicken-shan/,,Mix recipe
10322,Biryani (Shan),biryani-shan,15.0,15.0,,False,DKK,kr.,True,Ready Masala,Ready Masala,https://www.sabziwala.dk/wp-content/uploads/2022/02/img_3978.jpeg,https://www.sabziwala.dk/wp-content/uploads/2022/02/img_3978.jpeg,,0.0,0,https://www.sabziwala.dk/product/biryani-shan/,,Mix recipe
10320,Chicken Biryani,chicken-biryani-2,13.0,13.0,,False,DKK,kr.,True,Ready Masala,Ready Masala,https://www.sabziwala.dk/wp-content/uploads/2022/02/img_3977.jpeg,https://www.sabziwala.dk/wp-content/uploads/2022/02/img_3977.jpeg,,0.0,0,https://www.sabziwala.dk/product/chicken-biryani-2/,,Mix recipe
10318,Fruit Chaat,fruit-chaat,13.0,13.0,,False,DKK,kr.,True,Ready Masala,Ready Masala,https://www.sabziwala.dk/wp-content/uploads/2022/02/img_3976.jpeg,https://www.sabziwala.dk/wp-content/uploads/2022/02/img_3976.jpeg,,0.0,0,https://www.sabziwala.dk/product/fruit-chaat/,,Tasty spice garnish for fruits
10316,Mutton biryani,mutton-biryani,13.0,13.0,,False,DKK,kr.,True,Ready Masala,Ready Masala,https://www.sabziwala.dk/wp-content/uploads/2022/02/img_3974.jpeg,https://www.sabziwala.dk/wp-content/uploads/2022/02/img_3974.jpeg,,0.0,0,https://www.sabziwala.dk/product/mutton-biryani/,,Mix recipe
10314,Biryani,biryani,15.0,15.0,,False,DKK,kr.,True,Ready Masala,Ready Masala,https://www.sabziwala.dk/wp-content/uploads/2022/02/img_3973.jpeg,https://www.sabziwala.dk/wp-content/uploads/2022/02/img_3973.jpeg,,0.0,0,https://www.sabziwala.dk/product/biryani/,,Mixed recipe
10312,Pulao biryani,pulao-biryani,15.0,15.0,,False,DKK,kr.,True,Ready Masala,Ready Masala,https://www.sabziwala.dk/wp-content/uploads/2022/02/img_3972.jpeg,https://www.sabziwala.dk/wp-content/uploads/2022/02/img_3972.jpeg,,0.0,0,https://www.sabziwala.dk/product/pulao-biryani/,,Mix recipe
10310,Chicken Biryani,chicken-biryani,15.0,15.0,,False,DKK,kr.,True,Ready Masala,Ready Masala,https://www.sabziwala.dk/wp-content/uploads/2022/02/img_3971.jpeg,https://www.sabziwala.dk/wp-content/uploads/2022/02/img_3971.jpeg,,0.0,0,https://www.sabziwala.dk/product/chicken-biryani/,,Mixed recipe
10308,Bombay Biryani(National),bombay-biryani,15.0,15.0,,False,DKK,kr.,True,Ready Masala,Ready Masala,https://www.sabziwala.dk/wp-content/uploads/2022/02/img_3970.jpeg,https://www.sabziwala.dk/wp-content/uploads/2022/02/img_3970.jpeg,,0.0,0,https://www.sabziwala.dk/product/bombay-biryani/,,Mixed recipe
10306,Pulao,pulao,15.0,15.0,,False,DKK,kr.,True,Ready Masala,Ready Masala,https://www.sabziwala.dk/wp-content/uploads/2022/02/img_3969.jpeg,https://www.sabziwala.dk/wp-content/uploads/2022/02/img_3969.jpeg,,0.0,0,https://www.sabziwala.dk/product/pulao/,,Mix recipe
10304,Sindhi biryani,sindhi-biryani,15.0,15.0,,False,DKK,kr.,True,Ready Masala,Ready Masala,https://www.sabziwala.dk/wp-content/uploads/2022/02/img_3968.jpeg,https://www.sabziwala.dk/wp-content/uploads/2022/02/img_3968.jpeg,,0.0,0,https://www.sabziwala.dk/product/sindhi-biryani/,,Mix recipe
10302,Fried Fish,fried-fish,15.0,15.0,,False,DKK,kr.,True,Ready Masala,Ready Masala,https://www.sabziwala.dk/wp-content/uploads/2022/02/img_3967.jpeg,https://www.sabziwala.dk/wp-content/uploads/2022/02/img_3967.jpeg,,0.0,0,https://www.sabziwala.dk/product/fried-fish/,,Mix spices
10300,Paya,paya,15.0,15.0,,False,DKK,kr.,True,Ready Masala,Ready Masala,https://www.sabziwala.dk/wp-content/uploads/2022/02/img_3966.jpeg,https://www.sabziwala.dk/wp-content/uploads/2022/02/img_3966.jpeg,,0.0,0,https://www.sabziwala.dk/product/paya/,,Recipe mix
10298,Kofta,kofta,15.0,15.0,,False,DKK,kr.,True,Ready Masala,Ready Masala,https://www.sabziwala.dk/wp-content/uploads/2022/02/img_3965.jpeg,https://www.sabziwala.dk/wp-content/uploads/2022/02/img_3965.jpeg,,0.0,0,https://www.sabziwala.dk/product/kofta/,,Recipe mix
10296,Achar Gosht,achar-gosht,15.0,15.0,,False,DKK,kr.,True,Ready Masala,Ready Masala,https://www.sabziwala.dk/wp-content/uploads/2022/02/img_3964.jpeg,https://www.sabziwala.dk/wp-content/uploads/2022/02/img_3964.jpeg,,0.0,0,https://www.sabziwala.dk/product/achar-gosht/,,Recipe mix (National)
10292,White karahi,white-karahi,15.0,15.0,,False,DKK,kr.,True,Ready Masala,Ready Masala,https://www.sabziwala.dk/wp-content/uploads/2022/02/img_3962.jpeg,https://www.sabziwala.dk/wp-content/uploads/2022/02/img_3962.jpeg,,0.0,0,https://www.sabziwala.dk/product/white-karahi/,,National
10288,Garam Masala,garam-masala-4,18.0,18.0,,False,DKK,kr.,True,Herbs and Spices,Herbs and Spices,https://www.sabziwala.dk/wp-content/uploads/2022/02/img_3959.jpeg,https://www.sabziwala.dk/wp-content/uploads/2022/02/img_3959.jpeg,,0.0,0,https://www.sabziwala.dk/product/garam-masala-4/,,Kalra
10286,Kebab masala,kebab-masala,18.0,18.0,,False,DKK,kr.,True,Ready Masala,Ready Masala,https://www.sabziwala.dk/wp-content/uploads/2022/02/img_3958.jpeg,https://www.sabziwala.dk/wp-content/uploads/2022/02/img_3958.jpeg,,0.0,0,https://www.sabziwala.dk/product/kebab-masala/,,Kalra
10282,Cumin Powder (Jeera)100g,cumin-powder-jeera,18.0,18.0,,False,DKK,kr.,True,Herbs and Spices,Herbs and Spices,https://www.sabziwala.dk/wp-content/uploads/2022/02/img_3956.jpeg,https://www.sabziwala.dk/wp-content/uploads/2022/02/img_3956.jpeg,,0.0,0,https://www.sabziwala.dk/product/cumin-powder-jeera/,,KHANUM
10280,Turmeric Powder (Haldi),turmeric-powder-haldi,18.0,18.0,,False,DKK,kr.,True,Herbs and Spices,Herbs and Spices,https://www.sabziwala.dk/wp-content/uploads/2022/02/img_3955.jpeg,https://www.sabziwala.dk/wp-content/uploads/2022/02/img_3955.jpeg,,0.0,0,https://www.sabziwala.dk/product/turmeric-powder-haldi/,,Khanum
10278,Korma masala,korma-masala-2,18.0,18.0,,False,DKK,kr.,True,Ready Masala,Ready Masala,https://www.sabziwala.dk/wp-content/uploads/2022/02/img_3954.jpeg,https://www.sabziwala.dk/wp-content/uploads/2022/02/img_3954.jpeg,,0.0,0,https://www.sabziwala.dk/product/korma-masala-2/,,Kalra
10276,Jelly Crystals Lychee,lychee-jelly-crystals,10.0,10.0,,False,DKK,kr.,True,Jelly,Jelly,https://www.sabziwala.dk/wp-content/uploads/2022/02/img_3953.jpeg,https://www.sabziwala.dk/wp-content/uploads/2022/02/img_3953.jpeg,,0.0,0,https://www.sabziwala.dk/product/lychee-jelly-crystals/,,Ahmad foods – Lychee
10274,Jelly Crystals Banana,banana-jelly-crystals,10.0,10.0,,False,DKK,kr.,True,Jelly,Jelly,https://www.sabziwala.dk/wp-content/uploads/2022/02/img_3952.jpeg,https://www.sabziwala.dk/wp-content/uploads/2022/02/img_3952.jpeg,,0.0,0,https://www.sabziwala.dk/product/banana-jelly-crystals/,,Ahmad foods – Banana
10272,Jelly Crystals Mango,mangoes-jelly-crystals,10.0,10.0,,False,DKK,kr.,True,Jelly,Jelly,https://www.sabziwala.dk/wp-content/uploads/2022/02/img_3951.jpeg,https://www.sabziwala.dk/wp-content/uploads/2022/02/img_3951.jpeg,,0.0,0,https://www.sabziwala.dk/product/mangoes-jelly-crystals/,,Ahmad foods – Mango
10270,Jelly Crystals Mixed Fruit,jelly-crystals-mix-fruits,10.0,10.0,,False,DKK,kr.,True,Jelly,Jelly,https://www.sabziwala.dk/wp-content/uploads/2022/02/img_3950.jpeg,https://www.sabziwala.dk/wp-content/uploads/2022/02/img_3950.jpeg,,0.0,0,https://www.sabziwala.dk/product/jelly-crystals-mix-fruits/,,Ahmad foods – Mixed Fruit
10268,Jelly Crystals Strawberry Flavour,jelly-crystals-strawberry-flavour,12.0,12.0,,False,DKK,kr.,True,Jelly,Jelly,https://www.sabziwala.dk/wp-content/uploads/2022/02/img_3949.jpeg,https://www.sabziwala.dk/wp-content/uploads/2022/02/img_3949.jpeg,,0.0,0,https://www.sabziwala.dk/product/jelly-crystals-strawberry-flavour/,,Laziza – Strawberry Flavour
10266,Jelly Crystals Banana Flavour,jelly-crystals-banana-flavour,12.0,12.0,,False,DKK,kr.,True,Jelly,Jelly,https://www.sabziwala.dk/wp-content/uploads/2022/02/img_3948.jpeg,https://www.sabziwala.dk/wp-content/uploads/2022/02/img_3948.jpeg,,0.0,0,https://www.sabziwala.dk/product/jelly-crystals-banana-flavour/,,Laziza – Banana Flavour
10264,Jelly Crystals Lemon,lemon-jelly-crystals,10.0,10.0,,False,DKK,kr.,True,Jelly,Jelly,https://www.sabziwala.dk/wp-content/uploads/2022/02/img_3947.jpeg,https://www.sabziwala.dk/wp-content/uploads/2022/02/img_3947.jpeg,,0.0,0,https://www.sabziwala.dk/product/lemon-jelly-crystals/,,Ahmad foods – Lemon
10262,Jelly Crystals Pineapple,pineapple-jelly-crystals,10.0,10.0,,False,DKK,kr.,True,Jelly,Jelly,https://www.sabziwala.dk/wp-content/uploads/2022/02/img_3946.jpeg,https://www.sabziwala.dk/wp-content/uploads/2022/02/img_3946.jpeg,,0.0,0,https://www.sabziwala.dk/product/pineapple-jelly-crystals/,,Ahmad foods – Pineapple
10260,Pakora mix,pakora-mix,20.0,20.0,,False,DKK,kr.,True,Ready Masala,Ready Masala,https://www.sabziwala.dk/wp-content/uploads/2022/02/img_3945.jpeg,https://www.sabziwala.dk/wp-content/uploads/2022/02/img_3945.jpeg,,0.0,0,https://www.sabziwala.dk/product/pakora-mix/,,Ready to cook (3steps)
10258,Gulab Jamun 200g,gulab-jamun-mix,18.0,18.0,,False,DKK,kr.,True,Desserts & Sweets,Desserts & Sweets,https://www.sabziwala.dk/wp-content/uploads/2022/02/img_3944.jpeg,https://www.sabziwala.dk/wp-content/uploads/2022/02/img_3944.jpeg,,0.0,0,https://www.sabziwala.dk/product/gulab-jamun-mix/,,Dry dessert mix
10256,Cube Maggi,cube-maggi,45.0,45.0,,False,DKK,kr.,True,Ready Masala,Ready Masala,https://www.sabziwala.dk/wp-content/uploads/2022/02/img_3943.jpeg,https://www.sabziwala.dk/wp-content/uploads/2022/02/img_3943.jpeg,,0.0,0,https://www.sabziwala.dk/product/cube-maggi/,,100 cubes
10254,Chicken Flavoure (Maggi),chicken-flavoure-maggi,0.0,0.0,,False,DKK,kr.,True,Ready Masala,Ready Masala,https://www.sabziwala.dk/wp-content/uploads/2022/02/img_3942.jpeg,https://www.sabziwala.dk/wp-content/uploads/2022/02/img_3942.jpeg,,0.0,0,https://www.sabziwala.dk/product/chicken-flavoure-maggi/,,
10250,Paya masala,paya-masala,22.0,22.0,,False,DKK,kr.,True,Ready Masala,Ready Masala,https://www.sabziwala.dk/wp-content/uploads/2022/02/img_3940.jpeg,https://www.sabziwala.dk/wp-content/uploads/2022/02/img_3940.jpeg,,0.0,0,https://www.sabziwala.dk/product/paya-masala/,,Laziza
10248,Kata Kat,kata-kat,22.0,22.0,,False,DKK,kr.,True,Ready Masala,Ready Masala,https://www.sabziwala.dk/wp-content/uploads/2022/02/img_3939.jpeg,https://www.sabziwala.dk/wp-content/uploads/2022/02/img_3939.jpeg,,0.0,0,https://www.sabziwala.dk/product/kata-kat/,,Laziza
10244,Dahi Bara Powder,dahi-bars-powder,13.0,13.0,,False,DKK,kr.,True,Ready Masala,Ready Masala,https://www.sabziwala.dk/wp-content/uploads/2022/02/img_3937.jpeg,https://www.sabziwala.dk/wp-content/uploads/2022/02/img_3937.jpeg,,0.0,0,https://www.sabziwala.dk/product/dahi-bars-powder/,,National
10238,Lazzat (Shahi haleem),lazzat-shahi-haleem,18.0,18.0,,False,DKK,kr.,True,Ready Masala,Ready Masala,https://www.sabziwala.dk/wp-content/uploads/2022/02/img_3935.jpeg,https://www.sabziwala.dk/wp-content/uploads/2022/02/img_3935.jpeg,,0.0,0,https://www.sabziwala.dk/product/lazzat-shahi-haleem/,,
10236,Shahi haleem mix,shahi-haleem-mix,18.0,18.0,,False,DKK,kr.,True,Ready Masala,Ready Masala,https://www.sabziwala.dk/wp-content/uploads/2022/02/img_3934.jpeg,https://www.sabziwala.dk/wp-content/uploads/2022/02/img_3934.jpeg,,0.0,0,https://www.sabziwala.dk/product/shahi-haleem-mix/,,Shan
10234,Daighi Danedar Haleem,daighi-danedar-haleem,35.0,35.0,,False,DKK,kr.,True,Ready Masala,Ready Masala,https://www.sabziwala.dk/wp-content/uploads/2022/02/img_3933.jpeg,https://www.sabziwala.dk/wp-content/uploads/2022/02/img_3933.jpeg,,0.0,0,https://www.sabziwala.dk/product/daighi-danedar-haleem/,,National
10232,Haleem Masala,haleem-masala,0.0,0.0,,False,DKK,kr.,True,Ready Masala,Ready Masala,https://www.sabziwala.dk/wp-content/uploads/2022/02/img_3932.jpeg,https://www.sabziwala.dk/wp-content/uploads/2022/02/img_3932.jpeg,,0.0,0,https://www.sabziwala.dk/product/haleem-masala/,,Laziza
10230,Red Chilli Powder 100g,red-chilli-powder,22.0,22.0,,False,DKK,kr.,True,Ready Masala,Ready Masala,https://www.sabziwala.dk/wp-content/uploads/2022/02/img_3931.jpeg,https://www.sabziwala.dk/wp-content/uploads/2022/02/img_3931.jpeg,,0.0,0,https://www.sabziwala.dk/product/red-chilli-powder/,,Kashmirilal
10228,Pani puri masala,pani-puri-masala,20.0,20.0,,False,DKK,kr.,True,Ready Masala,Ready Masala,https://www.sabziwala.dk/wp-content/uploads/2022/02/img_3930.jpeg,https://www.sabziwala.dk/wp-content/uploads/2022/02/img_3930.jpeg,,0.0,0,https://www.sabziwala.dk/product/pani-puri-masala/,,MDH
10226,Momo Masala,momo-masala,20.0,20.0,,False,DKK,kr.,True,Ready Masala,Ready Masala,https://www.sabziwala.dk/wp-content/uploads/2022/02/img_3929.jpeg,https://www.sabziwala.dk/wp-content/uploads/2022/02/img_3929.jpeg,,0.0,0,https://www.sabziwala.dk/product/momo-masala/,,Everest
10224,Chana  Masala,chana-masala-2,20.0,20.0,,False,DKK,kr.,True,Ready Masala,Ready Masala,https://www.sabziwala.dk/wp-content/uploads/2022/02/img_3928.jpeg,https://www.sabziwala.dk/wp-content/uploads/2022/02/img_3928.jpeg,,0.0,0,https://www.sabziwala.dk/product/chana-masala-2/,,MDH
10222,Shahi paneer masala,shahi-paneer-masala,18.0,18.0,,False,DKK,kr.,True,Ready Masala,Ready Masala,https://www.sabziwala.dk/wp-content/uploads/2022/02/img_3927.jpeg,https://www.sabziwala.dk/wp-content/uploads/2022/02/img_3927.jpeg,,0.0,0,https://www.sabziwala.dk/product/shahi-paneer-masala/,,Everest
10220,Pav bhaji masala,pav-bhaji-masala,18.0,18.0,,False,DKK,kr.,True,Ready Masala,Ready Masala,https://www.sabziwala.dk/wp-content/uploads/2022/02/img_3926.jpeg,https://www.sabziwala.dk/wp-content/uploads/2022/02/img_3926.jpeg,,0.0,0,https://www.sabziwala.dk/product/pav-bhaji-masala/,,
10218,Deghi Mirch,deghi-mirch,20.0,20.0,,False,DKK,kr.,True,Ready Masala,Ready Masala,https://www.sabziwala.dk/wp-content/uploads/2022/02/img_3925.jpeg,https://www.sabziwala.dk/wp-content/uploads/2022/02/img_3925.jpeg,,0.0,0,https://www.sabziwala.dk/product/deghi-mirch/,,
10216,Rajma masala,rajma-masala,18.0,18.0,,False,DKK,kr.,True,Ready Masala,Ready Masala,https://www.sabziwala.dk/wp-content/uploads/2022/02/img_3923.jpeg,https://www.sabziwala.dk/wp-content/uploads/2022/02/img_3923.jpeg,,0.0,0,https://www.sabziwala.dk/product/rajma-masala/,,Everest 100g
10214,Tandoori Barbeque Masala,tandoori-barbeque-masala,20.0,20.0,,False,DKK,kr.,True,Ready Masala,Ready Masala,https://www.sabziwala.dk/wp-content/uploads/2022/02/img_3921.jpeg,https://www.sabziwala.dk/wp-content/uploads/2022/02/img_3921.jpeg,,0.0,0,https://www.sabziwala.dk/product/tandoori-barbeque-masala/,,MDH-100g
10212,Kitchen king,kitchen-king,22.0,22.0,,False,DKK,kr.,True,Ready Masala,Ready Masala,https://www.sabziwala.dk/wp-content/uploads/2022/02/img_3920.jpeg,https://www.sabziwala.dk/wp-content/uploads/2022/02/img_3920.jpeg,,0.0,0,https://www.sabziwala.dk/product/kitchen-king/,,MDh -100g
10208,Sambhar masala,sambhar-masala,18.0,18.0,,False,DKK,kr.,True,Ready Masala,Ready Masala,https://www.sabziwala.dk/wp-content/uploads/2022/02/img_3917.jpeg,https://www.sabziwala.dk/wp-content/uploads/2022/02/img_3917.jpeg,,0.0,0,https://www.sabziwala.dk/product/sambhar-masala/,,Everest -100g
10206,Dal Makhani Masala,dal-makhni-masala,20.0,20.0,,False,DKK,kr.,True,Ready Masala,Ready Masala,https://www.sabziwala.dk/wp-content/uploads/2022/02/img_3916.jpeg,https://www.sabziwala.dk/wp-content/uploads/2022/02/img_3916.jpeg,,0.0,0,https://www.sabziwala.dk/product/dal-makhni-masala/,,MDH
10204,Bombay Biryani Masala,bombay-biryani-masala,20.0,20.0,,False,DKK,kr.,True,Ready Masala,Ready Masala,https://www.sabziwala.dk/wp-content/uploads/2022/02/img_3915.jpeg,https://www.sabziwala.dk/wp-content/uploads/2022/02/img_3915.jpeg,,0.0,0,https://www.sabziwala.dk/product/bombay-biryani-masala/,,MDH -100g
10202,Butter Chicken Masala,butter-chicken-masala-2,22.0,22.0,,False,DKK,kr.,True,Ready Masala,Ready Masala,https://www.sabziwala.dk/wp-content/uploads/2022/02/img_3914.jpeg,https://www.sabziwala.dk/wp-content/uploads/2022/02/img_3914.jpeg,,0.0,0,https://www.sabziwala.dk/product/butter-chicken-masala-2/,,MDH 100 g
10200,Garam Masala,garam-masala-3,18.0,18.0,,False,DKK,kr.,True,Ready Masala,Ready Masala,https://www.sabziwala.dk/wp-content/uploads/2022/02/img_3913.jpeg,https://www.sabziwala.dk/wp-content/uploads/2022/02/img_3913.jpeg,,0.0,0,https://www.sabziwala.dk/product/garam-masala-3/,,100g
10198,Meat masala,meat-masala-2,18.0,18.0,,False,DKK,kr.,True,Ready Masala,Ready Masala,https://www.sabziwala.dk/wp-content/uploads/2022/02/img_3912.jpeg,https://www.sabziwala.dk/wp-content/uploads/2022/02/img_3912.jpeg,,0.0,0,https://www.sabziwala.dk/product/meat-masala-2/,,100g
10196,Pheonian 200g,fried-vermicellies-200g,25.0,25.0,,False,DKK,kr.,True,Desserts & Sweets,Desserts & Sweets,https://www.sabziwala.dk/wp-content/uploads/2022/02/img_3910-scaled.jpeg,https://www.sabziwala.dk/wp-content/uploads/2022/02/img_3910-scaled.jpeg,,0.0,0,https://www.sabziwala.dk/product/fried-vermicellies-200g/,Wheat cereal snack,Fried Vermicelli
10194,Vermicelli 150g,vermicelli-150g,7.0,7.0,,False,DKK,kr.,True,Desserts & Sweets,Desserts & Sweets,https://www.sabziwala.dk/wp-content/uploads/2022/02/img_3909-scaled.jpeg,https://www.sabziwala.dk/wp-content/uploads/2022/02/img_3909-scaled.jpeg,,0.0,0,https://www.sabziwala.dk/product/vermicelli-150g/,,Sanvia
10190,Butter Chicken Masala,butter-chicken-masala,18.0,18.0,,False,DKK,kr.,True,Herbs and Spices,Herbs and Spices,https://www.sabziwala.dk/wp-content/uploads/2022/02/img_3960.jpg,https://www.sabziwala.dk/wp-content/uploads/2022/02/img_3960.jpg,,0.0,0,https://www.sabziwala.dk/product/butter-chicken-masala/,,
10189,Crushed Red Chilli 100g,crushed-red-chilli,18.0,18.0,,False,DKK,kr.,True,Herbs and Spices,Herbs and Spices,https://www.sabziwala.dk/wp-content/uploads/2022/02/img_3957.jpg,https://www.sabziwala.dk/wp-content/uploads/2022/02/img_3957.jpg,,0.0,0,https://www.sabziwala.dk/product/crushed-red-chilli/,,
10186,Vermicelli,falak-vermicelli,7.0,7.0,,False,DKK,kr.,True,Desserts & Sweets,Desserts & Sweets,https://www.sabziwala.dk/wp-content/uploads/2022/02/img_3908-scaled.jpg,https://www.sabziwala.dk/wp-content/uploads/2022/02/img_3908-scaled.jpg,,0.0,0,https://www.sabziwala.dk/product/falak-vermicelli/,,Savian
10185,Leaf Spinach,leaf-spinach,18.0,18.0,,False,DKK,kr.,True,Canned Food,Canned Food,https://www.sabziwala.dk/wp-content/uploads/2022/02/img_3901.jpg,https://www.sabziwala.dk/wp-content/uploads/2022/02/img_3901.jpg,,0.0,0,https://www.sabziwala.dk/product/leaf-spinach/,,
10184,Spinach Puree 800g,spinach-puree,35.0,35.0,,False,DKK,kr.,True,Canned Food,Canned Food,https://www.sabziwala.dk/wp-content/uploads/2022/02/img_3906.jpeg,https://www.sabziwala.dk/wp-content/uploads/2022/02/img_3906.jpeg,,0.0,0,https://www.sabziwala.dk/product/spinach-puree/,,
10105,MEAT-MASALA,meat-masala,0.0,0.0,,False,DKK,kr.,True,Herbs and Spices,Herbs and Spices,https://www.sabziwala.dk/wp-content/uploads/2022/02/meat-masala.png,https://www.sabziwala.dk/wp-content/uploads/2022/02/meat-masala.png,,0.0,0,https://www.sabziwala.dk/product/meat-masala/,,
9948,Sarson Ka Saag,sarson-ka-saag,28.0,28.0,,False,DKK,kr.,True,Canned Food,Canned Food,https://www.sabziwala.dk/wp-content/uploads/2022/02/img_3900.jpeg,https://www.sabziwala.dk/wp-content/uploads/2022/02/img_3900.jpeg,,0.0,0,https://www.sabziwala.dk/product/sarson-ka-saag/,,Mustard leaves
9944,NIDO – 900g,nido,125.0,125.0,,False,DKK,kr.,True,Bakery & Dairy,Bakery & Dairy,https://www.sabziwala.dk/wp-content/uploads/2022/02/img_3898.jpeg,https://www.sabziwala.dk/wp-content/uploads/2022/02/img_3898.jpeg,,0.0,0,https://www.sabziwala.dk/product/nido/,,Instant Cream milk powder
9942,Punjabi Tinda,punjabi-tinda,22.0,22.0,,False,DKK,kr.,True,Canned Food,Canned Food,https://www.sabziwala.dk/wp-content/uploads/2022/02/img_3897.jpeg,https://www.sabziwala.dk/wp-content/uploads/2022/02/img_3897.jpeg,,0.0,0,https://www.sabziwala.dk/product/punjabi-tinda/,,In brine
9940,Evaporated milk,evaporated-milk,15.0,15.0,,False,DKK,kr.,True,Desserts & Sweets,Desserts & Sweets,https://www.sabziwala.dk/wp-content/uploads/2022/02/img_3896.jpeg,https://www.sabziwala.dk/wp-content/uploads/2022/02/img_3896.jpeg,,0.0,0,https://www.sabziwala.dk/product/evaporated-milk/,,170g
9937,Salt,salt,6.0,6.0,,False,DKK,kr.,True,Herbs and Spices,Herbs and Spices,https://www.sabziwala.dk/wp-content/uploads/2022/02/img_3894-scaled.jpeg,https://www.sabziwala.dk/wp-content/uploads/2022/02/img_3894-scaled.jpeg,,0.0,0,https://www.sabziwala.dk/product/salt/,,
9935,Sugar,sugar,15.0,15.0,,False,DKK,kr.,True,Salt and Sugar,Salt and Sugar; Desserts & Sweets,https://www.sabziwala.dk/wp-content/uploads/2022/02/img_3893.jpeg,https://www.sabziwala.dk/wp-content/uploads/2022/02/img_3893.jpeg,,0.0,0,https://www.sabziwala.dk/product/sugar/,,1kg
9933,Honey,honey,22.0,22.0,,False,DKK,kr.,True,Mithai Sweets & Mouth Freshner,Mithai Sweets & Mouth Freshner,https://www.sabziwala.dk/wp-content/uploads/2022/02/img_3891.jpeg,https://www.sabziwala.dk/wp-content/uploads/2022/02/img_3891.jpeg,,0.0,0,https://www.sabziwala.dk/product/honey/,,
9931,Mixed Pickle 1Kg,mixed-pickle-3,50.0,50.0,,False,DKK,kr.,True,Pickle,Pickle,https://www.sabziwala.dk/wp-content/uploads/2022/02/img_3890.jpeg,https://www.sabziwala.dk/wp-content/uploads/2022/02/img_3890.jpeg,,0.0,0,https://www.sabziwala.dk/product/mixed-pickle-3/,,In oil (1kg)
9929,Mango Pickle 1Kg,mango-pickle-3,50.0,50.0,,False,DKK,kr.,True,Pickle,Pickle,https://www.sabziwala.dk/wp-content/uploads/2022/02/img_3889.jpeg,https://www.sabziwala.dk/wp-content/uploads/2022/02/img_3889.jpeg,,0.0,0,https://www.sabziwala.dk/product/mango-pickle-3/,,In oil (1kg)
9927,Chilli Pickle 1Kg,chilli-pickle-3,50.0,50.0,,False,DKK,kr.,True,Pickle,Pickle,https://www.sabziwala.dk/wp-content/uploads/2022/02/img_3887.jpeg,https://www.sabziwala.dk/wp-content/uploads/2022/02/img_3887.jpeg,,0.0,0,https://www.sabziwala.dk/product/chilli-pickle-3/,,In oil (1kg)
9925,Garlic Pickle 1Kg,garlic-pickle-3,50.0,50.0,,False,DKK,kr.,True,Pickle,Pickle,https://www.sabziwala.dk/wp-content/uploads/2022/02/img_3886-scaled.jpeg,https://www.sabziwala.dk/wp-content/uploads/2022/02/img_3886-scaled.jpeg,,0.0,0,https://www.sabziwala.dk/product/garlic-pickle-3/,,In oil (1kg)
9923,Mango Pickle (Extra Hot) 1Kg,mango-pickle-extra-hot,50.0,50.0,,False,DKK,kr.,True,Pickle,Pickle,https://www.sabziwala.dk/wp-content/uploads/2022/02/img_3885.jpeg,https://www.sabziwala.dk/wp-content/uploads/2022/02/img_3885.jpeg,,0.0,0,https://www.sabziwala.dk/product/mango-pickle-extra-hot/,,In oil (1kg)
9921,Chilli Pickle 1Kg,chilli-pickle-2,50.0,50.0,,False,DKK,kr.,True,Pickle,Pickle,https://www.sabziwala.dk/wp-content/uploads/2022/02/img_3882.jpeg,https://www.sabziwala.dk/wp-content/uploads/2022/02/img_3882.jpeg,,0.0,0,https://www.sabziwala.dk/product/chilli-pickle-2/,,In oil (1kg)
9919,Mixed Pickle 1Kg,mixed-pickle-2,50.0,50.0,,False,DKK,kr.,True,Pickle,Pickle,https://www.sabziwala.dk/wp-content/uploads/2022/02/img_3884.jpeg,https://www.sabziwala.dk/wp-content/uploads/2022/02/img_3884.jpeg,,0.0,0,https://www.sabziwala.dk/product/mixed-pickle-2/,,In oil (1kg)
9917,Karela (BItter gourd) 1Kg,karela-bitter-gourd,50.0,50.0,,False,DKK,kr.,True,Pickle,Pickle,https://www.sabziwala.dk/wp-content/uploads/2022/02/img_3883.jpeg,https://www.sabziwala.dk/wp-content/uploads/2022/02/img_3883.jpeg,,0.0,0,https://www.sabziwala.dk/product/karela-bitter-gourd/,,In oil (1kg)
9915,Garlic Pickle 1 Kg,garlic-pickle-2,50.0,50.0,,False,DKK,kr.,True,Pickle,"Pickle; Pickle, Paste and Sauce",https://www.sabziwala.dk/wp-content/uploads/2022/02/img_3881.jpeg,https://www.sabziwala.dk/wp-content/uploads/2022/02/img_3881.jpeg,,0.0,0,https://www.sabziwala.dk/product/garlic-pickle-2/,,In oil (1kg)
9913,Carrot Pickle 1Kg,carrot-pickle,50.0,50.0,,False,DKK,kr.,True,Pickle,Pickle,https://www.sabziwala.dk/wp-content/uploads/2022/02/img_3880.jpeg,https://www.sabziwala.dk/wp-content/uploads/2022/02/img_3880.jpeg,,0.0,0,https://www.sabziwala.dk/product/carrot-pickle/,,In oil (1kg)
9911,Lemon Pickle 1Kg,lemon-pickle-2,50.0,50.0,,False,DKK,kr.,True,Pickle,Pickle,https://www.sabziwala.dk/wp-content/uploads/2022/02/img_3879.jpeg,https://www.sabziwala.dk/wp-content/uploads/2022/02/img_3879.jpeg,,0.0,0,https://www.sabziwala.dk/product/lemon-pickle-2/,,In oil (1kg)
9909,Peeled Mango Pickle 1Kg,peeled-mango-pickle,50.0,50.0,,False,DKK,kr.,True,Pickle,Pickle,https://www.sabziwala.dk/wp-content/uploads/2022/02/img_3878.jpeg,https://www.sabziwala.dk/wp-content/uploads/2022/02/img_3878.jpeg,,0.0,0,https://www.sabziwala.dk/product/peeled-mango-pickle/,,In oil (1kg)
9907,Tandoori Marinade Paste,tandoori-marinade-paste,25.0,25.0,,False,DKK,kr.,True,Paste,Paste,https://www.sabziwala.dk/wp-content/uploads/2022/02/img_3877.jpeg,https://www.sabziwala.dk/wp-content/uploads/2022/02/img_3877.jpeg,,0.0,0,https://www.sabziwala.dk/product/tandoori-marinade-paste/,,
9905,Rogan Josh (Curry Paste) 270g,rogan-josh-curry-paste,25.0,25.0,,False,DKK,kr.,True,Paste,Paste,https://www.sabziwala.dk/wp-content/uploads/2022/02/img_3876.jpeg,https://www.sabziwala.dk/wp-content/uploads/2022/02/img_3876.jpeg,,0.0,0,https://www.sabziwala.dk/product/rogan-josh-curry-paste/,,270g
9903,Jalfrezi paste,jalfrezi-paste,25.0,25.0,,False,DKK,kr.,True,Paste,Paste,https://www.sabziwala.dk/wp-content/uploads/2022/02/img_3875.jpeg,https://www.sabziwala.dk/wp-content/uploads/2022/02/img_3875.jpeg,,0.0,0,https://www.sabziwala.dk/product/jalfrezi-paste/,,
9901,Balti Paste 270g,balti-paste,25.0,25.0,,False,DKK,kr.,True,Paste,Paste,https://www.sabziwala.dk/wp-content/uploads/2022/02/img_3874.jpeg,https://www.sabziwala.dk/wp-content/uploads/2022/02/img_3874.jpeg,,0.0,0,https://www.sabziwala.dk/product/balti-paste/,,
9899,Mixed pickle,mixed-pickle,25.0,25.0,,False,DKK,kr.,True,Pickle,Pickle,https://www.sabziwala.dk/wp-content/uploads/2022/02/img_3873.jpeg,https://www.sabziwala.dk/wp-content/uploads/2022/02/img_3873.jpeg,,0.0,0,https://www.sabziwala.dk/product/mixed-pickle/,,In oil
9897,Mango pickle,mango-pickle-2,25.0,25.0,,False,DKK,kr.,True,Pickle,Pickle,https://www.sabziwala.dk/wp-content/uploads/2022/02/img_3872.jpeg,https://www.sabziwala.dk/wp-content/uploads/2022/02/img_3872.jpeg,,0.0,0,https://www.sabziwala.dk/product/mango-pickle-2/,,
9895,Brinjal Pickle,brinjal-pickle,25.0,25.0,,False,DKK,kr.,True,Pickle,Pickle,https://www.sabziwala.dk/wp-content/uploads/2022/02/img_3871.jpeg,https://www.sabziwala.dk/wp-content/uploads/2022/02/img_3871.jpeg,,0.0,0,https://www.sabziwala.dk/product/brinjal-pickle/,,
9893,Hot Mango pickle,hot-mango-pickle,25.0,25.0,,False,DKK,kr.,True,Pickle,Pickle,https://www.sabziwala.dk/wp-content/uploads/2022/02/img_3870.jpeg,https://www.sabziwala.dk/wp-content/uploads/2022/02/img_3870.jpeg,,0.0,0,https://www.sabziwala.dk/product/hot-mango-pickle/,,
9891,Garlic Pickle 310g,garlic-pickle,25.0,25.0,,False,DKK,kr.,True,Pickle,"Pickle; Pickle, Paste and Sauce",https://www.sabziwala.dk/wp-content/uploads/2022/02/img_3869.jpeg,https://www.sabziwala.dk/wp-content/uploads/2022/02/img_3869.jpeg,,0.0,0,https://www.sabziwala.dk/product/garlic-pickle/,,In oil (310g)
9889,Lasoora Pickle 320g,lasoora-pickle,25.0,25.0,,False,DKK,kr.,True,Pickle,"Pickle; Pickle, Paste and Sauce",https://www.sabziwala.dk/wp-content/uploads/2022/02/img_3868.jpeg,https://www.sabziwala.dk/wp-content/uploads/2022/02/img_3868.jpeg,,0.0,0,https://www.sabziwala.dk/product/lasoora-pickle/,,In oil(320g)
9887,Chilli Pickle 310g,chilli-pickle,25.0,25.0,,False,DKK,kr.,True,Pickle,"Pickle; Pickle, Paste and Sauce",https://www.sabziwala.dk/wp-content/uploads/2022/02/img_3867.jpeg,https://www.sabziwala.dk/wp-content/uploads/2022/02/img_3867.jpeg,,0.0,0,https://www.sabziwala.dk/product/chilli-pickle/,,In oil (310g)
9885,Mango pickle,mango-pickle,25.0,25.0,,False,DKK,kr.,True,Pickle,Pickle,https://www.sabziwala.dk/wp-content/uploads/2022/02/img_3866.jpeg,https://www.sabziwala.dk/wp-content/uploads/2022/02/img_3866.jpeg,,0.0,0,https://www.sabziwala.dk/product/mango-pickle/,,In oil (320g)
9883,Lemon Pickle 320g,lemon-pickle,25.0,25.0,,False,DKK,kr.,True,Pickle,Pickle,https://www.sabziwala.dk/wp-content/uploads/2022/02/img_3865.jpeg,https://www.sabziwala.dk/wp-content/uploads/2022/02/img_3865.jpeg,,0.0,0,https://www.sabziwala.dk/product/lemon-pickle/,,In oil(320g)
9880,Chilli Pickle 300g,product-3,25.0,25.0,,False,DKK,kr.,True,Pickle,"Pickle; Pickle, Paste and Sauce",https://www.sabziwala.dk/wp-content/uploads/2022/02/img_3864.jpeg,https://www.sabziwala.dk/wp-content/uploads/2022/02/img_3864.jpeg,,0.0,0,https://www.sabziwala.dk/product/product-3/,,
9879,Punjabi Teekha Mango Pickle,punjabi-teekha-mango-chutney,40.0,40.0,,False,DKK,kr.,True,Pickle,"Pickle; Pickle, Paste and Sauce",https://www.sabziwala.dk/wp-content/uploads/2022/02/img_3862.jpeg,https://www.sabziwala.dk/wp-content/uploads/2022/02/img_3862.jpeg,,0.0,0,https://www.sabziwala.dk/product/punjabi-teekha-mango-chutney/,,
9877,Spicy Coriander Chutney 335g,spicy-coriander-chutney,25.0,25.0,,False,DKK,kr.,True,"Pickle, Paste and Sauce","Pickle, Paste and Sauce; Sauce",https://www.sabziwala.dk/wp-content/uploads/2022/02/img_3861.jpeg,https://www.sabziwala.dk/wp-content/uploads/2022/02/img_3861.jpeg,,0.0,0,https://www.sabziwala.dk/product/spicy-coriander-chutney/,,
9875,Mint Chutney,mint-chutney,25.0,25.0,,False,DKK,kr.,True,Sauce,Sauce,https://www.sabziwala.dk/wp-content/uploads/2022/02/img_3860.jpeg,https://www.sabziwala.dk/wp-content/uploads/2022/02/img_3860.jpeg,,0.0,0,https://www.sabziwala.dk/product/mint-chutney/,,
9873,Ginger Paste 750g,ginger-past-750g,50.0,50.0,,False,DKK,kr.,True,Paste,Paste,https://www.sabziwala.dk/wp-content/uploads/2022/02/img_3859.jpeg,https://www.sabziwala.dk/wp-content/uploads/2022/02/img_3859.jpeg,,0.0,0,https://www.sabziwala.dk/product/ginger-past-750g/,,
9871,Garlic Paste 750g,garlic-paste-750g,50.0,50.0,,False,DKK,kr.,True,Paste,Paste,https://www.sabziwala.dk/wp-content/uploads/2022/02/img_3858-scaled.jpeg,https://www.sabziwala.dk/wp-content/uploads/2022/02/img_3858-scaled.jpeg,,0.0,0,https://www.sabziwala.dk/product/garlic-paste-750g/,,
9869,Ginger & Garlic Paste 750g,ginger-garlic-paste,50.0,50.0,,False,DKK,kr.,True,Paste,Paste,https://www.sabziwala.dk/wp-content/uploads/2022/02/img_3857-scaled.jpeg,https://www.sabziwala.dk/wp-content/uploads/2022/02/img_3857-scaled.jpeg,,0.0,0,https://www.sabziwala.dk/product/ginger-garlic-paste/,,
9867,Garlic Paste 300g,garlic-paste,25.0,25.0,,False,DKK,kr.,True,Paste,Paste,https://www.sabziwala.dk/wp-content/uploads/2022/02/img_3856.jpeg,https://www.sabziwala.dk/wp-content/uploads/2022/02/img_3856.jpeg,,0.0,0,https://www.sabziwala.dk/product/garlic-paste/,,300g
9865,Ginger Paste 300g,ginger-paste,20.0,20.0,,False,DKK,kr.,True,Paste,"Paste; Pickle, Paste and Sauce",https://www.sabziwala.dk/wp-content/uploads/2022/02/img_3855.jpeg,https://www.sabziwala.dk/wp-content/uploads/2022/02/img_3855.jpeg,,0.0,0,https://www.sabziwala.dk/product/ginger-paste/,,300g
9863,Tamarind Seedless 400g,tamarind,38.0,38.0,,False,DKK,kr.,True,Others,Others,https://www.sabziwala.dk/wp-content/uploads/2022/02/img_3815.jpeg,https://www.sabziwala.dk/wp-content/uploads/2022/02/img_3815.jpeg | https://www.sabziwala.dk/wp-content/uploads/2023/07/41186-1.jpg,,0.0,0,https://www.sabziwala.dk/product/tamarind/,,400g
9859,Sweet Mango Chutney 340g,sweet-mango-chutney,25.0,25.0,,False,DKK,kr.,True,"Pickle, Paste and Sauce","Pickle, Paste and Sauce; Sauce",https://www.sabziwala.dk/wp-content/uploads/2022/02/img_3817-scaled.jpeg,https://www.sabziwala.dk/wp-content/uploads/2022/02/img_3817-scaled.jpeg,,0.0,0,https://www.sabziwala.dk/product/sweet-mango-chutney/,,Priya – 340g
9857,Tamarind (hot&spicy),tamarind-hotspicy,38.0,38.0,,False,DKK,kr.,True,Sauce,Sauce,https://www.sabziwala.dk/wp-content/uploads/2022/02/img_3819-scaled.jpeg,https://www.sabziwala.dk/wp-content/uploads/2022/02/img_3819-scaled.jpeg,,0.0,0,https://www.sabziwala.dk/product/tamarind-hotspicy/,,450g
9855,Tamarind sauce,tamarind-sauce-3,38.0,38.0,,False,DKK,kr.,True,Sauce,Sauce,https://www.sabziwala.dk/wp-content/uploads/2022/02/img_3820-scaled.jpeg,https://www.sabziwala.dk/wp-content/uploads/2022/02/img_3820-scaled.jpeg,,0.0,0,https://www.sabziwala.dk/product/tamarind-sauce-3/,,450g
9852,Strong Mango Chutney 340g,strong-mango-chutney,25.0,25.0,,False,DKK,kr.,True,Sauce,Sauce,https://www.sabziwala.dk/wp-content/uploads/2022/02/img_3822.jpeg,https://www.sabziwala.dk/wp-content/uploads/2022/02/img_3822.jpeg,,0.0,0,https://www.sabziwala.dk/product/strong-mango-chutney/,,340g
9848,Hot chilli sauce,hot-chilli-sauce,25.0,25.0,,False,DKK,kr.,True,Sauce,Sauce,https://www.sabziwala.dk/wp-content/uploads/2022/02/img_3825-scaled.jpeg,https://www.sabziwala.dk/wp-content/uploads/2022/02/img_3825-scaled.jpeg,,0.0,0,https://www.sabziwala.dk/product/hot-chilli-sauce/,,
9846,Sweet Chilli Sauce,chilli-sauce,25.0,25.0,,False,DKK,kr.,True,Sauce,Sauce,https://www.sabziwala.dk/wp-content/uploads/2022/02/img_3826-scaled.jpeg,https://www.sabziwala.dk/wp-content/uploads/2022/02/img_3826-scaled.jpeg,,0.0,0,https://www.sabziwala.dk/product/chilli-sauce/,,
9844,Garlic sauce,garlic-sauce,25.0,25.0,,False,DKK,kr.,True,Sauce,Sauce,https://www.sabziwala.dk/wp-content/uploads/2022/02/img_3827-scaled.jpeg,https://www.sabziwala.dk/wp-content/uploads/2022/02/img_3827-scaled.jpeg,,0.0,0,https://www.sabziwala.dk/product/garlic-sauce/,,
9842,Tamarind sauce,tamarind-sauce-2,25.0,25.0,,False,DKK,kr.,True,"Pickle, Paste and Sauce","Pickle, Paste and Sauce; Sauce",https://www.sabziwala.dk/wp-content/uploads/2022/02/img_3828-scaled.jpeg,https://www.sabziwala.dk/wp-content/uploads/2022/02/img_3828-scaled.jpeg,,0.0,0,https://www.sabziwala.dk/product/tamarind-sauce-2/,,
9840,Tamarind (imli) sauce,tamarind-imli-sauce,20.0,20.0,,False,DKK,kr.,True,"Pickle, Paste and Sauce","Pickle, Paste and Sauce; Sauce",https://www.sabziwala.dk/wp-content/uploads/2022/02/img_3829.jpeg,https://www.sabziwala.dk/wp-content/uploads/2022/02/img_3829.jpeg,,0.0,0,https://www.sabziwala.dk/product/tamarind-imli-sauce/,,260g
9838,Mango chilli sauce,mango-chilli-sauce,25.0,25.0,,False,DKK,kr.,True,"Pickle, Paste and Sauce","Pickle, Paste and Sauce",https://www.sabziwala.dk/wp-content/uploads/2022/02/img_3830-scaled.jpeg,https://www.sabziwala.dk/wp-content/uploads/2022/02/img_3830-scaled.jpeg,,0.0,0,https://www.sabziwala.dk/product/mango-chilli-sauce/,,
9836,Tamarind Sauce 425g,tamarind-sauce,38.0,38.0,,False,DKK,kr.,True,"Pickle, Paste and Sauce","Pickle, Paste and Sauce; Sauce",https://www.sabziwala.dk/wp-content/uploads/2022/02/img_3831-1-scaled.jpeg,https://www.sabziwala.dk/wp-content/uploads/2022/02/img_3831-1-scaled.jpeg,,0.0,0,https://www.sabziwala.dk/product/tamarind-sauce/,,Maggi
9832,Plum Chutney 400g,product-2,25.0,25.0,,False,DKK,kr.,True,"Pickle, Paste and Sauce","Pickle, Paste and Sauce",https://www.sabziwala.dk/wp-content/uploads/2022/02/img_3832.jpeg,https://www.sabziwala.dk/wp-content/uploads/2022/02/img_3832.jpeg,,0.0,0,https://www.sabziwala.dk/product/product-2/,,400g
9831,Plum Chutney 420g,plum-chutney,25.0,25.0,,False,DKK,kr.,True,"Pickle, Paste and Sauce","Pickle, Paste and Sauce",https://www.sabziwala.dk/wp-content/uploads/2022/02/img_3833.jpeg,https://www.sabziwala.dk/wp-content/uploads/2022/02/img_3833.jpeg,,0.0,0,https://www.sabziwala.dk/product/plum-chutney/,,MITCHELL’S
9829,Peri Peri sauce,peri-peri-sauce,25.0,25.0,,False,DKK,kr.,True,"Pickle, Paste and Sauce","Pickle, Paste and Sauce",https://www.sabziwala.dk/wp-content/uploads/2022/02/img_3834.jpeg,https://www.sabziwala.dk/wp-content/uploads/2022/02/img_3834.jpeg,,0.0,0,https://www.sabziwala.dk/product/peri-peri-sauce/,,125g
9825,Maggi arome,maggi-arome,20.0,20.0,,False,DKK,kr.,True,"Pickle, Paste and Sauce","Pickle, Paste and Sauce",https://www.sabziwala.dk/wp-content/uploads/2022/02/img_3836-1-scaled.jpeg,https://www.sabziwala.dk/wp-content/uploads/2022/02/img_3836-1-scaled.jpeg,,0.0,0,https://www.sabziwala.dk/product/maggi-arome/,,160ml
9822,Lemon juice,lemon-juice,15.0,15.0,,False,DKK,kr.,True,"Pickle, Paste and Sauce","Pickle, Paste and Sauce",https://www.sabziwala.dk/wp-content/uploads/2022/02/img_3837-scaled.jpeg,https://www.sabziwala.dk/wp-content/uploads/2022/02/img_3837-scaled.jpeg,,0.0,0,https://www.sabziwala.dk/product/lemon-juice/,,250 ml
9820,Saffron chai,saffron-chai,48.0,48.0,,False,DKK,kr.,True,Tea & Coffe,Tea & Coffe,https://www.sabziwala.dk/wp-content/uploads/2022/01/DE5693E9-E129-4FBF-B99B-ADB070BE46FF-scaled.jpeg,https://www.sabziwala.dk/wp-content/uploads/2022/01/DE5693E9-E129-4FBF-B99B-ADB070BE46FF-scaled.jpeg,,0.0,0,https://www.sabziwala.dk/product/saffron-chai/,,10 cups serving size
9819,Masala chai,masala-chai,42.0,42.0,,False,DKK,kr.,True,Tea & Coffe,Tea & Coffe,https://www.sabziwala.dk/wp-content/uploads/2022/01/73D709E5-DF47-411E-80AB-441E0F515050-scaled.jpeg,https://www.sabziwala.dk/wp-content/uploads/2022/01/73D709E5-DF47-411E-80AB-441E0F515050-scaled.jpeg,,0.0,0,https://www.sabziwala.dk/product/masala-chai/,,10 cups serving size
9818,Kashmiri Pink Chai,kashmiri-pink-chai,48.0,48.0,,False,DKK,kr.,True,Tea & Coffe,Tea & Coffe,https://www.sabziwala.dk/wp-content/uploads/2022/01/02F9753B-B01C-4F5F-9E1A-BB3751D45D35-scaled.jpeg,https://www.sabziwala.dk/wp-content/uploads/2022/01/02F9753B-B01C-4F5F-9E1A-BB3751D45D35-scaled.jpeg,,0.0,0,https://www.sabziwala.dk/product/kashmiri-pink-chai/,,10 cups serving size
9817,Ginger Chai,ginger-chai,42.0,42.0,,False,DKK,kr.,True,Tea & Coffe,Tea & Coffe,https://www.sabziwala.dk/wp-content/uploads/2022/01/4A8F1E6E-5A73-4BCE-8BFD-443F1FD27DBC-scaled.jpeg,https://www.sabziwala.dk/wp-content/uploads/2022/01/4A8F1E6E-5A73-4BCE-8BFD-443F1FD27DBC-scaled.jpeg,,0.0,0,https://www.sabziwala.dk/product/ginger-chai/,,10 cups serving size
9816,Elaichi chai,elaichi-chai,42.0,42.0,,False,DKK,kr.,True,Tea & Coffe,Tea & Coffe,https://www.sabziwala.dk/wp-content/uploads/2022/01/170BB684-71E2-4A4E-A3B0-1470F8F02010-scaled.jpeg,https://www.sabziwala.dk/wp-content/uploads/2022/01/170BB684-71E2-4A4E-A3B0-1470F8F02010-scaled.jpeg,,0.0,0,https://www.sabziwala.dk/product/elaichi-chai/,,10 cups serving size
9815,Royal chai,royal-chai,48.0,48.0,,False,DKK,kr.,True,Tea & Coffe,Tea & Coffe,https://www.sabziwala.dk/wp-content/uploads/2022/01/B58847DD-F877-43FA-BAD6-8D6A383530E0-scaled.jpeg,https://www.sabziwala.dk/wp-content/uploads/2022/01/B58847DD-F877-43FA-BAD6-8D6A383530E0-scaled.jpeg,,0.0,0,https://www.sabziwala.dk/product/royal-chai/,,Karak chai 10 cups serving size
9814,Tea masala,tea-masala,18.0,18.0,,False,DKK,kr.,True,Ready Masala,Ready Masala; Tea & Coffe,https://www.sabziwala.dk/wp-content/uploads/2022/01/7AED4D77-8B21-4E2A-A52B-8B62A0615A44-scaled.jpeg,https://www.sabziwala.dk/wp-content/uploads/2022/01/7AED4D77-8B21-4E2A-A52B-8B62A0615A44-scaled.jpeg,,0.0,0,https://www.sabziwala.dk/product/tea-masala/,,Spice mix for masala tea
9813,Good Day Biscuits 720g,good-day,60.0,60.0,,False,DKK,kr.,True,Cake Rusk & Cookies,Cake Rusk & Cookies,https://www.sabziwala.dk/wp-content/uploads/2022/01/362CDCE0-F6D7-4554-A9EA-09AB2551D875-scaled.jpeg,https://www.sabziwala.dk/wp-content/uploads/2022/01/362CDCE0-F6D7-4554-A9EA-09AB2551D875-scaled.jpeg,,0.0,0,https://www.sabziwala.dk/product/good-day/,,Butter cookies (family pack)
9812,Butter Delight,butter-delight,35.0,35.0,,False,DKK,kr.,True,Cake Rusk & Cookies,Cake Rusk & Cookies,https://www.sabziwala.dk/wp-content/uploads/2022/01/553CB4EA-A978-42FC-8B1D-718A20B5C9D6-scaled.jpeg,https://www.sabziwala.dk/wp-content/uploads/2022/01/553CB4EA-A978-42FC-8B1D-718A20B5C9D6-scaled.jpeg,,0.0,0,https://www.sabziwala.dk/product/butter-delight/,,Family pack
9811,Good Day Biscuits 720g,good-day-biscuits-2,60.0,60.0,,False,DKK,kr.,True,Cake Rusk & Cookies,Cake Rusk & Cookies,https://www.sabziwala.dk/wp-content/uploads/2022/02/BritanniaGoodayCashewCookies720gm_grande_6e362b19-7a03-401b-84c6-03d7203f0332_grande.webp,https://www.sabziwala.dk/wp-content/uploads/2022/02/BritanniaGoodayCashewCookies720gm_grande_6e362b19-7a03-401b-84c6-03d7203f0332_grande.webp,,0.0,0,https://www.sabziwala.dk/product/good-day-biscuits-2/,,Chashew cookie
9810,Britannia 50/50,britannia-50-50,30.0,30.0,,False,DKK,kr.,True,Cake Rusk & Cookies,Cake Rusk & Cookies,https://www.sabziwala.dk/wp-content/uploads/2022/01/B6322C32-1AC9-41C0-AE1D-C7A8CE68EA4B-scaled.jpeg,https://www.sabziwala.dk/wp-content/uploads/2022/01/B6322C32-1AC9-41C0-AE1D-C7A8CE68EA4B-scaled.jpeg,,0.0,0,https://www.sabziwala.dk/product/britannia-50-50/,,Sweet and salty
9809,Wafer’s mini ( nuts cream),wafers-mini-nuts-cream,0.0,0.0,,False,DKK,kr.,True,Cake Rusk & Cookies,Cake Rusk & Cookies,https://www.sabziwala.dk/wp-content/uploads/2022/01/A9E4CB16-E154-48DF-AB20-D6AC99CE61A3-scaled.jpeg,https://www.sabziwala.dk/wp-content/uploads/2022/01/A9E4CB16-E154-48DF-AB20-D6AC99CE61A3-scaled.jpeg,,0.0,0,https://www.sabziwala.dk/product/wafers-mini-nuts-cream/,,
9808,Trancetto (cream filling),trancetto-cream-filling,0.0,0.0,,False,DKK,kr.,True,Cake Rusk & Cookies,Cake Rusk & Cookies,https://www.sabziwala.dk/wp-content/uploads/2022/01/B0952485-524A-4229-BD38-0AD666ABFC18-scaled.jpeg,https://www.sabziwala.dk/wp-content/uploads/2022/01/B0952485-524A-4229-BD38-0AD666ABFC18-scaled.jpeg,,0.0,0,https://www.sabziwala.dk/product/trancetto-cream-filling/,,
9807,BAKAR KHANI,bakar-khani,40.0,40.0,,False,DKK,kr.,True,Bakery & Dairy,Bakery & Dairy; Cake Rusk & Cookies,https://www.sabziwala.dk/wp-content/uploads/2022/01/0D132BAF-B7EB-43BE-AE79-BFE907589063-scaled.jpeg,https://www.sabziwala.dk/wp-content/uploads/2022/01/0D132BAF-B7EB-43BE-AE79-BFE907589063-scaled.jpeg,,0.0,0,https://www.sabziwala.dk/product/bakar-khani/,,
9806,Coconut Biscuits,coconut-biscuits,20.0,20.0,,False,DKK,kr.,True,Cake Rusk & Cookies,Cake Rusk & Cookies; KCB Snacks,https://www.sabziwala.dk/wp-content/uploads/2022/01/82040DA0-18C5-4FA9-B31E-BD92054AE88A-scaled.jpeg,https://www.sabziwala.dk/wp-content/uploads/2022/01/82040DA0-18C5-4FA9-B31E-BD92054AE88A-scaled.jpeg,,0.0,0,https://www.sabziwala.dk/product/coconut-biscuits/,,
9805,Marie biscuits,marie-biscuits,0.0,0.0,,False,DKK,kr.,True,Cake Rusk & Cookies,Cake Rusk & Cookies,https://www.sabziwala.dk/wp-content/uploads/2022/01/2E932D55-4133-45B2-A78F-5FBE16A2EE9A-scaled.jpeg,https://www.sabziwala.dk/wp-content/uploads/2022/01/2E932D55-4133-45B2-A78F-5FBE16A2EE9A-scaled.jpeg,,0.0,0,https://www.sabziwala.dk/product/marie-biscuits/,,
9804,Curry Leaves Biscuits,curry-leaves-biscuits,12.0,12.0,,False,DKK,kr.,True,Cake Rusk & Cookies,Cake Rusk & Cookies,https://www.sabziwala.dk/wp-content/uploads/2022/01/07B76CCF-12B2-47ED-A9BD-02F545B0A1DF-scaled.jpeg,https://www.sabziwala.dk/wp-content/uploads/2022/01/07B76CCF-12B2-47ED-A9BD-02F545B0A1DF-scaled.jpeg,,0.0,0,https://www.sabziwala.dk/product/curry-leaves-biscuits/,,
9803,Wafer’s nuts,wafers-nuts,0.0,0.0,,False,DKK,kr.,True,Cake Rusk & Cookies,Cake Rusk & Cookies,https://www.sabziwala.dk/wp-content/uploads/2022/01/5590D4B5-C0AF-4CFB-8509-7C78127469B7-scaled.jpeg,https://www.sabziwala.dk/wp-content/uploads/2022/01/5590D4B5-C0AF-4CFB-8509-7C78127469B7-scaled.jpeg,,0.0,0,https://www.sabziwala.dk/product/wafers-nuts/,,
9802,Butter delight biscuits,product,10.0,10.0,,False,DKK,kr.,True,Cake Rusk & Cookies,Cake Rusk & Cookies,https://www.sabziwala.dk/wp-content/uploads/2022/01/3AF433BB-61D0-4EDE-9D0C-447C61870B3A-scaled.jpeg,https://www.sabziwala.dk/wp-content/uploads/2022/01/3AF433BB-61D0-4EDE-9D0C-447C61870B3A-scaled.jpeg,,0.0,0,https://www.sabziwala.dk/product/product/,,
9801,Good Day Biscuits 72Gr,good-day-cashew,10.0,10.0,,False,DKK,kr.,True,Cake Rusk & Cookies,Cake Rusk & Cookies,https://www.sabziwala.dk/wp-content/uploads/2022/01/32F69F56-46A1-41B5-BD41-E6DE0E33CF3C-scaled.jpeg,https://www.sabziwala.dk/wp-content/uploads/2022/01/32F69F56-46A1-41B5-BD41-E6DE0E33CF3C-scaled.jpeg,,0.0,0,https://www.sabziwala.dk/product/good-day-cashew/,,Cashew Cookies
9800,Good Day Biscuits 72Gr,good-day-butter,10.0,10.0,,False,DKK,kr.,True,Cake Rusk & Cookies,Cake Rusk & Cookies,https://www.sabziwala.dk/wp-content/uploads/2022/01/057B71BC-5EBC-4207-BE97-C111B388009A-scaled.jpeg,https://www.sabziwala.dk/wp-content/uploads/2022/01/057B71BC-5EBC-4207-BE97-C111B388009A-scaled.jpeg,,0.0,0,https://www.sabziwala.dk/product/good-day-butter/,,Butter Cookies
9799,Tiger biscuits,tiger-biscuits,12.0,12.0,,False,DKK,kr.,True,Cake Rusk & Cookies,Cake Rusk & Cookies,https://www.sabziwala.dk/wp-content/uploads/2022/01/07716BB4-7BE4-4E99-B241-81BFCD2DA5B1-scaled.jpeg,https://www.sabziwala.dk/wp-content/uploads/2022/01/07716BB4-7BE4-4E99-B241-81BFCD2DA5B1-scaled.jpeg,3,0.0,0,https://www.sabziwala.dk/product/tiger-biscuits/,,
9798,TUC Biscuits,tuc-biscuits,15.0,15.0,,False,DKK,kr.,True,Cake Rusk & Cookies,Cake Rusk & Cookies,https://www.sabziwala.dk/wp-content/uploads/2022/01/71CD9E97-F6FD-4AE4-9493-8F37794A61AE-scaled.jpeg,https://www.sabziwala.dk/wp-content/uploads/2022/01/71CD9E97-F6FD-4AE4-9493-8F37794A61AE-scaled.jpeg,,0.0,0,https://www.sabziwala.dk/product/tuc-biscuits/,,
9797,Zeera Biscuits,zeera-biscuits,12.0,12.0,,False,DKK,kr.,True,Cake Rusk & Cookies,Cake Rusk & Cookies,https://www.sabziwala.dk/wp-content/uploads/2022/01/D9AF04DC-336D-49A1-A888-7E6624F66D8E-scaled.jpeg,https://www.sabziwala.dk/wp-content/uploads/2022/01/D9AF04DC-336D-49A1-A888-7E6624F66D8E-scaled.jpeg,,0.0,0,https://www.sabziwala.dk/product/zeera-biscuits/,,
9795,Masala Papri,masala-papri-2,0.0,0.0,,False,DKK,kr.,True,Snack & savories,Snack & savories,https://www.sabziwala.dk/wp-content/uploads/2022/01/B4FE2D7C-EC2D-46D3-8C6E-6ED1EB15C587-scaled.jpeg,https://www.sabziwala.dk/wp-content/uploads/2022/01/B4FE2D7C-EC2D-46D3-8C6E-6ED1EB15C587-scaled.jpeg,,0.0,0,https://www.sabziwala.dk/product/masala-papri-2/,,
9794,Soan Papdi,soan-papdi,30.0,30.0,,False,DKK,kr.,True,Cake Rusk & Cookies,Cake Rusk & Cookies; Mithai Sweets & Mouth Freshner,https://www.sabziwala.dk/wp-content/uploads/2022/01/8A29064A-84DE-4CDB-8259-F77E062F8668-scaled.jpeg,https://www.sabziwala.dk/wp-content/uploads/2022/01/8A29064A-84DE-4CDB-8259-F77E062F8668-scaled.jpeg,,0.0,0,https://www.sabziwala.dk/product/soan-papdi/,,
9793,Dry Petha 400g,dry-petha,40.0,40.0,,False,DKK,kr.,True,Mithai Sweets & Mouth Freshner,Mithai Sweets & Mouth Freshner,https://www.sabziwala.dk/wp-content/uploads/2022/01/92B7E7E4-00A5-4908-89F1-A8FF2835988F-scaled.jpeg,https://www.sabziwala.dk/wp-content/uploads/2022/01/92B7E7E4-00A5-4908-89F1-A8FF2835988F-scaled.jpeg,,0.0,0,https://www.sabziwala.dk/product/dry-petha/,,
9792,Halva,halva,55.0,55.0,,False,DKK,kr.,True,Cake Rusk & Cookies,Cake Rusk & Cookies; Mithai Sweets & Mouth Freshner,https://www.sabziwala.dk/wp-content/uploads/2022/01/66410223-B968-41DA-AA25-149F40E4DC9F-scaled.jpeg,https://www.sabziwala.dk/wp-content/uploads/2022/01/66410223-B968-41DA-AA25-149F40E4DC9F-scaled.jpeg,,0.0,0,https://www.sabziwala.dk/product/halva/,,
9791,Good Day Biscuits 72 Gr,good-day-biscuits,10.0,10.0,,False,DKK,kr.,True,Cake Rusk & Cookies,Cake Rusk & Cookies,https://www.sabziwala.dk/wp-content/uploads/2022/01/96FB7159-AEC5-4F26-BB27-6927B2DBB197-scaled.jpeg,https://www.sabziwala.dk/wp-content/uploads/2022/01/96FB7159-AEC5-4F26-BB27-6927B2DBB197-scaled.jpeg,,0.0,0,https://www.sabziwala.dk/product/good-day-biscuits/,,Pistachio- Almond Cookies
9790,Gala Biscits,egg-biscuits,12.0,12.0,,False,DKK,kr.,True,Cake Rusk & Cookies,Cake Rusk & Cookies,https://www.sabziwala.dk/wp-content/uploads/2022/01/E8C48CC4-966F-47F6-8CE7-093BFA3DE332-scaled.jpeg,https://www.sabziwala.dk/wp-content/uploads/2022/01/E8C48CC4-966F-47F6-8CE7-093BFA3DE332-scaled.jpeg,,0.0,0,https://www.sabziwala.dk/product/egg-biscuits/,,Gala
9789,Peanut Laddu,peanut-laddu,20.0,20.0,,False,DKK,kr.,True,Cake Rusk & Cookies,Cake Rusk & Cookies; Dry fruits and Nuts,https://www.sabziwala.dk/wp-content/uploads/2022/01/EAFDBC97-EBBA-4885-957B-D5DD2747E819-scaled.jpeg,https://www.sabziwala.dk/wp-content/uploads/2022/01/EAFDBC97-EBBA-4885-957B-D5DD2747E819-scaled.jpeg,,0.0,0,https://www.sabziwala.dk/product/peanut-laddu/,,
9788,Pista Biscuits,pista-biscuits,25.0,25.0,,False,DKK,kr.,True,Cake Rusk & Cookies,Cake Rusk & Cookies,https://www.sabziwala.dk/wp-content/uploads/2022/01/0BF4A5CF-9448-44C6-A710-995322F8596C-scaled.jpeg,https://www.sabziwala.dk/wp-content/uploads/2022/01/0BF4A5CF-9448-44C6-A710-995322F8596C-scaled.jpeg,,0.0,0,https://www.sabziwala.dk/product/pista-biscuits/,,
9787,Jeera Biscuits,jeera-biscuits,25.0,25.0,,False,DKK,kr.,True,Cake Rusk & Cookies,Cake Rusk & Cookies; Snack & savories,https://www.sabziwala.dk/wp-content/uploads/2022/01/1C1B1210-B2DB-449D-B33E-CBB5D63CD51F-scaled.jpeg,https://www.sabziwala.dk/wp-content/uploads/2022/01/1C1B1210-B2DB-449D-B33E-CBB5D63CD51F-scaled.jpeg,,0.0,0,https://www.sabziwala.dk/product/jeera-biscuits/,,12 Delicious Biscuits with Cumin Seeds
9786,Wafers Mini’s,wafers-minis,0.0,0.0,,False,DKK,kr.,True,Cake Rusk & Cookies,Cake Rusk & Cookies,https://www.sabziwala.dk/wp-content/uploads/2022/01/BD6A9783-D047-41AF-820C-6F22DD150D7F-scaled.jpeg,https://www.sabziwala.dk/wp-content/uploads/2022/01/BD6A9783-D047-41AF-820C-6F22DD150D7F-scaled.jpeg,,0.0,0,https://www.sabziwala.dk/product/wafers-minis/,,
9785,Wafers 180g,wafers-180g,0.0,0.0,,False,DKK,kr.,True,Cake Rusk & Cookies,Cake Rusk & Cookies,https://www.sabziwala.dk/wp-content/uploads/2022/01/AD01BD47-1B64-4390-BBF6-7D093C5C57EA-scaled.jpeg,https://www.sabziwala.dk/wp-content/uploads/2022/01/AD01BD47-1B64-4390-BBF6-7D093C5C57EA-scaled.jpeg,,0.0,0,https://www.sabziwala.dk/product/wafers-180g/,,
9784,Tea Rusk,tea-rusk-2,0.0,0.0,,False,DKK,kr.,True,Cake Rusk & Cookies,Cake Rusk & Cookies; Regal's Snacks,https://www.sabziwala.dk/wp-content/uploads/2022/01/2CF948C0-E700-4BD2-8664-42DAC8B96118-scaled.jpeg,https://www.sabziwala.dk/wp-content/uploads/2022/01/2CF948C0-E700-4BD2-8664-42DAC8B96118-scaled.jpeg,,0.0,0,https://www.sabziwala.dk/product/tea-rusk-2/,,
9783,Tea Rusk,tea-rusk,0.0,0.0,,False,DKK,kr.,True,Cake Rusk & Cookies,Cake Rusk & Cookies,https://www.sabziwala.dk/wp-content/uploads/2022/01/CD39A4BA-679C-43E0-86C8-BFC66249F422-scaled.jpeg,https://www.sabziwala.dk/wp-content/uploads/2022/01/CD39A4BA-679C-43E0-86C8-BFC66249F422-scaled.jpeg,,0.0,0,https://www.sabziwala.dk/product/tea-rusk/,,
9782,Cake Rusk (Special) Tray 21pc,cake-rusk-special,48.0,48.0,,False,DKK,kr.,True,Cake Rusk & Cookies,Cake Rusk & Cookies,https://www.sabziwala.dk/wp-content/uploads/2022/02/special_cake_rusk.jpg.mst_.webp,https://www.sabziwala.dk/wp-content/uploads/2022/02/special_cake_rusk.jpg.mst_.webp,,0.0,0,https://www.sabziwala.dk/product/cake-rusk-special/,,"Everything about this milk tea rusk is special. Regal cake rusk is a crunchy, double-baked cake rusk bar with a crisp taste, perfect with tea or coffee and suitable for both morning and evening snacking. The cake rusk is a special Indian version of Italian biscotti and made the same way. Manufactured with love and the finest ingredients in our pantry, this milk rusk is sure to make teatime memorable for you and your loved ones. Milk cake rusk is prepared using our special double baking recipe. It goes into the oven twice until it achieves the perfect balance between the gold crunchiness and the delectable flavour. Each family pack contains 21 whole pieces of milk rusk baked to absolute perfection. Ingredients Fortified Wheat Flour ( Wheat Flour, Calcium Carbonate, Iron, Niacin, Thiamin), Eggs , Sugar, Vegetable Oil (Palm, Rapeseed, Palm Fractions), Milk Powder, Raising Agent (E450, E500), Colour (E161b) Nutritional Information Per Piece Per 100g Energy (kJ) 683 2277 Energy (kCal) 163 543 Fat 8.29 27.62 of which Saturates 3.22 10.73 Carbohydrates 18.86 62.85 of which sugars 10.02 33.4 Protien 2.97 9.9 Fibre – – Salt 0.29 0.96"
9781,Cake Rusk No Added Sugar (18pcs),cake-rusk-regal,18.0,18.0,,False,DKK,kr.,False,Cake Rusk & Cookies,Cake Rusk & Cookies,https://www.sabziwala.dk/wp-content/uploads/2022/02/cake_rusk_no_added_sugar_18pc.jpg.mst_.webp,https://www.sabziwala.dk/wp-content/uploads/2022/02/cake_rusk_no_added_sugar_18pc.jpg.mst_.webp,,0.0,0,https://www.sabziwala.dk/product/cake-rusk-regal/,,"A version of our crunchy, double-baked cake with no sugar added, but the same crisp, delicious taste. Ideal morning and evening snack for anyone who is dieting or cutting down on their calorie intake. Goes well with a wide variety of hot beverages like tea and coffee. Cake Rusk is the Indian version of Italian biscotti and is prepared much the same way. First, the batter is hand-blended with love and then placed in an oven. It is baked twice to give it its unique dry texture that goes well with all types of teas and coffee. Each pack contains 18 whole pieces of sugar-free cake rusk, baked to crisp perfection. Ingredients Fortified Wheat Flour ( Wheat Flour, Calcium Carbonate, Iron, Niacin, Thiamin), Vegetable Oil (Rapeseed Oil), Whole Eggs , Fresh Milk , Maltitol, Polydextrose, Lactitol ( Milk ), Raising Agent (E450a,E500), Milk Powder Nutritional Information Per Piece Per 100g Energy (kJ) 421 2005 Energy (kCal) 100 476 Fat 4.84 23.03 of which Saturates 1.73 8.25 Carbohydrates 35.33 168.16 of which sugars 0.34 1.62 Protien 1.85 8.83 Fibre – – Salt 0.23 1.07"
9780,Zeera Cookies,zeera-cookies,25.0,25.0,,False,DKK,kr.,True,Cake Rusk & Cookies,Cake Rusk & Cookies,https://www.sabziwala.dk/wp-content/uploads/2022/01/13B1244C-98AC-494E-9505-5D0053196031-scaled.jpeg,https://www.sabziwala.dk/wp-content/uploads/2022/01/13B1244C-98AC-494E-9505-5D0053196031-scaled.jpeg,,0.0,0,https://www.sabziwala.dk/product/zeera-cookies/,,
9779,Cake Rusk (200g),cake-rusk-200g,0.0,0.0,,False,DKK,kr.,False,Cake Rusk & Cookies,Cake Rusk & Cookies,https://www.sabziwala.dk/wp-content/uploads/2022/01/E5987262-D7CF-4CCA-96E5-82BF930F0F6A-scaled.jpeg,https://www.sabziwala.dk/wp-content/uploads/2022/01/E5987262-D7CF-4CCA-96E5-82BF930F0F6A-scaled.jpeg,,0.0,0,https://www.sabziwala.dk/product/cake-rusk-200g/,,
9778,Cake Rusk (Ambala),cake-rusk-ambala,0.0,0.0,,False,DKK,kr.,False,Cake Rusk & Cookies,Cake Rusk & Cookies,https://www.sabziwala.dk/wp-content/uploads/2022/01/6BA4E890-19E6-49C6-81AA-A1A8514E4D23-scaled.jpeg,https://www.sabziwala.dk/wp-content/uploads/2022/01/6BA4E890-19E6-49C6-81AA-A1A8514E4D23-scaled.jpeg,,0.0,0,https://www.sabziwala.dk/product/cake-rusk-ambala/,,
9777,Dry Cake,cake-rusk-2,35.0,35.0,,False,DKK,kr.,True,Cake Rusk & Cookies,Cake Rusk & Cookies,https://www.sabziwala.dk/wp-content/uploads/2024/04/42836.jpg,https://www.sabziwala.dk/wp-content/uploads/2024/04/42836.jpg,,0.0,0,https://www.sabziwala.dk/product/cake-rusk-2/,,Britannia
9776,Cake Rusk,cake-rusk,58.0,58.0,,False,DKK,kr.,False,Cake Rusk & Cookies,Cake Rusk & Cookies,https://www.sabziwala.dk/wp-content/uploads/2022/01/73DC137F-AA2F-4029-BB13-236DCFFBAEE4-scaled.jpeg,https://www.sabziwala.dk/wp-content/uploads/2022/01/73DC137F-AA2F-4029-BB13-236DCFFBAEE4-scaled.jpeg,,0.0,0,https://www.sabziwala.dk/product/cake-rusk/,,KCB
9709,CHEKODILU,chekodilu,15.0,15.0,,False,DKK,kr.,True,Snack & savories,Snack & savories,https://www.sabziwala.dk/wp-content/uploads/2022/01/2f33e64c-2ea7-4e57-8c08-9278b8700f06-e1642196525143.jpg,https://www.sabziwala.dk/wp-content/uploads/2022/01/2f33e64c-2ea7-4e57-8c08-9278b8700f06-e1642196525143.jpg,,0.0,0,https://www.sabziwala.dk/product/chekodilu/,,
9707,KERALA MIXTURE,kerala-mixture,0.0,0.0,,False,DKK,kr.,True,Snack & savories,Snack & savories,https://www.sabziwala.dk/wp-content/uploads/2022/01/fe0b8160-d942-45b3-8695-1b10b9fb3014-e1642196421518.jpg,https://www.sabziwala.dk/wp-content/uploads/2022/01/fe0b8160-d942-45b3-8695-1b10b9fb3014-e1642196421518.jpg,,0.0,0,https://www.sabziwala.dk/product/kerala-mixture/,,
9705,MULLU MURUKULU,mullu-murukulu,0.0,0.0,,False,DKK,kr.,True,Snack & savories,Snack & savories,https://www.sabziwala.dk/wp-content/uploads/2022/01/23ac95f0-f6c6-489a-81c7-39db4c1cd46a-e1642196315558.jpg,https://www.sabziwala.dk/wp-content/uploads/2022/01/23ac95f0-f6c6-489a-81c7-39db4c1cd46a-e1642196315558.jpg,,0.0,0,https://www.sabziwala.dk/product/mullu-murukulu/,,
9701,SAKINALU (SPICY),sakinalu-spicy,0.0,0.0,,False,DKK,kr.,True,Snack & savories,Snack & savories,https://www.sabziwala.dk/wp-content/uploads/2022/01/e560d1a7-32e0-4e65-976c-d03ee2565162-e1642196077781.jpg,https://www.sabziwala.dk/wp-content/uploads/2022/01/e560d1a7-32e0-4e65-976c-d03ee2565162-e1642196077781.jpg,,0.0,0,https://www.sabziwala.dk/product/sakinalu-spicy/,,
9699,MADRAS MIXTURE,madras-mixture,0.0,0.0,,False,DKK,kr.,True,Snack & savories,Snack & savories,https://www.sabziwala.dk/wp-content/uploads/2022/01/23404fc5-f8fc-4cbb-8516-700c648d115d-e1642195852179.jpg,https://www.sabziwala.dk/wp-content/uploads/2022/01/23404fc5-f8fc-4cbb-8516-700c648d115d-e1642195852179.jpg,,0.0,0,https://www.sabziwala.dk/product/madras-mixture/,,
9695,ATUKULA MIXTURE,atukula-mixture,0.0,0.0,,False,DKK,kr.,True,Snack & savories,Snack & savories,https://www.sabziwala.dk/wp-content/uploads/2022/01/35fcc3d0-f021-47b8-9fa5-fa831dc3e9f1-e1642195599562.jpg,https://www.sabziwala.dk/wp-content/uploads/2022/01/35fcc3d0-f021-47b8-9fa5-fa831dc3e9f1-e1642195599562.jpg,,0.0,0,https://www.sabziwala.dk/product/atukula-mixture/,,
9693,KARAPUSA,karapusa,0.0,0.0,,False,DKK,kr.,True,Snack & savories,Snack & savories,https://www.sabziwala.dk/wp-content/uploads/2022/01/d72843a3-5668-4c71-bdc3-c6678432de45-e1642195500220.jpg,https://www.sabziwala.dk/wp-content/uploads/2022/01/d72843a3-5668-4c71-bdc3-c6678432de45-e1642195500220.jpg,,0.0,0,https://www.sabziwala.dk/product/karapusa/,,
9689,KURKURE (CHILLI CHATKA ),kurkure-chilli-chatka,15.0,15.0,,False,DKK,kr.,True,Snack & savories,Snack & savories,https://www.sabziwala.dk/wp-content/uploads/2022/01/b7e826d3-0688-43de-8e2c-6b274df373b6-e1642194889186.jpg,https://www.sabziwala.dk/wp-content/uploads/2022/01/b7e826d3-0688-43de-8e2c-6b274df373b6-e1642194889186.jpg,,0.0,0,https://www.sabziwala.dk/product/kurkure-chilli-chatka/,,
9687,KURKURE (GREEN CHUTNEY STYLE),kurkure-green-chutney-style,15.0,15.0,,False,DKK,kr.,True,Snack & savories,Snack & savories,https://www.sabziwala.dk/wp-content/uploads/2022/01/672dfa7d-9e15-4597-a780-a487e33eab2b-e1642194758791.jpg,https://www.sabziwala.dk/wp-content/uploads/2022/01/672dfa7d-9e15-4597-a780-a487e33eab2b-e1642194758791.jpg,,0.0,0,https://www.sabziwala.dk/product/kurkure-green-chutney-style/,,
9685,KURKURE (SOLID MASTI ),kurkure-solid-masti,15.0,15.0,,False,DKK,kr.,True,Snack & savories,Snack & savories,https://www.sabziwala.dk/wp-content/uploads/2022/01/4457668d-12e7-4053-87f2-8ffbb4cd89a4-e1642194604150.jpg,https://www.sabziwala.dk/wp-content/uploads/2022/01/4457668d-12e7-4053-87f2-8ffbb4cd89a4-e1642194604150.jpg,,0.0,0,https://www.sabziwala.dk/product/kurkure-solid-masti/,MASALA TWISTEEZ,
9683,PRINGLES ( SOUR CREAM & ONION ),pringles-sour-cream-onion,0.0,0.0,,False,DKK,kr.,True,Snack & savories,Snack & savories,https://www.sabziwala.dk/wp-content/uploads/2022/01/fecb89d0-3062-4d17-98b6-e7477fdea953-e1642194419841.jpg,https://www.sabziwala.dk/wp-content/uploads/2022/01/fecb89d0-3062-4d17-98b6-e7477fdea953-e1642194419841.jpg,,0.0,0,https://www.sabziwala.dk/product/pringles-sour-cream-onion/,,
9681,PRINGLES ORIGINAL,pringles-original,0.0,0.0,,False,DKK,kr.,True,Snack & savories,Snack & savories,https://www.sabziwala.dk/wp-content/uploads/2022/01/f35e6fb7-22c1-48e7-ac71-cd4b974428f8-e1642194247700.jpg,https://www.sabziwala.dk/wp-content/uploads/2022/01/f35e6fb7-22c1-48e7-ac71-cd4b974428f8-e1642194247700.jpg,,0.0,0,https://www.sabziwala.dk/product/pringles-original/,,
9679,PINKO FISTO,pinko-fisto,0.0,0.0,,False,DKK,kr.,True,Snack & savories,Snack & savories,https://www.sabziwala.dk/wp-content/uploads/2022/01/08b05e95-4c08-47c7-b5bb-321e773e6b56-e1642193980475.jpg,https://www.sabziwala.dk/wp-content/uploads/2022/01/08b05e95-4c08-47c7-b5bb-321e773e6b56-e1642193980475.jpg,,0.0,0,https://www.sabziwala.dk/product/pinko-fisto/,,
9677,LAYS (SPANISH TOMATO TANGO),lays-spanish-tomato-tango,15.0,15.0,,False,DKK,kr.,False,Snack & savories,Snack & savories,https://www.sabziwala.dk/wp-content/uploads/2022/01/e0e51159-8c2e-4d5d-b05c-3a1ca3c6596a-e1642193634915.jpg,https://www.sabziwala.dk/wp-content/uploads/2022/01/e0e51159-8c2e-4d5d-b05c-3a1ca3c6596a-e1642193634915.jpg,,0.0,0,https://www.sabziwala.dk/product/lays-spanish-tomato-tango/,,
9674,PHOOL MAKHANA,phool-makhana,0.0,0.0,,False,DKK,kr.,True,Snack & savories,Snack & savories,https://www.sabziwala.dk/wp-content/uploads/2022/01/5a534b10-d804-460e-b7ba-3ef1ee77349e-e1642193495295.jpg,https://www.sabziwala.dk/wp-content/uploads/2022/01/5a534b10-d804-460e-b7ba-3ef1ee77349e-e1642193495295.jpg,,0.0,0,https://www.sabziwala.dk/product/phool-makhana/,,
9672,SEV MAMMRA,sev-mammra,0.0,0.0,,False,DKK,kr.,True,Regal's Snacks,Regal's Snacks,https://www.sabziwala.dk/wp-content/uploads/2022/01/3dbef10c-5db5-4b17-ad9c-d4e9da3b5f52-e1642193098716.jpg,https://www.sabziwala.dk/wp-content/uploads/2022/01/3dbef10c-5db5-4b17-ad9c-d4e9da3b5f52-e1642193098716.jpg,,0.0,0,https://www.sabziwala.dk/product/sev-mammra/,,
9669,Green Peas,green-peas,23.0,23.0,,False,DKK,kr.,True,Snack & savories,Snack & savories,https://www.sabziwala.dk/wp-content/uploads/2022/01/11e8380b-7e4b-4aad-8153-4801779972a6-e1642180300485.jpg,https://www.sabziwala.dk/wp-content/uploads/2022/01/11e8380b-7e4b-4aad-8153-4801779972a6-e1642180300485.jpg,,0.0,0,https://www.sabziwala.dk/product/green-peas/,,
9667,KASHMIRI MIX,kashmiri-mix,0.0,0.0,,False,DKK,kr.,True,Snack & savories,Snack & savories,https://www.sabziwala.dk/wp-content/uploads/2022/01/582d265c-0697-4c5d-9840-0ce9067778f5-e1642180091159.jpg,https://www.sabziwala.dk/wp-content/uploads/2022/01/582d265c-0697-4c5d-9840-0ce9067778f5-e1642180091159.jpg,,0.0,0,https://www.sabziwala.dk/product/kashmiri-mix/,,
9665,KARACHI MIX,karachi-mix,20.0,20.0,,False,DKK,kr.,True,Snack & savories,Snack & savories,https://www.sabziwala.dk/wp-content/uploads/2022/01/c5a4d7e7-f97d-40a5-acdb-48a2810f46db-e1642179952889.jpg,https://www.sabziwala.dk/wp-content/uploads/2022/01/c5a4d7e7-f97d-40a5-acdb-48a2810f46db-e1642179952889.jpg,,0.0,0,https://www.sabziwala.dk/product/karachi-mix/,,
9663,Dal Moong,dal-moong,20.0,20.0,,False,DKK,kr.,False,Snack & savories,Snack & savories,https://www.sabziwala.dk/wp-content/uploads/2022/01/5cedafcd-75b6-4c43-955e-34a407799779-e1642179835432.jpg,https://www.sabziwala.dk/wp-content/uploads/2022/01/5cedafcd-75b6-4c43-955e-34a407799779-e1642179835432.jpg,,0.0,0,https://www.sabziwala.dk/product/dal-moong/,,
9661,MINI BHAKHAR BADI,mini-bhakhar-badi,20.0,20.0,,False,DKK,kr.,True,Haldiram's Snacks,Haldiram's Snacks,https://www.sabziwala.dk/wp-content/uploads/2022/01/8c86d9ee-0b18-4d18-b4fc-25470f81525d-e1642179715658.jpg,https://www.sabziwala.dk/wp-content/uploads/2022/01/8c86d9ee-0b18-4d18-b4fc-25470f81525d-e1642179715658.jpg,,0.0,0,https://www.sabziwala.dk/product/mini-bhakhar-badi/,,
9659,MASALA PAPRI,masala-papri,0.0,0.0,,False,DKK,kr.,True,Snack & savories,Snack & savories,https://www.sabziwala.dk/wp-content/uploads/2022/01/1d8200e1-5468-48c7-92d4-8b1415cb0c53-e1642179565568.jpg,https://www.sabziwala.dk/wp-content/uploads/2022/01/1d8200e1-5468-48c7-92d4-8b1415cb0c53-e1642179565568.jpg,,0.0,0,https://www.sabziwala.dk/product/masala-papri/,,
9657,PLAIN BOONDI,plain-boondi,20.0,20.0,,False,DKK,kr.,True,Snack & savories,Snack & savories,https://www.sabziwala.dk/wp-content/uploads/2022/01/df64ecb3-fee4-4ca0-9f3b-76096c8ea55a-e1642179428837.jpg,https://www.sabziwala.dk/wp-content/uploads/2022/01/df64ecb3-fee4-4ca0-9f3b-76096c8ea55a-e1642179428837.jpg,,0.0,0,https://www.sabziwala.dk/product/plain-boondi/,,
9655,SPECIAL MIX,special-mix,20.0,20.0,,False,DKK,kr.,True,Snack & savories,Snack & savories,https://www.sabziwala.dk/wp-content/uploads/2022/01/73afaa83-e7b1-4f3a-bf3a-a07ec759a071-e1642179293912.jpg,https://www.sabziwala.dk/wp-content/uploads/2022/01/73afaa83-e7b1-4f3a-bf3a-a07ec759a071-e1642179293912.jpg,,0.0,0,https://www.sabziwala.dk/product/special-mix/,,
9653,ROASTED CHANNA (HUSKLESS),roasted-channa-huskless,30.0,30.0,,False,DKK,kr.,True,Snack & savories,Snack & savories,https://www.sabziwala.dk/wp-content/uploads/2022/01/4ddaeebd-d35b-45e9-960e-3398bc843dfd-e1642179163487.jpg,https://www.sabziwala.dk/wp-content/uploads/2022/01/4ddaeebd-d35b-45e9-960e-3398bc843dfd-e1642179163487.jpg,,0.0,0,https://www.sabziwala.dk/product/roasted-channa-huskless/,,
9649,MAKHANA (SUGAR DELIGHT),makhana-sugar-delight,0.0,0.0,,False,DKK,kr.,True,Regal's Snacks,Regal's Snacks,https://www.sabziwala.dk/wp-content/uploads/2022/01/d06ee006-8e9d-43be-9a78-9a40fa0ef614-e1642178820563.jpg,https://www.sabziwala.dk/wp-content/uploads/2022/01/d06ee006-8e9d-43be-9a78-9a40fa0ef614-e1642178820563.jpg,,0.0,0,https://www.sabziwala.dk/product/makhana-sugar-delight/,,
9647,Roasted Chana With Husk – 500g,roasted-chana-with-husk,30.0,30.0,,False,DKK,kr.,True,Snack & savories,Snack & savories,https://www.sabziwala.dk/wp-content/uploads/2022/01/ef1dfadb-af99-4ba7-9bd8-f81b213f87cc-e1642178621460.jpg,https://www.sabziwala.dk/wp-content/uploads/2022/01/ef1dfadb-af99-4ba7-9bd8-f81b213f87cc-e1642178621460.jpg,,0.0,0,https://www.sabziwala.dk/product/roasted-chana-with-husk/,,
9645,KASHMIRI MIXTURE,kashmiri-mixture,0.0,0.0,,False,DKK,kr.,True,Haldiram's Snacks,Haldiram's Snacks,https://www.sabziwala.dk/wp-content/uploads/2022/01/f05df850-b485-4145-a5eb-5b44b1a320f1.jpg,https://www.sabziwala.dk/wp-content/uploads/2022/01/f05df850-b485-4145-a5eb-5b44b1a320f1.jpg,,0.0,0,https://www.sabziwala.dk/product/kashmiri-mixture/,,
9643,BHEL PURI,bhel-puri,20.0,20.0,,False,DKK,kr.,True,Haldiram's Snacks,Haldiram's Snacks,https://www.sabziwala.dk/wp-content/uploads/2022/01/7f0ba94a-0596-4ce5-b6dc-7e46c095ec38-e1642166160487.jpg,https://www.sabziwala.dk/wp-content/uploads/2022/01/7f0ba94a-0596-4ce5-b6dc-7e46c095ec38-e1642166160487.jpg,,0.0,0,https://www.sabziwala.dk/product/bhel-puri/,,
9641,KHATTA MEETHA,khatta-meetha,20.0,20.0,,False,DKK,kr.,True,Haldiram's Snacks,Haldiram's Snacks,https://www.sabziwala.dk/wp-content/uploads/2022/01/13685dc1-38b0-4525-8b52-94f914c2bda9-e1642166031825.jpg,https://www.sabziwala.dk/wp-content/uploads/2022/01/13685dc1-38b0-4525-8b52-94f914c2bda9-e1642166031825.jpg,,0.0,0,https://www.sabziwala.dk/product/khatta-meetha/,,
9639,BHUJIA,bhujia,20.0,20.0,,False,DKK,kr.,True,Haldiram's Snacks,Haldiram's Snacks,https://www.sabziwala.dk/wp-content/uploads/2022/01/e4758949-8a88-420e-adcf-26eca24cfe2e-e1642165844324.jpg,https://www.sabziwala.dk/wp-content/uploads/2022/01/e4758949-8a88-420e-adcf-26eca24cfe2e-e1642165844324.jpg,,0.0,0,https://www.sabziwala.dk/product/bhujia/,,
9637,MINT LACHHA,mint-lachha,20.0,20.0,,False,DKK,kr.,True,Haldiram's Snacks,Haldiram's Snacks,https://www.sabziwala.dk/wp-content/uploads/2022/01/f8810ad2-d156-43ec-903d-9b95600b2e56-e1642165689263.jpg,https://www.sabziwala.dk/wp-content/uploads/2022/01/f8810ad2-d156-43ec-903d-9b95600b2e56-e1642165689263.jpg,,0.0,0,https://www.sabziwala.dk/product/mint-lachha/,,
9635,GOLDEN MIXTURE,golden-mixture,20.0,20.0,,False,DKK,kr.,True,Haldiram's Snacks,Haldiram's Snacks,https://www.sabziwala.dk/wp-content/uploads/2022/01/0de92413-bd95-4cd5-978b-6de377b0c0d7-e1642165590158.jpg,https://www.sabziwala.dk/wp-content/uploads/2022/01/0de92413-bd95-4cd5-978b-6de377b0c0d7-e1642165590158.jpg,,0.0,0,https://www.sabziwala.dk/product/golden-mixture/,,
9633,ALOO BHUJIA,aloo-bhujia,20.0,20.0,,False,DKK,kr.,True,Haldiram's Snacks,Haldiram's Snacks,https://www.sabziwala.dk/wp-content/uploads/2022/01/49114829-0015-43e3-ae3a-450d8d28bbb9-e1642165479118.jpg,https://www.sabziwala.dk/wp-content/uploads/2022/01/49114829-0015-43e3-ae3a-450d8d28bbb9-e1642165479118.jpg,,0.0,0,https://www.sabziwala.dk/product/aloo-bhujia/,,
9631,MASALA MOONG DAL,masala-moong-dal,20.0,20.0,,False,DKK,kr.,True,Haldiram's Snacks,Haldiram's Snacks,https://www.sabziwala.dk/wp-content/uploads/2022/01/1293405b-6ac0-4c6c-bbe8-970b1e730846-e1642165362704.jpg,https://www.sabziwala.dk/wp-content/uploads/2022/01/1293405b-6ac0-4c6c-bbe8-970b1e730846-e1642165362704.jpg,,0.0,0,https://www.sabziwala.dk/product/masala-moong-dal/,,
9626,MATHRI,mathri,20.0,20.0,,False,DKK,kr.,True,Haldiram's Snacks,Haldiram's Snacks,https://www.sabziwala.dk/wp-content/uploads/2022/01/458d5e19-55ee-4258-a335-3394d1015e74-e1642165141175.jpg,https://www.sabziwala.dk/wp-content/uploads/2022/01/458d5e19-55ee-4258-a335-3394d1015e74-e1642165141175.jpg,,0.0,0,https://www.sabziwala.dk/product/mathri/,,
9624,Boondi Masala,boondi-masala,20.0,20.0,,False,DKK,kr.,True,Haldiram's Snacks,Haldiram's Snacks,https://www.sabziwala.dk/wp-content/uploads/2022/01/b1f43555-94b4-4236-9236-9b97916d0272-e1642164949611.jpg,https://www.sabziwala.dk/wp-content/uploads/2022/01/b1f43555-94b4-4236-9236-9b97916d0272-e1642164949611.jpg,,0.0,0,https://www.sabziwala.dk/product/boondi-masala/,,
9622,METHI SEV,methi-sev,0.0,0.0,,False,DKK,kr.,True,Haldiram's Snacks,Haldiram's Snacks,https://www.sabziwala.dk/wp-content/uploads/2022/01/f2a04197-c50e-43be-a06c-5bfc15e9a02b-e1642164823497.jpg,https://www.sabziwala.dk/wp-content/uploads/2022/01/f2a04197-c50e-43be-a06c-5bfc15e9a02b-e1642164823497.jpg,,0.0,0,https://www.sabziwala.dk/product/methi-sev/,,
9620,LONG SEV,long-sev,20.0,20.0,,False,DKK,kr.,True,Haldiram's Snacks,Haldiram's Snacks,https://www.sabziwala.dk/wp-content/uploads/2022/01/f3fabbae-0662-48f7-85ee-ceffe85dbc31-e1642164727410.jpg,https://www.sabziwala.dk/wp-content/uploads/2022/01/f3fabbae-0662-48f7-85ee-ceffe85dbc31-e1642164727410.jpg,,0.0,0,https://www.sabziwala.dk/product/long-sev/,,
9618,BALTI MIXTURE,balti-mixture,0.0,0.0,,False,DKK,kr.,True,Haldiram's Snacks,Haldiram's Snacks,https://www.sabziwala.dk/wp-content/uploads/2022/01/21e17a21-f777-48c9-a39b-56c08e17192f-e1642164579473.jpg,https://www.sabziwala.dk/wp-content/uploads/2022/01/21e17a21-f777-48c9-a39b-56c08e17192f-e1642164579473.jpg,,0.0,0,https://www.sabziwala.dk/product/balti-mixture/,,
9616,MURUKKU,murukku,0.0,0.0,,False,DKK,kr.,True,Haldiram's Snacks,Haldiram's Snacks,https://www.sabziwala.dk/wp-content/uploads/2022/01/e3f1d131-fd0f-45f2-ab55-aa227a307dec-e1642164458250.jpg,https://www.sabziwala.dk/wp-content/uploads/2022/01/e3f1d131-fd0f-45f2-ab55-aa227a307dec-e1642164458250.jpg,,0.0,0,https://www.sabziwala.dk/product/murukku/,,
9614,KACHORI,kachori,20.0,20.0,,False,DKK,kr.,True,Haldiram's Snacks,Haldiram's Snacks,https://www.sabziwala.dk/wp-content/uploads/2022/01/4b7e6766-b2ff-44ec-8228-04ce0b9efc32-e1642164361709.jpg,https://www.sabziwala.dk/wp-content/uploads/2022/01/4b7e6766-b2ff-44ec-8228-04ce0b9efc32-e1642164361709.jpg,,0.0,0,https://www.sabziwala.dk/product/kachori/,,
9612,SAMOSA,samosa,20.0,20.0,,False,DKK,kr.,True,Haldiram's Snacks,Haldiram's Snacks,https://www.sabziwala.dk/wp-content/uploads/2022/01/7e2e114c-5f52-4bb0-8130-76862dc4156b-e1642164218940.jpg,https://www.sabziwala.dk/wp-content/uploads/2022/01/7e2e114c-5f52-4bb0-8130-76862dc4156b-e1642164218940.jpg,,0.0,0,https://www.sabziwala.dk/product/samosa/,,
9610,CHAKOLI,chakoli,18.0,18.0,,False,DKK,kr.,True,Haldiram's Snacks,Haldiram's Snacks,https://www.sabziwala.dk/wp-content/uploads/2022/01/ff03b8f3-35d9-4d9f-bdd3-ec9b521556ed-e1642164112752.jpg,https://www.sabziwala.dk/wp-content/uploads/2022/01/ff03b8f3-35d9-4d9f-bdd3-ec9b521556ed-e1642164112752.jpg,,0.0,0,https://www.sabziwala.dk/product/chakoli/,,
9608,KODUBALE,kodubale,20.0,20.0,,False,DKK,kr.,True,Haldiram's Snacks,Haldiram's Snacks,https://www.sabziwala.dk/wp-content/uploads/2022/01/b5a5857e-14ab-40fd-af36-447ea85a263a-e1642163959772.jpg,https://www.sabziwala.dk/wp-content/uploads/2022/01/b5a5857e-14ab-40fd-af36-447ea85a263a-e1642163959772.jpg,,0.0,0,https://www.sabziwala.dk/product/kodubale/,,
9606,SWEET CANDY,sweet-candy,23.0,23.0,,False,DKK,kr.,True,KCB Snacks,KCB Snacks,https://www.sabziwala.dk/wp-content/uploads/2022/01/02c92624-d8e0-495a-af79-54f2860f2214.jpg,https://www.sabziwala.dk/wp-content/uploads/2022/01/02c92624-d8e0-495a-af79-54f2860f2214.jpg,,0.0,0,https://www.sabziwala.dk/product/sweet-candy/,,
9604,Spicy Chick Peas 450g,spicy-chick-peas,23.0,23.0,,False,DKK,kr.,True,KCB Snacks,KCB Snacks,https://www.sabziwala.dk/wp-content/uploads/2022/01/ca1a25e1-2467-4415-a883-eb0054d23e65-e1642163358729.jpg,https://www.sabziwala.dk/wp-content/uploads/2022/01/ca1a25e1-2467-4415-a883-eb0054d23e65-e1642163358729.jpg,,0.0,0,https://www.sabziwala.dk/product/spicy-chick-peas/,,
9602,Cornflake Mix 450g,cornflake-mix,23.0,23.0,,False,DKK,kr.,True,KCB Snacks,KCB Snacks,https://www.sabziwala.dk/wp-content/uploads/2022/01/441efc0f-8ece-478b-b5eb-a974ed28d4bf-e1642163251497.jpg,https://www.sabziwala.dk/wp-content/uploads/2022/01/441efc0f-8ece-478b-b5eb-a974ed28d4bf-e1642163251497.jpg,,0.0,0,https://www.sabziwala.dk/product/cornflake-mix/,,
9600,Krachi Krunch 450g,krachi-krunch,23.0,23.0,,False,DKK,kr.,True,KCB Snacks,KCB Snacks,https://www.sabziwala.dk/wp-content/uploads/2022/01/26e18e30-4185-4dfa-9d17-49fd3603d640-e1642163118125.jpg,https://www.sabziwala.dk/wp-content/uploads/2022/01/26e18e30-4185-4dfa-9d17-49fd3603d640-e1642163118125.jpg,,0.0,0,https://www.sabziwala.dk/product/krachi-krunch/,,
9598,Exotic Mix 450g,exotic-mix,23.0,23.0,,False,DKK,kr.,True,KCB Snacks,KCB Snacks,https://www.sabziwala.dk/wp-content/uploads/2022/01/03bcfe97-5225-4f37-92e5-b637f2a5523f-e1642162978950.jpg,https://www.sabziwala.dk/wp-content/uploads/2022/01/03bcfe97-5225-4f37-92e5-b637f2a5523f-e1642162978950.jpg,,0.0,0,https://www.sabziwala.dk/product/exotic-mix/,,
9596,Gathia Mix 450g,gathia-mix,23.0,23.0,,False,DKK,kr.,True,KCB Snacks,KCB Snacks,https://www.sabziwala.dk/wp-content/uploads/2022/01/12b0a033-bc4a-4548-9b00-b4191c0e5b9a-e1642162866734.jpg,https://www.sabziwala.dk/wp-content/uploads/2022/01/12b0a033-bc4a-4548-9b00-b4191c0e5b9a-e1642162866734.jpg,,0.0,0,https://www.sabziwala.dk/product/gathia-mix/,,
9593,Punjabi Mix 450g,punjabi-mix,23.0,23.0,,False,DKK,kr.,True,KCB Snacks,KCB Snacks,https://www.sabziwala.dk/wp-content/uploads/2022/01/e30a5575-b053-4f8d-bb69-18f0ec7c0eca.jpg,https://www.sabziwala.dk/wp-content/uploads/2022/01/e30a5575-b053-4f8d-bb69-18f0ec7c0eca.jpg,,0.0,0,https://www.sabziwala.dk/product/punjabi-mix/,,
9591,Chin Chin Mix 450g,chin-chin-mix,20.0,20.0,,False,DKK,kr.,True,KCB Snacks,KCB Snacks,https://www.sabziwala.dk/wp-content/uploads/2022/01/b794dd93-4a11-4b84-8e47-2dfb63361659.jpg,https://www.sabziwala.dk/wp-content/uploads/2022/01/b794dd93-4a11-4b84-8e47-2dfb63361659.jpg,,0.0,0,https://www.sabziwala.dk/product/chin-chin-mix/,,
9589,Farrari Mix 450g,farrari-mix,23.0,23.0,,False,DKK,kr.,True,KCB Snacks,KCB Snacks,https://www.sabziwala.dk/wp-content/uploads/2022/01/822dc8eb-f6df-49d9-9405-adba139869a9.jpg,https://www.sabziwala.dk/wp-content/uploads/2022/01/822dc8eb-f6df-49d9-9405-adba139869a9.jpg,,0.0,0,https://www.sabziwala.dk/product/farrari-mix/,,
9587,Dall Chana 450g,dall-chana,23.0,23.0,,False,DKK,kr.,True,KCB Snacks,KCB Snacks,https://www.sabziwala.dk/wp-content/uploads/2022/01/705aa77e-ec62-451a-bf12-9c40f5932505.jpg,https://www.sabziwala.dk/wp-content/uploads/2022/01/705aa77e-ec62-451a-bf12-9c40f5932505.jpg,,0.0,0,https://www.sabziwala.dk/product/dall-chana/,,
9585,Hot Bombay Mix 450g,hot-bombay,23.0,23.0,,False,DKK,kr.,True,KCB Snacks,KCB Snacks,https://www.sabziwala.dk/wp-content/uploads/2022/01/76a1d59a-dc57-472d-a7f9-0e154d00ba4a-e1642161101438.jpg,https://www.sabziwala.dk/wp-content/uploads/2022/01/76a1d59a-dc57-472d-a7f9-0e154d00ba4a-e1642161101438.jpg,,0.0,0,https://www.sabziwala.dk/product/hot-bombay/,,
9583,Chewra Mix 450g,chewra-mix,23.0,23.0,,False,DKK,kr.,True,KCB Snacks,KCB Snacks,https://www.sabziwala.dk/wp-content/uploads/2022/01/dd9ebf58-c4b2-41b9-8df1-8be15ea38d3c-e1642160805987.jpg,https://www.sabziwala.dk/wp-content/uploads/2022/01/dd9ebf58-c4b2-41b9-8df1-8be15ea38d3c-e1642160805987.jpg,,0.0,0,https://www.sabziwala.dk/product/chewra-mix/,,
9581,Kashmir Mix 450g,kashmir-mix,23.0,23.0,,False,DKK,kr.,True,KCB Snacks,KCB Snacks,https://www.sabziwala.dk/wp-content/uploads/2022/01/034e988a-9318-422b-8694-bad7ed18ca3d-e1642160611849.jpg,https://www.sabziwala.dk/wp-content/uploads/2022/01/034e988a-9318-422b-8694-bad7ed18ca3d-e1642160611849.jpg,,0.0,0,https://www.sabziwala.dk/product/kashmir-mix/,,
9571,Boondi 450g,boondi,23.0,23.0,,False,DKK,kr.,True,KCB Snacks,KCB Snacks,https://www.sabziwala.dk/wp-content/uploads/2022/01/213e445c-46af-49c2-98bb-1a6d00b1a30d-1.jpg,https://www.sabziwala.dk/wp-content/uploads/2022/01/213e445c-46af-49c2-98bb-1a6d00b1a30d-1.jpg,,0.0,0,https://www.sabziwala.dk/product/boondi/,,
9463,Gulab Jaman,gulab-jaman,140.0,140.0,,False,DKK,kr.,True,Mithai Sweets & Mouth Freshner,Mithai Sweets & Mouth Freshner,https://www.sabziwala.dk/wp-content/uploads/2021/12/g.jpeg,https://www.sabziwala.dk/wp-content/uploads/2021/12/g.jpeg,,0.0,0,https://www.sabziwala.dk/product/gulab-jaman/,,120 kr – 1 Kg
9462,Jalebi,jalebi-2,125.0,125.0,,False,DKK,kr.,True,Mithai Sweets & Mouth Freshner,Mithai Sweets & Mouth Freshner,https://www.sabziwala.dk/wp-content/uploads/2021/12/j-removebg-preview.png,https://www.sabziwala.dk/wp-content/uploads/2021/12/j-removebg-preview.png,,0.0,0,https://www.sabziwala.dk/product/jalebi-2/,,110 Kr – 1 kg
9458,Nimak Parha,jalebi,125.0,125.0,,False,DKK,kr.,True,Mithai Sweets & Mouth Freshner,Mithai Sweets & Mouth Freshner,https://www.sabziwala.dk/wp-content/uploads/2021/12/n.png,https://www.sabziwala.dk/wp-content/uploads/2021/12/n.png,,0.0,0,https://www.sabziwala.dk/product/jalebi/,,110 Kr – 1 kg
9449,Chenab – Sella Rice – 5 Kg,1121-chenab-sella-rice-5-kg,120.0,120.0,,False,DKK,kr.,True,5kg Rice,5kg Rice; Rice,https://www.sabziwala.dk/wp-content/uploads/2021/12/WhatsApp_Image_2021-12-13_at_16.21.27__2_-removebg-preview.png,https://www.sabziwala.dk/wp-content/uploads/2021/12/WhatsApp_Image_2021-12-13_at_16.21.27__2_-removebg-preview.png,,0.0,0,https://www.sabziwala.dk/product/1121-chenab-sella-rice-5-kg/,,
9446,Mung Dal Washed 1Kg,mung-dal-washed-1-kg,38.0,38.0,,False,DKK,kr.,True,"Bean, Peas, Lentils and Daal","Bean, Peas, Lentils and Daal; Lentils and Daal",https://www.sabziwala.dk/wp-content/uploads/2021/12/Mung-Dal.png,https://www.sabziwala.dk/wp-content/uploads/2021/12/Mung-Dal.png,,0.0,0,https://www.sabziwala.dk/product/mung-dal-washed-1-kg/,"Mung dal refers to moong beans that have been skinned and split so that they’re flat, yellow, and quick-cooking. They’re relatively easy to digest. Mung dal is low in Saturated Fat and Sodium, and very low in Cholesterol. It is also a good source of Protein, Thiamin, Niacin, Vitamin B6, Pantothenic Acid, Iron, Magnesium, Phosphorus, and Potassium, and a very good source of Dietary Fiber, Vitamin C, Vitamin K, Riboflavin, Folate, Copper, and Manganese. Mung beans can be eaten both cooked and raw. It is a great addition to salads, soups, and main dishes as vegetable and meat. Mung beans are removed from the body all the toxins and improve the functioning of the liver. It contains large amounts of easily digestible protein and vitamins A, B, C, and E, as well as mineral salts. Mung bean lowers cholesterol also contains large quantities of antioxidants, which prevent heart disease. Energy value [kJ] 1452 kJ Value Energy [kcal] 347 kcal water 9g ash 3.3g Total protein 23.9g Animal protein 0g Vegetable protein 23.9g cholesterol 0mg Total carbohydrates 62.6g sucrose 6.6g Preparation Instructions: Mung dal is very soft in nature so pre-soaking is not required. Generally, one cup of dried yellow Mung dal will inflate to 3 cups of yellow Mung dal (For making delicious South Indian Recipes such as Dosa and Vada grind this soaked yellow mung dal in a grinder and make a paste ). Place this Yellow Mung dal in a closed pan or pressure cooker and add 5 cups of water and heat it on high flame for 5-7 minutes. Now cooked yellow Mung dal is ready to prepare desired varieties of spicy curry or Tarka dal.","Desi dal , high Quality."
9444,Urad Dal (Sabut Mash) 1 Kg,urad-dal-sabut-mash-1-kg,33.0,33.0,,False,DKK,kr.,True,Beans,Beans,https://www.sabziwala.dk/wp-content/uploads/2021/12/Urad-Dal-Sabut-Mash-.png,https://www.sabziwala.dk/wp-content/uploads/2021/12/Urad-Dal-Sabut-Mash-.png,,0.0,0,https://www.sabziwala.dk/product/urad-dal-sabut-mash-1-kg/,,"Desi dal , high Quality."
9442,Red Split Lentils 1 Kg,9442,35.0,35.0,,False,DKK,kr.,True,"Bean, Peas, Lentils and Daal","Bean, Peas, Lentils and Daal; Lentils and Daal",https://www.sabziwala.dk/wp-content/uploads/2021/12/Masoor-Dal.png,https://www.sabziwala.dk/wp-content/uploads/2021/12/Masoor-Dal.png,,0.0,0,https://www.sabziwala.dk/product/9442/,,"Masoor Dal Pure Desi dal , High Quality."
9333,Pops,pops,4.0,4.0,,False,DKK,kr.,False,Child Hood,Child Hood,https://www.sabziwala.dk/wp-content/uploads/2021/12/pops.jpg,https://www.sabziwala.dk/wp-content/uploads/2021/12/pops.jpg,,0.0,0,https://www.sabziwala.dk/product/pops/,,
8386,Custard Powder (Mango Flavour) 250g,jaaza-mango-custard-powder,15.0,15.0,,False,DKK,kr.,False,Desserts & Sweets,Desserts & Sweets,https://www.sabziwala.dk/wp-content/uploads/2021/11/jaaza-Mango-Custard-Powder.jpg,https://www.sabziwala.dk/wp-content/uploads/2021/11/jaaza-Mango-Custard-Powder.jpg,,0.0,0,https://www.sabziwala.dk/product/jaaza-mango-custard-powder/,,Jaaza
8382,Haldiram’s Paneer Makhni,haldirams-paneer-makhni,24.99,24.99,,False,DKK,kr.,True,Ready to Eat,Ready to Eat,https://www.sabziwala.dk/wp-content/uploads/2021/11/Haldirams-Paneer-Makhni.jpg,https://www.sabziwala.dk/wp-content/uploads/2021/11/Haldirams-Paneer-Makhni.jpg,,0.0,0,https://www.sabziwala.dk/product/haldirams-paneer-makhni/,,
8378,Dabur Amla Hair Oil – 200ml,dabur-amla-hair-oil-200ml,35.0,35.0,,False,DKK,kr.,True,Beauty & Health,Beauty & Health,https://www.sabziwala.dk/wp-content/uploads/2021/11/Dabur-Amla-Hair-Oil-–-200ml.jpg,https://www.sabziwala.dk/wp-content/uploads/2021/11/Dabur-Amla-Hair-Oil-–-200ml.jpg,,0.0,0,https://www.sabziwala.dk/product/dabur-amla-hair-oil-200ml/,,
8374,Ambala Phenia – 24*200,ambala-phenia-24200,20.0,20.0,,False,DKK,kr.,True,Others,Others; Snack & savories,https://www.sabziwala.dk/wp-content/uploads/2021/11/Ambala-Phenia-–-24200.png,https://www.sabziwala.dk/wp-content/uploads/2021/11/Ambala-Phenia-–-24200.png,,0.0,0,https://www.sabziwala.dk/product/ambala-phenia-24200/,,
8370,Dahi Vada 200 g,gits-dahi-vada-200-g,20.0,20.0,,False,DKK,kr.,True,Snack & savories,Snack & savories,https://www.sabziwala.dk/wp-content/uploads/2021/11/Gits-Dahi-Vada-–-200-g.png,https://www.sabziwala.dk/wp-content/uploads/2021/11/Gits-Dahi-Vada-–-200-g.png,,0.0,0,https://www.sabziwala.dk/product/gits-dahi-vada-200-g/,,
8368,Gur Revry 350g,gur-revry-290-g,35.0,35.0,,False,DKK,kr.,True,Regal's Snacks,Regal's Snacks,https://www.sabziwala.dk/wp-content/uploads/2021/11/gur_revry__jar_.jpg.mst_-scaled.webp,https://www.sabziwala.dk/wp-content/uploads/2021/11/gur_revry__jar_.jpg.mst_-scaled.webp,,0.0,0,https://www.sabziwala.dk/product/gur-revry-290-g/,,
8366,Pakorian 250 g,regal-pakorian-250-g,23.0,23.0,,False,DKK,kr.,True,Regal's Snacks,Regal's Snacks; Snack & savories,https://www.sabziwala.dk/wp-content/uploads/2021/11/Regal-Pakorian-–-250-g.jpg,https://www.sabziwala.dk/wp-content/uploads/2021/11/Regal-Pakorian-–-250-g.jpg,,0.0,0,https://www.sabziwala.dk/product/regal-pakorian-250-g/,,
8363,Chat Papdi – 130g,chat-papdi-130g,25.0,25.0,,False,DKK,kr.,True,Haldiram's Snacks,Haldiram's Snacks; Snack & savories,https://www.sabziwala.dk/wp-content/uploads/2021/11/Haldirams-Chat-Papdi-–-130g.jpg,https://www.sabziwala.dk/wp-content/uploads/2021/11/Haldirams-Chat-Papdi-–-130g.jpg,,0.0,0,https://www.sabziwala.dk/product/chat-papdi-130g/,,
8361,Rooh Afza – 800 ml,rooh-afza-800-ml,40.0,40.0,,False,DKK,kr.,True,Juice & Water,Juice & Water,https://www.sabziwala.dk/wp-content/uploads/2021/11/Rooh-Afza-–-800-ml.png,https://www.sabziwala.dk/wp-content/uploads/2021/11/Rooh-Afza-–-800-ml.png,,0.0,0,https://www.sabziwala.dk/product/rooh-afza-800-ml/,,
8359,Royal Kashmiri Pink Chai with Sugar,royal-kashmiri-pink-chai-with-sugar,48.0,48.0,,False,DKK,kr.,True,Tea & Coffe,Tea & Coffe,https://www.sabziwala.dk/wp-content/uploads/2021/11/Royal-Kashmiri-Pink-Chai-with-Sugar.jpg,https://www.sabziwala.dk/wp-content/uploads/2021/11/Royal-Kashmiri-Pink-Chai-with-Sugar.jpg,,0.0,0,https://www.sabziwala.dk/product/royal-kashmiri-pink-chai-with-sugar/,,
8343,Maggi Hot & Sweet Sauce 340g,shan-garlic-paste-310-g,29.99,29.99,,False,DKK,kr.,True,"Pickle, Paste and Sauce","Pickle, Paste and Sauce; Sauce",https://www.sabziwala.dk/wp-content/uploads/2021/11/Maggi-Hot-Sweet-Sauce-340g.jpg,https://www.sabziwala.dk/wp-content/uploads/2021/11/Maggi-Hot-Sweet-Sauce-340g.jpg,,0.0,0,https://www.sabziwala.dk/product/shan-garlic-paste-310-g/,,
8339,Chilli Pickle 1Kg,shan-chilli-pickle-1-kg,50.0,50.0,,False,DKK,kr.,False,Pickle,Pickle,https://www.sabziwala.dk/wp-content/uploads/2021/11/oie_z0fC3AhC3Brr_grande_0554bb1e-18a0-4159-8e4f-745a04d1d48a.png,https://www.sabziwala.dk/wp-content/uploads/2021/11/oie_z0fC3AhC3Brr_grande_0554bb1e-18a0-4159-8e4f-745a04d1d48a.png,,0.0,0,https://www.sabziwala.dk/product/shan-chilli-pickle-1-kg/,,
8336,Chana Masala – Laziza – (100G),chana-masala-laziza-100g,22.0,22.0,,False,DKK,kr.,True,Ready Masala,Ready Masala,https://www.sabziwala.dk/wp-content/uploads/2021/11/Chana-Masala-–-Laziza-–-100G.jpg,https://www.sabziwala.dk/wp-content/uploads/2021/11/Chana-Masala-–-Laziza-–-100G.jpg,,0.0,0,https://www.sabziwala.dk/product/chana-masala-laziza-100g/,,"This is super taste masala flavour of chick pea (chana masala) curry. The core value of convenience food industries laziza is to fulfill the desire of our customers through uniformity of quality, selecting choicest ingredients, maintaining extraordinary hygienic standards, online monitoring of the production process and automation."
8334,Bihari Kabab (50G) – National,bihari-kabab-50g-national,15.0,15.0,,False,DKK,kr.,True,Ready Masala,Ready Masala,https://www.sabziwala.dk/wp-content/uploads/2021/11/Bihari-Kabab-50G-–-National.jpg,https://www.sabziwala.dk/wp-content/uploads/2021/11/Bihari-Kabab-50G-–-National.jpg,,0.0,0,https://www.sabziwala.dk/product/bihari-kabab-50g-national/,,
8332,Shahi Haleem Mix 300g,shan-shahi-haleem-mix-300g,30.0,30.0,,False,DKK,kr.,True,Ready Masala,Ready Masala,https://www.sabziwala.dk/wp-content/uploads/2021/11/Shan-Shahi-Haleem-Mix-300g.jpg,https://www.sabziwala.dk/wp-content/uploads/2021/11/Shan-Shahi-Haleem-Mix-300g.jpg,,0.0,0,https://www.sabziwala.dk/product/shan-shahi-haleem-mix-300g/,,
8328,Green Raisins (Kishmish) 250 g,trs-green-raisins-kishmish-250-g,35.0,35.0,,False,DKK,kr.,True,Herbs and Spices,Herbs and Spices,https://www.sabziwala.dk/wp-content/uploads/2021/11/Trs-Green-Raisins-kishmish-–-250-g.jpg,https://www.sabziwala.dk/wp-content/uploads/2021/11/Trs-Green-Raisins-kishmish-–-250-g.jpg,,0.0,0,https://www.sabziwala.dk/product/trs-green-raisins-kishmish-250-g/,,
8321,Brown Chick Peas 1 Kg,brown-chick-peas-1-kg,33.0,33.0,,False,DKK,kr.,True,"Bean, Peas, Lentils and Daal","Bean, Peas, Lentils and Daal; Peas",https://www.sabziwala.dk/wp-content/uploads/2021/11/Brown-Chick-Peas-–-1-Kg.png,https://www.sabziwala.dk/wp-content/uploads/2021/11/Brown-Chick-Peas-–-1-Kg.png,,0.0,0,https://www.sabziwala.dk/product/brown-chick-peas-1-kg/,,Kala Chana
8239,Basmati Extreme Rice 20 kg,basmati-extreme-rice-20-kg,450.0,450.0,,False,DKK,kr.,False,Rice,Rice,https://www.sabziwala.dk/wp-content/uploads/2021/11/Falak-20-kg-Rice-Pack.jpg,https://www.sabziwala.dk/wp-content/uploads/2021/11/Falak-20-kg-Rice-Pack.jpg,,0.0,0,https://www.sabziwala.dk/product/basmati-extreme-rice-20-kg/,,"FALAK Extreme Basmati is a long grain aromatic rice. It is characterized by extra-long, slender grains that elongate at least twice their original size with a soft and fluffy texture upon cooking, delicious taste, superior aroma and distinct flavour. Falak Extreme Basmati rice is unique amongst other aromatic long grain rice varieties as it is selected for its grain length and taste."
8223,Cola Bottles – Jelly,cola-bottles-jelly-2,14.0,14.0,,False,DKK,kr.,True,Jelly,Jelly,https://www.sabziwala.dk/wp-content/uploads/2021/11/Cola-Bottles-–-Jelly.jpg,https://www.sabziwala.dk/wp-content/uploads/2021/11/Cola-Bottles-–-Jelly.jpg,,0.0,0,https://www.sabziwala.dk/product/cola-bottles-jelly-2/,,"A soft and scrumptious Cola flavoured jelly bottle lacquered with a thin layer of sugar oil. Chewy and plump, with a mouth watering tang, they’re perfect if you want the cola flavour without the fizz."
8234,Kalra Chakki Atta 10Kg,kalra-chakki-atta,135.0,135.0,,False,DKK,kr.,False,Atta,Atta; Atta and other flour,https://www.sabziwala.dk/wp-content/uploads/2021/11/Kalra-chakki-atta.jpg,https://www.sabziwala.dk/wp-content/uploads/2021/11/Kalra-chakki-atta.jpg,,0.0,0,https://www.sabziwala.dk/product/kalra-chakki-atta/,,"Elephant Atta Chakki Gold Flour makes our lightest, softest and fluffiest chapattis. We use 100% whole wheat flour that is stoneground in traditional Indian Stone Chakki mills to create a flour with very fine grains. Reducing the consumption of saturated fat contributes to the maintenance of normal blood cholesterol levels. Heart UK Approved, 50 years of natural goodness, 100% stoneground whole wheat atta, Our lightest, fluffiest chapattis yet, Naturally high in fibre, low in saturated fat and sugar, Suitable for vegetarians"
8230,Karachi Halwa,karachi-halwa,13.99,13.99,,False,DKK,kr.,True,Mithai Sweets & Mouth Freshner,Mithai Sweets & Mouth Freshner,https://www.sabziwala.dk/wp-content/uploads/2021/11/Karachi-Halwa.jpg,https://www.sabziwala.dk/wp-content/uploads/2021/11/Karachi-Halwa.jpg,,0.0,0,https://www.sabziwala.dk/product/karachi-halwa/,,
8226,Aggarbatti insence Sticks,aggarbatti-insence-sticks,15.0,15.0,,False,DKK,kr.,True,Aggarbati & Colour,Aggarbati & Colour,https://www.sabziwala.dk/wp-content/uploads/2022/03/30968-scaled.jpg,https://www.sabziwala.dk/wp-content/uploads/2022/03/30968-scaled.jpg,,0.0,0,https://www.sabziwala.dk/product/aggarbatti-insence-sticks/,,Two In One
8221,Almond Cake Rusk (12pcs),regal-almond-cake-rusk-12pcs,40.0,40.0,,False,DKK,kr.,False,Cake Rusk & Cookies,Cake Rusk & Cookies,https://www.sabziwala.dk/wp-content/uploads/2021/11/Bakery.jpeg,https://www.sabziwala.dk/wp-content/uploads/2021/11/Bakery.jpeg,,0.0,0,https://www.sabziwala.dk/product/regal-almond-cake-rusk-12pcs/,,
8209,Karela 500g,karela,37.5,37.5,,False,DKK,kr.,True,Vegetables,Vegetables,https://www.sabziwala.dk/wp-content/uploads/2021/11/Pakistani-karela.png,https://www.sabziwala.dk/wp-content/uploads/2021/11/Pakistani-karela.png,,0.0,0,https://www.sabziwala.dk/product/karela/,,"Bitter gourd (balsam pear/ bitter melon) is a young, tender, edible fruit-pod in the Momordica genus of climbing vines. Although its bitter taste might turn some people away, nonetheless, it truely can sweeten your health through virtue of its disease preventing and health promoting phytochemical compounds. Botanically, balsam pears belong to the Cucurbitaceae family, in the genus; Momordica, and are member of the same family as squash, watermelon, cantaloupes, cucumber, etc, belongs to. Bitter melon is one of traditional edible pod vegetables in many Asian countries. It is grown widely as a field crop as well as backyard vegetable and, in fact, is among the most bitter tasting of all culinary vegetables."
8207,Lamba Began 500g,lamba-bengan,20.0,20.0,,False,DKK,kr.,True,Vegetables,Vegetables,https://www.sabziwala.dk/wp-content/uploads/2021/11/bengan.png,https://www.sabziwala.dk/wp-content/uploads/2021/11/bengan.png,,0.0,0,https://www.sabziwala.dk/product/lamba-bengan/,,"Eggplant or Brinjal is a very low-calorie vegetable. Nonetheless, it packed with healthy nutrition profile; good news for weight watchers! The veggie is popularly known as aubergine in the western world. Botanically, aubergine belongs to the Solanaceae family of vegetables. It is a perennial plant native to the Indian subcontinent and grown in many tropical and semitropical regions as a popular vegetable all around the year."
8186,Shalgum 1 Kg,pakistani-shalgum,40.0,40.0,,False,DKK,kr.,True,Vegetables,Vegetables,https://www.sabziwala.dk/wp-content/uploads/2021/11/shalgum.jpg,https://www.sabziwala.dk/wp-content/uploads/2021/11/shalgum.jpg,,0.0,0,https://www.sabziwala.dk/product/pakistani-shalgum/,,
